Year,HA_position,A,C,D,E,F,G,H,I,K,L,M,N,Q,R,S,T,V,Y,B,J,P,W,X
1968,66,0.0,0.0,0.0,0.0,0.0,0.0,0.0,0.0,100.0,0.0,0.0,0.0,0.0,0.0,0.0,0.0,0.0,0.0,0.0,0.0,0.0,0.0,0.0
1968,69,0.0,0.0,0.0,0.0,0.0,0.0,0.0,0.0,0.0,0.0,0.0,100.0,0.0,0.0,0.0,0.0,0.0,0.0,0.0,0.0,0.0,0.0,0.0
1968,70,0.0,0.0,0.0,0.0,0.0,0.0,0.0,0.0,0.0,0.0,0.0,1.2345679012345678,0.0,0.0,98.76543209876543,0.0,0.0,0.0,0.0,0.0,0.0,0.0,0.0
1968,71,0.0,0.0,0.0,0.0,0.0,0.0,0.0,0.0,0.0,0.0,0.0,0.0,0.0,0.0,0.0,0.0,0.0,0.0,0.0,0.0,100.0,0.0,0.0
1968,73,0.0,0.0,0.0,0.0,0.0,0.0,0.0,0.0,0.0,0.0,0.0,0.0,100.0,0.0,0.0,0.0,0.0,0.0,0.0,0.0,0.0,0.0,0.0
1968,74,0.0,0.0,0.0,0.0,0.0,0.0,0.0,100.0,0.0,0.0,0.0,0.0,0.0,0.0,0.0,0.0,0.0,0.0,0.0,0.0,0.0,0.0,0.0
1968,75,0.0,0.0,0.0,0.0,0.0,0.0,0.0,0.0,0.0,100.0,0.0,0.0,0.0,0.0,0.0,0.0,0.0,0.0,0.0,0.0,0.0,0.0,0.0
1968,76,0.0,0.0,100.0,0.0,0.0,0.0,0.0,0.0,0.0,0.0,0.0,0.0,0.0,0.0,0.0,0.0,0.0,0.0,0.0,0.0,0.0,0.0,0.0
1968,78,0.0,0.0,0.0,0.0,0.0,100.0,0.0,0.0,0.0,0.0,0.0,0.0,0.0,0.0,0.0,0.0,0.0,0.0,0.0,0.0,0.0,0.0,0.0
1968,79,0.0,0.0,0.0,0.0,0.0,0.0,0.0,0.0,0.0,0.0,0.0,100.0,0.0,0.0,0.0,0.0,0.0,0.0,0.0,0.0,0.0,0.0,0.0
1968,94,0.0,0.0,0.0,0.0,0.0,100.0,0.0,0.0,0.0,0.0,0.0,0.0,0.0,0.0,0.0,0.0,0.0,0.0,0.0,0.0,0.0,0.0,0.0
1968,95,0.0,0.0,0.0,0.0,100.0,0.0,0.0,0.0,0.0,0.0,0.0,0.0,0.0,0.0,0.0,0.0,0.0,0.0,0.0,0.0,0.0,0.0,0.0
1968,98,0.0,0.0,0.0,0.0,0.0,0.0,0.0,0.0,100.0,0.0,0.0,0.0,0.0,0.0,0.0,0.0,0.0,0.0,0.0,0.0,0.0,0.0,0.0
1968,106,0.0,0.0,0.0,0.0,0.0,0.0,0.0,0.0,0.0,0.0,0.0,0.0,0.0,100.0,0.0,0.0,0.0,0.0,0.0,0.0,0.0,0.0,0.0
1968,108,0.0,0.0,0.0,0.0,0.0,1.2345679012345678,0.0,0.0,0.0,0.0,0.0,0.0,0.0,98.76543209876543,0.0,0.0,0.0,0.0,0.0,0.0,0.0,0.0,0.0
1968,289,0.0,0.0,0.0,0.0,0.0,0.0,0.0,0.0,0.0,0.0,0.0,0.0,0.0,0.0,0.0,0.0,0.0,0.0,0.0,0.0,100.0,0.0,0.0
1968,290,0.0,0.0,0.0,0.0,0.0,0.0,0.0,100.0,0.0,0.0,0.0,0.0,0.0,0.0,0.0,0.0,0.0,0.0,0.0,0.0,0.0,0.0,0.0
1968,291,0.0,0.0,0.0,0.0,0.0,100.0,0.0,0.0,0.0,0.0,0.0,0.0,0.0,0.0,0.0,0.0,0.0,0.0,0.0,0.0,0.0,0.0,0.0
1968,292,0.0,0.0,0.0,100.0,0.0,0.0,0.0,0.0,0.0,0.0,0.0,0.0,0.0,0.0,0.0,0.0,0.0,0.0,0.0,0.0,0.0,0.0,0.0
1968,293,0.0,100.0,0.0,0.0,0.0,0.0,0.0,0.0,0.0,0.0,0.0,0.0,0.0,0.0,0.0,0.0,0.0,0.0,0.0,0.0,0.0,0.0,0.0
1968,294,0.0,0.0,0.0,0.0,0.0,0.0,0.0,0.0,100.0,0.0,0.0,0.0,0.0,0.0,0.0,0.0,0.0,0.0,0.0,0.0,0.0,0.0,0.0
1969,66,0.0,0.0,0.0,0.0,0.0,0.0,0.0,0.0,100.0,0.0,0.0,0.0,0.0,0.0,0.0,0.0,0.0,0.0,0.0,0.0,0.0,0.0,0.0
1969,69,0.0,0.0,0.0,0.0,0.0,0.0,0.0,0.0,0.0,0.0,0.0,100.0,0.0,0.0,0.0,0.0,0.0,0.0,0.0,0.0,0.0,0.0,0.0
1969,70,0.0,0.0,0.0,0.0,0.0,0.0,0.0,0.0,0.0,0.0,0.0,0.0,0.0,0.0,100.0,0.0,0.0,0.0,0.0,0.0,0.0,0.0,0.0
1969,71,0.0,0.0,0.0,0.0,0.0,0.0,0.0,0.0,0.0,0.0,0.0,0.0,0.0,0.0,0.0,0.0,0.0,0.0,0.0,0.0,100.0,0.0,0.0
1969,73,0.0,0.0,0.0,0.0,0.0,0.0,0.0,0.0,0.0,0.0,0.0,0.0,100.0,0.0,0.0,0.0,0.0,0.0,0.0,0.0,0.0,0.0,0.0
1969,74,0.0,0.0,0.0,0.0,0.0,0.0,0.0,100.0,0.0,0.0,0.0,0.0,0.0,0.0,0.0,0.0,0.0,0.0,0.0,0.0,0.0,0.0,0.0
1969,75,0.0,0.0,0.0,0.0,0.0,0.0,0.0,0.0,0.0,100.0,0.0,0.0,0.0,0.0,0.0,0.0,0.0,0.0,0.0,0.0,0.0,0.0,0.0
1969,76,0.0,0.0,100.0,0.0,0.0,0.0,0.0,0.0,0.0,0.0,0.0,0.0,0.0,0.0,0.0,0.0,0.0,0.0,0.0,0.0,0.0,0.0,0.0
1969,78,0.0,0.0,0.0,0.0,0.0,100.0,0.0,0.0,0.0,0.0,0.0,0.0,0.0,0.0,0.0,0.0,0.0,0.0,0.0,0.0,0.0,0.0,0.0
1969,79,0.0,0.0,0.0,0.0,0.0,0.0,0.0,0.0,0.0,0.0,0.0,100.0,0.0,0.0,0.0,0.0,0.0,0.0,0.0,0.0,0.0,0.0,0.0
1969,94,0.0,0.0,0.0,0.0,0.0,100.0,0.0,0.0,0.0,0.0,0.0,0.0,0.0,0.0,0.0,0.0,0.0,0.0,0.0,0.0,0.0,0.0,0.0
1969,95,0.0,0.0,0.0,0.0,100.0,0.0,0.0,0.0,0.0,0.0,0.0,0.0,0.0,0.0,0.0,0.0,0.0,0.0,0.0,0.0,0.0,0.0,0.0
1969,98,0.0,0.0,0.0,0.0,0.0,0.0,0.0,0.0,100.0,0.0,0.0,0.0,0.0,0.0,0.0,0.0,0.0,0.0,0.0,0.0,0.0,0.0,0.0
1969,106,0.0,0.0,0.0,0.0,0.0,0.0,0.0,0.0,0.0,0.0,0.0,0.0,0.0,100.0,0.0,0.0,0.0,0.0,0.0,0.0,0.0,0.0,0.0
1969,108,0.0,0.0,0.0,0.0,0.0,0.0,0.0,0.0,0.0,0.0,0.0,0.0,0.0,100.0,0.0,0.0,0.0,0.0,0.0,0.0,0.0,0.0,0.0
1969,289,0.0,0.0,0.0,0.0,0.0,0.0,0.0,0.0,0.0,0.0,0.0,0.0,0.0,0.0,0.0,0.0,0.0,0.0,0.0,0.0,100.0,0.0,0.0
1969,290,0.0,0.0,0.0,0.0,0.0,0.0,0.0,100.0,0.0,0.0,0.0,0.0,0.0,0.0,0.0,0.0,0.0,0.0,0.0,0.0,0.0,0.0,0.0
1969,291,0.0,0.0,0.0,0.0,0.0,100.0,0.0,0.0,0.0,0.0,0.0,0.0,0.0,0.0,0.0,0.0,0.0,0.0,0.0,0.0,0.0,0.0,0.0
1969,292,0.0,0.0,0.0,100.0,0.0,0.0,0.0,0.0,0.0,0.0,0.0,0.0,0.0,0.0,0.0,0.0,0.0,0.0,0.0,0.0,0.0,0.0,0.0
1969,293,0.0,100.0,0.0,0.0,0.0,0.0,0.0,0.0,0.0,0.0,0.0,0.0,0.0,0.0,0.0,0.0,0.0,0.0,0.0,0.0,0.0,0.0,0.0
1969,294,0.0,0.0,0.0,0.0,0.0,0.0,0.0,0.0,100.0,0.0,0.0,0.0,0.0,0.0,0.0,0.0,0.0,0.0,0.0,0.0,0.0,0.0,0.0
1970,66,0.0,0.0,0.0,0.0,0.0,0.0,0.0,0.0,100.0,0.0,0.0,0.0,0.0,0.0,0.0,0.0,0.0,0.0,0.0,0.0,0.0,0.0,0.0
1970,69,0.0,0.0,0.0,0.0,0.0,0.0,0.0,0.0,0.0,0.0,0.0,100.0,0.0,0.0,0.0,0.0,0.0,0.0,0.0,0.0,0.0,0.0,0.0
1970,70,0.0,0.0,0.0,0.0,0.0,0.0,0.0,0.0,0.0,0.0,0.0,0.0,0.0,0.0,100.0,0.0,0.0,0.0,0.0,0.0,0.0,0.0,0.0
1970,71,0.0,0.0,0.0,0.0,0.0,0.0,0.0,0.0,0.0,0.0,0.0,0.0,0.0,0.0,0.0,0.0,0.0,0.0,0.0,0.0,100.0,0.0,0.0
1970,73,0.0,0.0,0.0,0.0,0.0,0.0,0.0,0.0,0.0,0.0,0.0,0.0,100.0,0.0,0.0,0.0,0.0,0.0,0.0,0.0,0.0,0.0,0.0
1970,74,0.0,0.0,0.0,0.0,0.0,0.0,0.0,100.0,0.0,0.0,0.0,0.0,0.0,0.0,0.0,0.0,0.0,0.0,0.0,0.0,0.0,0.0,0.0
1970,75,0.0,0.0,0.0,0.0,0.0,0.0,0.0,0.0,0.0,100.0,0.0,0.0,0.0,0.0,0.0,0.0,0.0,0.0,0.0,0.0,0.0,0.0,0.0
1970,76,0.0,0.0,100.0,0.0,0.0,0.0,0.0,0.0,0.0,0.0,0.0,0.0,0.0,0.0,0.0,0.0,0.0,0.0,0.0,0.0,0.0,0.0,0.0
1970,78,0.0,0.0,0.0,0.0,0.0,100.0,0.0,0.0,0.0,0.0,0.0,0.0,0.0,0.0,0.0,0.0,0.0,0.0,0.0,0.0,0.0,0.0,0.0
1970,79,0.0,0.0,0.0,0.0,0.0,0.0,0.0,0.0,0.0,0.0,0.0,100.0,0.0,0.0,0.0,0.0,0.0,0.0,0.0,0.0,0.0,0.0,0.0
1970,94,0.0,0.0,0.0,0.0,0.0,100.0,0.0,0.0,0.0,0.0,0.0,0.0,0.0,0.0,0.0,0.0,0.0,0.0,0.0,0.0,0.0,0.0,0.0
1970,95,0.0,0.0,0.0,0.0,100.0,0.0,0.0,0.0,0.0,0.0,0.0,0.0,0.0,0.0,0.0,0.0,0.0,0.0,0.0,0.0,0.0,0.0,0.0
1970,98,0.0,0.0,0.0,0.0,0.0,0.0,0.0,0.0,100.0,0.0,0.0,0.0,0.0,0.0,0.0,0.0,0.0,0.0,0.0,0.0,0.0,0.0,0.0
1970,106,0.0,0.0,0.0,0.0,0.0,0.0,0.0,0.0,0.0,0.0,0.0,0.0,0.0,100.0,0.0,0.0,0.0,0.0,0.0,0.0,0.0,0.0,0.0
1970,108,0.0,0.0,0.0,0.0,0.0,0.0,0.0,0.0,0.0,0.0,0.0,0.0,0.0,100.0,0.0,0.0,0.0,0.0,0.0,0.0,0.0,0.0,0.0
1970,289,0.0,0.0,0.0,0.0,0.0,0.0,0.0,0.0,0.0,0.0,0.0,0.0,0.0,0.0,0.0,0.0,0.0,0.0,0.0,0.0,100.0,0.0,0.0
1970,290,0.0,0.0,0.0,0.0,0.0,0.0,0.0,100.0,0.0,0.0,0.0,0.0,0.0,0.0,0.0,0.0,0.0,0.0,0.0,0.0,0.0,0.0,0.0
1970,291,0.0,0.0,0.0,0.0,0.0,100.0,0.0,0.0,0.0,0.0,0.0,0.0,0.0,0.0,0.0,0.0,0.0,0.0,0.0,0.0,0.0,0.0,0.0
1970,292,0.0,0.0,0.0,100.0,0.0,0.0,0.0,0.0,0.0,0.0,0.0,0.0,0.0,0.0,0.0,0.0,0.0,0.0,0.0,0.0,0.0,0.0,0.0
1970,293,0.0,100.0,0.0,0.0,0.0,0.0,0.0,0.0,0.0,0.0,0.0,0.0,0.0,0.0,0.0,0.0,0.0,0.0,0.0,0.0,0.0,0.0,0.0
1970,294,0.0,0.0,0.0,0.0,0.0,0.0,0.0,0.0,100.0,0.0,0.0,0.0,0.0,0.0,0.0,0.0,0.0,0.0,0.0,0.0,0.0,0.0,0.0
1971,66,0.0,0.0,0.0,0.0,0.0,0.0,0.0,0.0,100.0,0.0,0.0,0.0,0.0,0.0,0.0,0.0,0.0,0.0,0.0,0.0,0.0,0.0,0.0
1971,69,0.0,0.0,0.0,0.0,0.0,0.0,0.0,0.0,0.0,0.0,0.0,100.0,0.0,0.0,0.0,0.0,0.0,0.0,0.0,0.0,0.0,0.0,0.0
1971,70,0.0,0.0,0.0,0.0,0.0,0.0,0.0,0.0,0.0,0.0,0.0,0.0,0.0,0.0,100.0,0.0,0.0,0.0,0.0,0.0,0.0,0.0,0.0
1971,71,0.0,0.0,0.0,0.0,0.0,0.0,0.0,0.0,0.0,0.0,0.0,0.0,0.0,0.0,0.0,0.0,0.0,0.0,0.0,0.0,100.0,0.0,0.0
1971,73,0.0,0.0,0.0,0.0,0.0,0.0,0.0,0.0,0.0,0.0,0.0,0.0,100.0,0.0,0.0,0.0,0.0,0.0,0.0,0.0,0.0,0.0,0.0
1971,74,0.0,0.0,0.0,0.0,0.0,0.0,0.0,100.0,0.0,0.0,0.0,0.0,0.0,0.0,0.0,0.0,0.0,0.0,0.0,0.0,0.0,0.0,0.0
1971,75,0.0,0.0,0.0,0.0,0.0,0.0,0.0,0.0,0.0,100.0,0.0,0.0,0.0,0.0,0.0,0.0,0.0,0.0,0.0,0.0,0.0,0.0,0.0
1971,76,0.0,0.0,100.0,0.0,0.0,0.0,0.0,0.0,0.0,0.0,0.0,0.0,0.0,0.0,0.0,0.0,0.0,0.0,0.0,0.0,0.0,0.0,0.0
1971,78,0.0,0.0,0.0,0.0,0.0,100.0,0.0,0.0,0.0,0.0,0.0,0.0,0.0,0.0,0.0,0.0,0.0,0.0,0.0,0.0,0.0,0.0,0.0
1971,79,0.0,0.0,0.0,0.0,0.0,0.0,0.0,0.0,0.0,0.0,0.0,100.0,0.0,0.0,0.0,0.0,0.0,0.0,0.0,0.0,0.0,0.0,0.0
1971,94,0.0,0.0,0.0,0.0,0.0,100.0,0.0,0.0,0.0,0.0,0.0,0.0,0.0,0.0,0.0,0.0,0.0,0.0,0.0,0.0,0.0,0.0,0.0
1971,95,0.0,0.0,0.0,0.0,100.0,0.0,0.0,0.0,0.0,0.0,0.0,0.0,0.0,0.0,0.0,0.0,0.0,0.0,0.0,0.0,0.0,0.0,0.0
1971,98,0.0,0.0,0.0,0.0,0.0,0.0,0.0,0.0,100.0,0.0,0.0,0.0,0.0,0.0,0.0,0.0,0.0,0.0,0.0,0.0,0.0,0.0,0.0
1971,106,0.0,0.0,0.0,0.0,0.0,0.0,0.0,0.0,0.0,0.0,0.0,0.0,0.0,100.0,0.0,0.0,0.0,0.0,0.0,0.0,0.0,0.0,0.0
1971,108,0.0,0.0,0.0,0.0,0.0,0.0,0.0,0.0,0.0,0.0,0.0,0.0,0.0,100.0,0.0,0.0,0.0,0.0,0.0,0.0,0.0,0.0,0.0
1971,289,0.0,0.0,0.0,0.0,0.0,0.0,0.0,0.0,0.0,0.0,0.0,0.0,0.0,0.0,14.285714285714285,0.0,0.0,0.0,0.0,0.0,85.71428571428571,0.0,0.0
1971,290,0.0,0.0,0.0,0.0,0.0,0.0,0.0,100.0,0.0,0.0,0.0,0.0,0.0,0.0,0.0,0.0,0.0,0.0,0.0,0.0,0.0,0.0,0.0
1971,291,0.0,0.0,0.0,0.0,0.0,100.0,0.0,0.0,0.0,0.0,0.0,0.0,0.0,0.0,0.0,0.0,0.0,0.0,0.0,0.0,0.0,0.0,0.0
1971,292,0.0,0.0,0.0,100.0,0.0,0.0,0.0,0.0,0.0,0.0,0.0,0.0,0.0,0.0,0.0,0.0,0.0,0.0,0.0,0.0,0.0,0.0,0.0
1971,293,0.0,100.0,0.0,0.0,0.0,0.0,0.0,0.0,0.0,0.0,0.0,0.0,0.0,0.0,0.0,0.0,0.0,0.0,0.0,0.0,0.0,0.0,0.0
1971,294,0.0,0.0,0.0,0.0,0.0,0.0,0.0,0.0,100.0,0.0,0.0,0.0,0.0,0.0,0.0,0.0,0.0,0.0,0.0,0.0,0.0,0.0,0.0
1972,66,0.0,0.0,0.0,0.0,0.0,0.0,0.0,0.0,100.0,0.0,0.0,0.0,0.0,0.0,0.0,0.0,0.0,0.0,0.0,0.0,0.0,0.0,0.0
1972,69,0.0,0.0,0.0,0.0,0.0,0.0,0.0,0.0,0.0,0.0,0.0,100.0,0.0,0.0,0.0,0.0,0.0,0.0,0.0,0.0,0.0,0.0,0.0
1972,70,0.0,0.0,0.0,0.0,0.0,0.0,0.0,0.0,0.0,0.0,0.0,0.0,0.0,0.0,100.0,0.0,0.0,0.0,0.0,0.0,0.0,0.0,0.0
1972,71,0.0,0.0,0.0,0.0,0.0,0.0,0.0,0.0,0.0,0.0,0.0,0.0,0.0,0.0,0.0,0.0,0.0,0.0,0.0,0.0,100.0,0.0,0.0
1972,73,0.0,0.0,0.0,0.0,0.0,0.0,0.0,0.0,0.0,0.0,0.0,0.0,100.0,0.0,0.0,0.0,0.0,0.0,0.0,0.0,0.0,0.0,0.0
1972,74,0.0,0.0,0.0,0.0,0.0,0.0,0.0,100.0,0.0,0.0,0.0,0.0,0.0,0.0,0.0,0.0,0.0,0.0,0.0,0.0,0.0,0.0,0.0
1972,75,0.0,0.0,0.0,0.0,0.0,0.0,0.0,0.0,0.0,100.0,0.0,0.0,0.0,0.0,0.0,0.0,0.0,0.0,0.0,0.0,0.0,0.0,0.0
1972,76,0.0,0.0,100.0,0.0,0.0,0.0,0.0,0.0,0.0,0.0,0.0,0.0,0.0,0.0,0.0,0.0,0.0,0.0,0.0,0.0,0.0,0.0,0.0
1972,78,0.0,0.0,0.0,0.0,0.0,100.0,0.0,0.0,0.0,0.0,0.0,0.0,0.0,0.0,0.0,0.0,0.0,0.0,0.0,0.0,0.0,0.0,0.0
1972,79,0.0,0.0,0.0,0.0,0.0,0.0,0.0,0.0,0.0,0.0,0.0,100.0,0.0,0.0,0.0,0.0,0.0,0.0,0.0,0.0,0.0,0.0,0.0
1972,94,0.0,0.0,5.555555555555555,0.0,0.0,94.44444444444444,0.0,0.0,0.0,0.0,0.0,0.0,0.0,0.0,0.0,0.0,0.0,0.0,0.0,0.0,0.0,0.0,0.0
1972,95,0.0,0.0,0.0,0.0,100.0,0.0,0.0,0.0,0.0,0.0,0.0,0.0,0.0,0.0,0.0,0.0,0.0,0.0,0.0,0.0,0.0,0.0,0.0
1972,98,0.0,0.0,0.0,0.0,0.0,0.0,0.0,0.0,100.0,0.0,0.0,0.0,0.0,0.0,0.0,0.0,0.0,0.0,0.0,0.0,0.0,0.0,0.0
1972,106,0.0,0.0,0.0,0.0,0.0,0.0,0.0,0.0,0.0,0.0,0.0,0.0,0.0,100.0,0.0,0.0,0.0,0.0,0.0,0.0,0.0,0.0,0.0
1972,108,0.0,0.0,0.0,0.0,0.0,0.0,0.0,0.0,0.0,0.0,0.0,0.0,0.0,100.0,0.0,0.0,0.0,0.0,0.0,0.0,0.0,0.0,0.0
1972,289,0.0,0.0,0.0,0.0,0.0,0.0,0.0,0.0,0.0,0.0,0.0,0.0,0.0,0.0,0.0,0.0,0.0,0.0,0.0,0.0,100.0,0.0,0.0
1972,290,0.0,0.0,0.0,0.0,0.0,0.0,0.0,100.0,0.0,0.0,0.0,0.0,0.0,0.0,0.0,0.0,0.0,0.0,0.0,0.0,0.0,0.0,0.0
1972,291,0.0,0.0,0.0,0.0,0.0,100.0,0.0,0.0,0.0,0.0,0.0,0.0,0.0,0.0,0.0,0.0,0.0,0.0,0.0,0.0,0.0,0.0,0.0
1972,292,0.0,0.0,0.0,100.0,0.0,0.0,0.0,0.0,0.0,0.0,0.0,0.0,0.0,0.0,0.0,0.0,0.0,0.0,0.0,0.0,0.0,0.0,0.0
1972,293,0.0,100.0,0.0,0.0,0.0,0.0,0.0,0.0,0.0,0.0,0.0,0.0,0.0,0.0,0.0,0.0,0.0,0.0,0.0,0.0,0.0,0.0,0.0
1972,294,0.0,0.0,0.0,0.0,0.0,0.0,0.0,0.0,100.0,0.0,0.0,0.0,0.0,0.0,0.0,0.0,0.0,0.0,0.0,0.0,0.0,0.0,0.0
1973,66,0.0,0.0,0.0,0.0,0.0,0.0,0.0,0.0,100.0,0.0,0.0,0.0,0.0,0.0,0.0,0.0,0.0,0.0,0.0,0.0,0.0,0.0,0.0
1973,69,0.0,0.0,0.0,0.0,0.0,0.0,0.0,0.0,0.0,0.0,0.0,100.0,0.0,0.0,0.0,0.0,0.0,0.0,0.0,0.0,0.0,0.0,0.0
1973,70,0.0,0.0,0.0,0.0,0.0,0.0,0.0,0.0,0.0,0.0,0.0,0.0,0.0,0.0,100.0,0.0,0.0,0.0,0.0,0.0,0.0,0.0,0.0
1973,71,0.0,0.0,0.0,0.0,0.0,0.0,0.0,0.0,0.0,0.0,0.0,0.0,0.0,0.0,0.0,0.0,0.0,0.0,0.0,0.0,100.0,0.0,0.0
1973,73,0.0,0.0,0.0,0.0,0.0,0.0,0.0,0.0,0.0,0.0,0.0,0.0,100.0,0.0,0.0,0.0,0.0,0.0,0.0,0.0,0.0,0.0,0.0
1973,74,0.0,0.0,0.0,0.0,0.0,0.0,0.0,100.0,0.0,0.0,0.0,0.0,0.0,0.0,0.0,0.0,0.0,0.0,0.0,0.0,0.0,0.0,0.0
1973,75,0.0,0.0,0.0,0.0,0.0,0.0,0.0,0.0,0.0,100.0,0.0,0.0,0.0,0.0,0.0,0.0,0.0,0.0,0.0,0.0,0.0,0.0,0.0
1973,76,0.0,0.0,100.0,0.0,0.0,0.0,0.0,0.0,0.0,0.0,0.0,0.0,0.0,0.0,0.0,0.0,0.0,0.0,0.0,0.0,0.0,0.0,0.0
1973,78,0.0,0.0,0.0,0.0,0.0,100.0,0.0,0.0,0.0,0.0,0.0,0.0,0.0,0.0,0.0,0.0,0.0,0.0,0.0,0.0,0.0,0.0,0.0
1973,79,0.0,0.0,0.0,0.0,0.0,0.0,0.0,0.0,0.0,0.0,0.0,100.0,0.0,0.0,0.0,0.0,0.0,0.0,0.0,0.0,0.0,0.0,0.0
1973,94,0.0,0.0,0.0,0.0,0.0,100.0,0.0,0.0,0.0,0.0,0.0,0.0,0.0,0.0,0.0,0.0,0.0,0.0,0.0,0.0,0.0,0.0,0.0
1973,95,0.0,0.0,0.0,0.0,100.0,0.0,0.0,0.0,0.0,0.0,0.0,0.0,0.0,0.0,0.0,0.0,0.0,0.0,0.0,0.0,0.0,0.0,0.0
1973,98,0.0,0.0,0.0,0.0,0.0,0.0,0.0,0.0,100.0,0.0,0.0,0.0,0.0,0.0,0.0,0.0,0.0,0.0,0.0,0.0,0.0,0.0,0.0
1973,106,0.0,0.0,0.0,0.0,0.0,0.0,0.0,0.0,0.0,0.0,0.0,0.0,0.0,100.0,0.0,0.0,0.0,0.0,0.0,0.0,0.0,0.0,0.0
1973,108,0.0,0.0,0.0,0.0,0.0,0.0,0.0,0.0,0.0,0.0,0.0,0.0,0.0,100.0,0.0,0.0,0.0,0.0,0.0,0.0,0.0,0.0,0.0
1973,289,0.0,0.0,0.0,0.0,0.0,0.0,0.0,0.0,0.0,0.0,0.0,0.0,0.0,0.0,0.0,0.0,0.0,0.0,0.0,0.0,100.0,0.0,0.0
1973,290,0.0,0.0,0.0,0.0,0.0,0.0,0.0,100.0,0.0,0.0,0.0,0.0,0.0,0.0,0.0,0.0,0.0,0.0,0.0,0.0,0.0,0.0,0.0
1973,291,0.0,0.0,0.0,0.0,0.0,100.0,0.0,0.0,0.0,0.0,0.0,0.0,0.0,0.0,0.0,0.0,0.0,0.0,0.0,0.0,0.0,0.0,0.0
1973,292,0.0,0.0,0.0,100.0,0.0,0.0,0.0,0.0,0.0,0.0,0.0,0.0,0.0,0.0,0.0,0.0,0.0,0.0,0.0,0.0,0.0,0.0,0.0
1973,293,0.0,100.0,0.0,0.0,0.0,0.0,0.0,0.0,0.0,0.0,0.0,0.0,0.0,0.0,0.0,0.0,0.0,0.0,0.0,0.0,0.0,0.0,0.0
1973,294,0.0,0.0,0.0,0.0,0.0,0.0,0.0,0.0,100.0,0.0,0.0,0.0,0.0,0.0,0.0,0.0,0.0,0.0,0.0,0.0,0.0,0.0,0.0
1974,66,0.0,0.0,0.0,0.0,0.0,0.0,0.0,0.0,100.0,0.0,0.0,0.0,0.0,0.0,0.0,0.0,0.0,0.0,0.0,0.0,0.0,0.0,0.0
1974,69,0.0,0.0,0.0,0.0,0.0,0.0,0.0,0.0,0.0,0.0,0.0,100.0,0.0,0.0,0.0,0.0,0.0,0.0,0.0,0.0,0.0,0.0,0.0
1974,70,0.0,0.0,0.0,0.0,0.0,0.0,0.0,0.0,0.0,0.0,0.0,0.0,0.0,0.0,100.0,0.0,0.0,0.0,0.0,0.0,0.0,0.0,0.0
1974,71,0.0,0.0,0.0,0.0,0.0,0.0,0.0,0.0,0.0,0.0,0.0,0.0,0.0,0.0,0.0,0.0,0.0,0.0,0.0,0.0,100.0,0.0,0.0
1974,73,0.0,0.0,0.0,0.0,0.0,0.0,0.0,0.0,0.0,0.0,0.0,0.0,100.0,0.0,0.0,0.0,0.0,0.0,0.0,0.0,0.0,0.0,0.0
1974,74,0.0,0.0,0.0,0.0,0.0,0.0,0.0,100.0,0.0,0.0,0.0,0.0,0.0,0.0,0.0,0.0,0.0,0.0,0.0,0.0,0.0,0.0,0.0
1974,75,0.0,0.0,0.0,0.0,0.0,0.0,0.0,0.0,0.0,100.0,0.0,0.0,0.0,0.0,0.0,0.0,0.0,0.0,0.0,0.0,0.0,0.0,0.0
1974,76,0.0,0.0,100.0,0.0,0.0,0.0,0.0,0.0,0.0,0.0,0.0,0.0,0.0,0.0,0.0,0.0,0.0,0.0,0.0,0.0,0.0,0.0,0.0
1974,78,0.0,0.0,0.0,0.0,0.0,100.0,0.0,0.0,0.0,0.0,0.0,0.0,0.0,0.0,0.0,0.0,0.0,0.0,0.0,0.0,0.0,0.0,0.0
1974,79,0.0,0.0,0.0,0.0,0.0,0.0,0.0,0.0,0.0,0.0,0.0,100.0,0.0,0.0,0.0,0.0,0.0,0.0,0.0,0.0,0.0,0.0,0.0
1974,94,0.0,0.0,0.0,0.0,0.0,100.0,0.0,0.0,0.0,0.0,0.0,0.0,0.0,0.0,0.0,0.0,0.0,0.0,0.0,0.0,0.0,0.0,0.0
1974,95,0.0,0.0,0.0,0.0,100.0,0.0,0.0,0.0,0.0,0.0,0.0,0.0,0.0,0.0,0.0,0.0,0.0,0.0,0.0,0.0,0.0,0.0,0.0
1974,98,0.0,0.0,0.0,0.0,0.0,0.0,0.0,0.0,100.0,0.0,0.0,0.0,0.0,0.0,0.0,0.0,0.0,0.0,0.0,0.0,0.0,0.0,0.0
1974,106,0.0,0.0,0.0,0.0,0.0,0.0,0.0,0.0,0.0,0.0,0.0,0.0,0.0,100.0,0.0,0.0,0.0,0.0,0.0,0.0,0.0,0.0,0.0
1974,108,0.0,0.0,0.0,0.0,0.0,0.0,0.0,0.0,0.0,0.0,0.0,0.0,0.0,100.0,0.0,0.0,0.0,0.0,0.0,0.0,0.0,0.0,0.0
1974,289,0.0,0.0,0.0,0.0,0.0,0.0,0.0,0.0,0.0,0.0,0.0,0.0,0.0,0.0,0.0,0.0,0.0,0.0,0.0,0.0,100.0,0.0,0.0
1974,290,0.0,0.0,0.0,0.0,0.0,0.0,0.0,100.0,0.0,0.0,0.0,0.0,0.0,0.0,0.0,0.0,0.0,0.0,0.0,0.0,0.0,0.0,0.0
1974,291,0.0,0.0,0.0,0.0,0.0,100.0,0.0,0.0,0.0,0.0,0.0,0.0,0.0,0.0,0.0,0.0,0.0,0.0,0.0,0.0,0.0,0.0,0.0
1974,292,0.0,0.0,0.0,100.0,0.0,0.0,0.0,0.0,0.0,0.0,0.0,0.0,0.0,0.0,0.0,0.0,0.0,0.0,0.0,0.0,0.0,0.0,0.0
1974,293,0.0,100.0,0.0,0.0,0.0,0.0,0.0,0.0,0.0,0.0,0.0,0.0,0.0,0.0,0.0,0.0,0.0,0.0,0.0,0.0,0.0,0.0,0.0
1974,294,0.0,0.0,0.0,0.0,0.0,0.0,0.0,0.0,100.0,0.0,0.0,0.0,0.0,0.0,0.0,0.0,0.0,0.0,0.0,0.0,0.0,0.0,0.0
1975,66,0.0,0.0,0.0,0.0,0.0,0.0,0.0,0.0,100.0,0.0,0.0,0.0,0.0,0.0,0.0,0.0,0.0,0.0,0.0,0.0,0.0,0.0,0.0
1975,69,0.0,0.0,0.0,0.0,0.0,0.0,0.0,0.0,0.0,0.0,0.0,100.0,0.0,0.0,0.0,0.0,0.0,0.0,0.0,0.0,0.0,0.0,0.0
1975,70,0.0,0.0,0.0,0.0,0.0,0.0,0.0,0.0,0.0,0.0,0.0,0.0,0.0,0.0,100.0,0.0,0.0,0.0,0.0,0.0,0.0,0.0,0.0
1975,71,0.0,0.0,0.0,0.0,0.0,0.0,0.0,0.0,0.0,0.0,0.0,0.0,0.0,0.0,0.0,0.0,0.0,0.0,0.0,0.0,100.0,0.0,0.0
1975,73,0.0,0.0,0.0,0.0,0.0,0.0,0.0,0.0,0.0,0.0,0.0,0.0,100.0,0.0,0.0,0.0,0.0,0.0,0.0,0.0,0.0,0.0,0.0
1975,74,0.0,0.0,0.0,0.0,0.0,0.0,0.0,100.0,0.0,0.0,0.0,0.0,0.0,0.0,0.0,0.0,0.0,0.0,0.0,0.0,0.0,0.0,0.0
1975,75,0.0,0.0,0.0,0.0,0.0,0.0,0.0,0.0,0.0,100.0,0.0,0.0,0.0,0.0,0.0,0.0,0.0,0.0,0.0,0.0,0.0,0.0,0.0
1975,76,0.0,0.0,100.0,0.0,0.0,0.0,0.0,0.0,0.0,0.0,0.0,0.0,0.0,0.0,0.0,0.0,0.0,0.0,0.0,0.0,0.0,0.0,0.0
1975,78,0.0,0.0,0.0,0.0,0.0,100.0,0.0,0.0,0.0,0.0,0.0,0.0,0.0,0.0,0.0,0.0,0.0,0.0,0.0,0.0,0.0,0.0,0.0
1975,79,0.0,0.0,0.0,0.0,0.0,0.0,0.0,0.0,0.0,0.0,0.0,100.0,0.0,0.0,0.0,0.0,0.0,0.0,0.0,0.0,0.0,0.0,0.0
1975,94,0.0,0.0,0.0,0.0,0.0,100.0,0.0,0.0,0.0,0.0,0.0,0.0,0.0,0.0,0.0,0.0,0.0,0.0,0.0,0.0,0.0,0.0,0.0
1975,95,0.0,0.0,0.0,0.0,100.0,0.0,0.0,0.0,0.0,0.0,0.0,0.0,0.0,0.0,0.0,0.0,0.0,0.0,0.0,0.0,0.0,0.0,0.0
1975,98,0.0,0.0,0.0,0.0,0.0,0.0,0.0,0.0,100.0,0.0,0.0,0.0,0.0,0.0,0.0,0.0,0.0,0.0,0.0,0.0,0.0,0.0,0.0
1975,106,0.0,0.0,0.0,0.0,0.0,0.0,0.0,0.0,0.0,0.0,0.0,0.0,0.0,100.0,0.0,0.0,0.0,0.0,0.0,0.0,0.0,0.0,0.0
1975,108,0.0,0.0,0.0,0.0,0.0,0.0,0.0,0.0,0.0,0.0,0.0,0.0,0.0,100.0,0.0,0.0,0.0,0.0,0.0,0.0,0.0,0.0,0.0
1975,289,0.0,0.0,0.0,0.0,0.0,0.0,0.0,0.0,0.0,0.0,0.0,0.0,0.0,0.0,0.0,0.0,0.0,0.0,0.0,0.0,100.0,0.0,0.0
1975,290,0.0,0.0,0.0,0.0,0.0,0.0,0.0,100.0,0.0,0.0,0.0,0.0,0.0,0.0,0.0,0.0,0.0,0.0,0.0,0.0,0.0,0.0,0.0
1975,291,0.0,0.0,0.0,0.0,0.0,100.0,0.0,0.0,0.0,0.0,0.0,0.0,0.0,0.0,0.0,0.0,0.0,0.0,0.0,0.0,0.0,0.0,0.0
1975,292,0.0,0.0,0.0,100.0,0.0,0.0,0.0,0.0,0.0,0.0,0.0,0.0,0.0,0.0,0.0,0.0,0.0,0.0,0.0,0.0,0.0,0.0,0.0
1975,293,0.0,100.0,0.0,0.0,0.0,0.0,0.0,0.0,0.0,0.0,0.0,0.0,0.0,0.0,0.0,0.0,0.0,0.0,0.0,0.0,0.0,0.0,0.0
1975,294,0.0,0.0,0.0,0.0,0.0,0.0,0.0,0.0,100.0,0.0,0.0,0.0,0.0,0.0,0.0,0.0,0.0,0.0,0.0,0.0,0.0,0.0,0.0
1976,66,0.0,0.0,0.0,0.0,0.0,0.0,0.0,0.0,100.0,0.0,0.0,0.0,0.0,0.0,0.0,0.0,0.0,0.0,0.0,0.0,0.0,0.0,0.0
1976,69,0.0,0.0,0.0,0.0,0.0,0.0,0.0,0.0,0.0,0.0,0.0,100.0,0.0,0.0,0.0,0.0,0.0,0.0,0.0,0.0,0.0,0.0,0.0
1976,70,0.0,0.0,0.0,0.0,0.0,0.0,0.0,0.0,0.0,0.0,0.0,0.0,0.0,0.0,100.0,0.0,0.0,0.0,0.0,0.0,0.0,0.0,0.0
1976,71,0.0,0.0,0.0,0.0,0.0,0.0,0.0,0.0,0.0,0.0,0.0,0.0,0.0,0.0,0.0,0.0,0.0,0.0,0.0,0.0,100.0,0.0,0.0
1976,73,0.0,0.0,0.0,0.0,0.0,0.0,0.0,0.0,0.0,0.0,0.0,0.0,100.0,0.0,0.0,0.0,0.0,0.0,0.0,0.0,0.0,0.0,0.0
1976,74,0.0,0.0,0.0,0.0,0.0,0.0,0.0,100.0,0.0,0.0,0.0,0.0,0.0,0.0,0.0,0.0,0.0,0.0,0.0,0.0,0.0,0.0,0.0
1976,75,0.0,0.0,0.0,0.0,0.0,0.0,0.0,0.0,0.0,100.0,0.0,0.0,0.0,0.0,0.0,0.0,0.0,0.0,0.0,0.0,0.0,0.0,0.0
1976,76,0.0,0.0,100.0,0.0,0.0,0.0,0.0,0.0,0.0,0.0,0.0,0.0,0.0,0.0,0.0,0.0,0.0,0.0,0.0,0.0,0.0,0.0,0.0
1976,78,0.0,0.0,0.0,0.0,0.0,100.0,0.0,0.0,0.0,0.0,0.0,0.0,0.0,0.0,0.0,0.0,0.0,0.0,0.0,0.0,0.0,0.0,0.0
1976,79,0.0,0.0,0.0,0.0,0.0,0.0,0.0,0.0,0.0,0.0,0.0,100.0,0.0,0.0,0.0,0.0,0.0,0.0,0.0,0.0,0.0,0.0,0.0
1976,94,0.0,0.0,0.0,0.0,0.0,100.0,0.0,0.0,0.0,0.0,0.0,0.0,0.0,0.0,0.0,0.0,0.0,0.0,0.0,0.0,0.0,0.0,0.0
1976,95,0.0,0.0,0.0,0.0,100.0,0.0,0.0,0.0,0.0,0.0,0.0,0.0,0.0,0.0,0.0,0.0,0.0,0.0,0.0,0.0,0.0,0.0,0.0
1976,98,0.0,0.0,0.0,0.0,0.0,0.0,0.0,0.0,100.0,0.0,0.0,0.0,0.0,0.0,0.0,0.0,0.0,0.0,0.0,0.0,0.0,0.0,0.0
1976,106,0.0,0.0,0.0,0.0,0.0,0.0,0.0,0.0,0.0,0.0,0.0,0.0,0.0,100.0,0.0,0.0,0.0,0.0,0.0,0.0,0.0,0.0,0.0
1976,108,0.0,0.0,0.0,0.0,0.0,0.0,0.0,0.0,0.0,0.0,0.0,0.0,0.0,100.0,0.0,0.0,0.0,0.0,0.0,0.0,0.0,0.0,0.0
1976,289,0.0,0.0,0.0,0.0,0.0,0.0,0.0,0.0,0.0,0.0,0.0,0.0,0.0,0.0,0.0,0.0,0.0,0.0,0.0,0.0,100.0,0.0,0.0
1976,290,0.0,0.0,0.0,0.0,0.0,0.0,0.0,100.0,0.0,0.0,0.0,0.0,0.0,0.0,0.0,0.0,0.0,0.0,0.0,0.0,0.0,0.0,0.0
1976,291,0.0,0.0,0.0,0.0,0.0,100.0,0.0,0.0,0.0,0.0,0.0,0.0,0.0,0.0,0.0,0.0,0.0,0.0,0.0,0.0,0.0,0.0,0.0
1976,292,0.0,0.0,0.0,100.0,0.0,0.0,0.0,0.0,0.0,0.0,0.0,0.0,0.0,0.0,0.0,0.0,0.0,0.0,0.0,0.0,0.0,0.0,0.0
1976,293,0.0,100.0,0.0,0.0,0.0,0.0,0.0,0.0,0.0,0.0,0.0,0.0,0.0,0.0,0.0,0.0,0.0,0.0,0.0,0.0,0.0,0.0,0.0
1976,294,0.0,0.0,0.0,0.0,0.0,0.0,0.0,0.0,100.0,0.0,0.0,0.0,0.0,0.0,0.0,0.0,0.0,0.0,0.0,0.0,0.0,0.0,0.0
1977,66,0.0,0.0,0.0,0.0,0.0,0.0,0.0,0.0,100.0,0.0,0.0,0.0,0.0,0.0,0.0,0.0,0.0,0.0,0.0,0.0,0.0,0.0,0.0
1977,69,0.0,0.0,0.0,0.0,0.0,0.0,0.0,0.0,0.0,0.0,0.0,100.0,0.0,0.0,0.0,0.0,0.0,0.0,0.0,0.0,0.0,0.0,0.0
1977,70,0.0,0.0,0.0,0.0,0.0,0.0,0.0,0.0,0.0,0.0,0.0,0.0,0.0,0.0,100.0,0.0,0.0,0.0,0.0,0.0,0.0,0.0,0.0
1977,71,0.0,0.0,0.0,0.0,0.0,0.0,0.0,0.0,0.0,0.0,0.0,0.0,0.0,0.0,0.0,0.0,0.0,0.0,0.0,0.0,100.0,0.0,0.0
1977,73,0.0,0.0,0.0,0.0,0.0,0.0,0.0,0.0,0.0,0.0,0.0,0.0,100.0,0.0,0.0,0.0,0.0,0.0,0.0,0.0,0.0,0.0,0.0
1977,74,0.0,0.0,0.0,0.0,0.0,0.0,0.0,100.0,0.0,0.0,0.0,0.0,0.0,0.0,0.0,0.0,0.0,0.0,0.0,0.0,0.0,0.0,0.0
1977,75,0.0,0.0,0.0,0.0,0.0,0.0,0.0,0.0,0.0,100.0,0.0,0.0,0.0,0.0,0.0,0.0,0.0,0.0,0.0,0.0,0.0,0.0,0.0
1977,76,0.0,0.0,100.0,0.0,0.0,0.0,0.0,0.0,0.0,0.0,0.0,0.0,0.0,0.0,0.0,0.0,0.0,0.0,0.0,0.0,0.0,0.0,0.0
1977,78,0.0,0.0,0.0,0.0,0.0,100.0,0.0,0.0,0.0,0.0,0.0,0.0,0.0,0.0,0.0,0.0,0.0,0.0,0.0,0.0,0.0,0.0,0.0
1977,79,0.0,0.0,0.0,0.0,0.0,0.0,0.0,0.0,0.0,0.0,0.0,100.0,0.0,0.0,0.0,0.0,0.0,0.0,0.0,0.0,0.0,0.0,0.0
1977,94,0.0,0.0,0.0,0.0,0.0,100.0,0.0,0.0,0.0,0.0,0.0,0.0,0.0,0.0,0.0,0.0,0.0,0.0,0.0,0.0,0.0,0.0,0.0
1977,95,0.0,0.0,0.0,0.0,100.0,0.0,0.0,0.0,0.0,0.0,0.0,0.0,0.0,0.0,0.0,0.0,0.0,0.0,0.0,0.0,0.0,0.0,0.0
1977,98,0.0,0.0,0.0,0.0,0.0,0.0,0.0,0.0,100.0,0.0,0.0,0.0,0.0,0.0,0.0,0.0,0.0,0.0,0.0,0.0,0.0,0.0,0.0
1977,106,0.0,0.0,0.0,0.0,0.0,0.0,0.0,0.0,0.0,0.0,0.0,0.0,0.0,100.0,0.0,0.0,0.0,0.0,0.0,0.0,0.0,0.0,0.0
1977,108,0.0,0.0,0.0,0.0,0.0,0.0,0.0,0.0,0.0,0.0,0.0,0.0,0.0,100.0,0.0,0.0,0.0,0.0,0.0,0.0,0.0,0.0,0.0
1977,289,0.0,0.0,0.0,0.0,0.0,0.0,0.0,0.0,0.0,0.0,0.0,0.0,0.0,0.0,0.0,0.0,0.0,0.0,0.0,0.0,100.0,0.0,0.0
1977,290,0.0,0.0,0.0,0.0,0.0,0.0,0.0,100.0,0.0,0.0,0.0,0.0,0.0,0.0,0.0,0.0,0.0,0.0,0.0,0.0,0.0,0.0,0.0
1977,291,0.0,0.0,0.0,0.0,0.0,100.0,0.0,0.0,0.0,0.0,0.0,0.0,0.0,0.0,0.0,0.0,0.0,0.0,0.0,0.0,0.0,0.0,0.0
1977,292,0.0,0.0,0.0,100.0,0.0,0.0,0.0,0.0,0.0,0.0,0.0,0.0,0.0,0.0,0.0,0.0,0.0,0.0,0.0,0.0,0.0,0.0,0.0
1977,293,0.0,100.0,0.0,0.0,0.0,0.0,0.0,0.0,0.0,0.0,0.0,0.0,0.0,0.0,0.0,0.0,0.0,0.0,0.0,0.0,0.0,0.0,0.0
1977,294,0.0,0.0,0.0,0.0,0.0,0.0,0.0,0.0,100.0,0.0,0.0,0.0,0.0,0.0,0.0,0.0,0.0,0.0,0.0,0.0,0.0,0.0,0.0
1978,66,0.0,0.0,0.0,0.0,0.0,0.0,0.0,0.0,100.0,0.0,0.0,0.0,0.0,0.0,0.0,0.0,0.0,0.0,0.0,0.0,0.0,0.0,0.0
1978,69,0.0,0.0,0.0,0.0,0.0,0.0,0.0,0.0,0.0,0.0,0.0,100.0,0.0,0.0,0.0,0.0,0.0,0.0,0.0,0.0,0.0,0.0,0.0
1978,70,0.0,0.0,0.0,0.0,0.0,0.0,0.0,0.0,0.0,0.0,0.0,0.0,0.0,0.0,100.0,0.0,0.0,0.0,0.0,0.0,0.0,0.0,0.0
1978,71,0.0,0.0,0.0,0.0,0.0,0.0,0.0,0.0,0.0,0.0,0.0,0.0,0.0,0.0,0.0,0.0,0.0,0.0,0.0,0.0,100.0,0.0,0.0
1978,73,0.0,0.0,0.0,0.0,0.0,0.0,0.0,0.0,0.0,0.0,0.0,0.0,100.0,0.0,0.0,0.0,0.0,0.0,0.0,0.0,0.0,0.0,0.0
1978,74,0.0,0.0,0.0,0.0,0.0,0.0,0.0,100.0,0.0,0.0,0.0,0.0,0.0,0.0,0.0,0.0,0.0,0.0,0.0,0.0,0.0,0.0,0.0
1978,75,0.0,0.0,0.0,0.0,0.0,0.0,0.0,0.0,0.0,100.0,0.0,0.0,0.0,0.0,0.0,0.0,0.0,0.0,0.0,0.0,0.0,0.0,0.0
1978,76,0.0,0.0,100.0,0.0,0.0,0.0,0.0,0.0,0.0,0.0,0.0,0.0,0.0,0.0,0.0,0.0,0.0,0.0,0.0,0.0,0.0,0.0,0.0
1978,78,0.0,0.0,0.0,0.0,0.0,100.0,0.0,0.0,0.0,0.0,0.0,0.0,0.0,0.0,0.0,0.0,0.0,0.0,0.0,0.0,0.0,0.0,0.0
1978,79,0.0,0.0,0.0,0.0,0.0,0.0,0.0,0.0,0.0,0.0,0.0,100.0,0.0,0.0,0.0,0.0,0.0,0.0,0.0,0.0,0.0,0.0,0.0
1978,94,0.0,0.0,0.0,0.0,0.0,100.0,0.0,0.0,0.0,0.0,0.0,0.0,0.0,0.0,0.0,0.0,0.0,0.0,0.0,0.0,0.0,0.0,0.0
1978,95,0.0,0.0,0.0,0.0,100.0,0.0,0.0,0.0,0.0,0.0,0.0,0.0,0.0,0.0,0.0,0.0,0.0,0.0,0.0,0.0,0.0,0.0,0.0
1978,98,0.0,0.0,0.0,0.0,0.0,0.0,0.0,0.0,100.0,0.0,0.0,0.0,0.0,0.0,0.0,0.0,0.0,0.0,0.0,0.0,0.0,0.0,0.0
1978,106,0.0,0.0,0.0,0.0,0.0,0.0,0.0,0.0,0.0,0.0,0.0,0.0,0.0,100.0,0.0,0.0,0.0,0.0,0.0,0.0,0.0,0.0,0.0
1978,108,0.0,0.0,0.0,0.0,0.0,0.0,0.0,0.0,0.0,0.0,0.0,0.0,0.0,100.0,0.0,0.0,0.0,0.0,0.0,0.0,0.0,0.0,0.0
1978,289,0.0,0.0,0.0,0.0,0.0,0.0,0.0,0.0,0.0,0.0,0.0,0.0,0.0,0.0,0.0,0.0,0.0,0.0,0.0,0.0,100.0,0.0,0.0
1978,290,0.0,0.0,0.0,0.0,0.0,0.0,0.0,100.0,0.0,0.0,0.0,0.0,0.0,0.0,0.0,0.0,0.0,0.0,0.0,0.0,0.0,0.0,0.0
1978,291,0.0,0.0,0.0,0.0,0.0,100.0,0.0,0.0,0.0,0.0,0.0,0.0,0.0,0.0,0.0,0.0,0.0,0.0,0.0,0.0,0.0,0.0,0.0
1978,292,0.0,0.0,0.0,100.0,0.0,0.0,0.0,0.0,0.0,0.0,0.0,0.0,0.0,0.0,0.0,0.0,0.0,0.0,0.0,0.0,0.0,0.0,0.0
1978,293,0.0,100.0,0.0,0.0,0.0,0.0,0.0,0.0,0.0,0.0,0.0,0.0,0.0,0.0,0.0,0.0,0.0,0.0,0.0,0.0,0.0,0.0,0.0
1978,294,0.0,0.0,0.0,0.0,0.0,0.0,0.0,0.0,100.0,0.0,0.0,0.0,0.0,0.0,0.0,0.0,0.0,0.0,0.0,0.0,0.0,0.0,0.0
1979,66,0.0,0.0,0.0,0.0,0.0,0.0,0.0,0.0,100.0,0.0,0.0,0.0,0.0,0.0,0.0,0.0,0.0,0.0,0.0,0.0,0.0,0.0,0.0
1979,69,0.0,0.0,0.0,0.0,0.0,0.0,0.0,0.0,0.0,0.0,0.0,100.0,0.0,0.0,0.0,0.0,0.0,0.0,0.0,0.0,0.0,0.0,0.0
1979,70,0.0,0.0,0.0,0.0,0.0,0.0,0.0,0.0,0.0,0.0,0.0,0.0,0.0,0.0,100.0,0.0,0.0,0.0,0.0,0.0,0.0,0.0,0.0
1979,71,0.0,0.0,0.0,0.0,0.0,0.0,0.0,0.0,0.0,0.0,0.0,0.0,0.0,0.0,0.0,0.0,0.0,0.0,0.0,0.0,100.0,0.0,0.0
1979,73,0.0,0.0,0.0,0.0,0.0,0.0,0.0,0.0,0.0,0.0,0.0,0.0,100.0,0.0,0.0,0.0,0.0,0.0,0.0,0.0,0.0,0.0,0.0
1979,74,0.0,0.0,0.0,0.0,0.0,0.0,0.0,100.0,0.0,0.0,0.0,0.0,0.0,0.0,0.0,0.0,0.0,0.0,0.0,0.0,0.0,0.0,0.0
1979,75,0.0,0.0,0.0,0.0,0.0,0.0,0.0,0.0,0.0,100.0,0.0,0.0,0.0,0.0,0.0,0.0,0.0,0.0,0.0,0.0,0.0,0.0,0.0
1979,76,0.0,0.0,100.0,0.0,0.0,0.0,0.0,0.0,0.0,0.0,0.0,0.0,0.0,0.0,0.0,0.0,0.0,0.0,0.0,0.0,0.0,0.0,0.0
1979,78,0.0,0.0,0.0,0.0,0.0,100.0,0.0,0.0,0.0,0.0,0.0,0.0,0.0,0.0,0.0,0.0,0.0,0.0,0.0,0.0,0.0,0.0,0.0
1979,79,0.0,0.0,0.0,0.0,0.0,0.0,0.0,0.0,0.0,0.0,0.0,100.0,0.0,0.0,0.0,0.0,0.0,0.0,0.0,0.0,0.0,0.0,0.0
1979,94,0.0,0.0,0.0,0.0,0.0,100.0,0.0,0.0,0.0,0.0,0.0,0.0,0.0,0.0,0.0,0.0,0.0,0.0,0.0,0.0,0.0,0.0,0.0
1979,95,0.0,0.0,0.0,0.0,100.0,0.0,0.0,0.0,0.0,0.0,0.0,0.0,0.0,0.0,0.0,0.0,0.0,0.0,0.0,0.0,0.0,0.0,0.0
1979,98,0.0,0.0,0.0,0.0,0.0,0.0,0.0,0.0,100.0,0.0,0.0,0.0,0.0,0.0,0.0,0.0,0.0,0.0,0.0,0.0,0.0,0.0,0.0
1979,106,0.0,0.0,0.0,0.0,0.0,0.0,0.0,0.0,0.0,0.0,0.0,0.0,0.0,100.0,0.0,0.0,0.0,0.0,0.0,0.0,0.0,0.0,0.0
1979,108,0.0,0.0,0.0,0.0,0.0,0.0,0.0,0.0,0.0,0.0,0.0,0.0,0.0,100.0,0.0,0.0,0.0,0.0,0.0,0.0,0.0,0.0,0.0
1979,289,0.0,0.0,0.0,0.0,0.0,0.0,0.0,0.0,0.0,0.0,0.0,0.0,0.0,0.0,0.0,0.0,0.0,0.0,0.0,0.0,100.0,0.0,0.0
1979,290,0.0,0.0,0.0,0.0,0.0,0.0,0.0,100.0,0.0,0.0,0.0,0.0,0.0,0.0,0.0,0.0,0.0,0.0,0.0,0.0,0.0,0.0,0.0
1979,291,0.0,0.0,0.0,0.0,0.0,100.0,0.0,0.0,0.0,0.0,0.0,0.0,0.0,0.0,0.0,0.0,0.0,0.0,0.0,0.0,0.0,0.0,0.0
1979,292,0.0,0.0,0.0,100.0,0.0,0.0,0.0,0.0,0.0,0.0,0.0,0.0,0.0,0.0,0.0,0.0,0.0,0.0,0.0,0.0,0.0,0.0,0.0
1979,293,0.0,100.0,0.0,0.0,0.0,0.0,0.0,0.0,0.0,0.0,0.0,0.0,0.0,0.0,0.0,0.0,0.0,0.0,0.0,0.0,0.0,0.0,0.0
1979,294,0.0,0.0,0.0,0.0,0.0,0.0,0.0,0.0,100.0,0.0,0.0,0.0,0.0,0.0,0.0,0.0,0.0,0.0,0.0,0.0,0.0,0.0,0.0
1980,66,0.0,0.0,0.0,0.0,0.0,0.0,0.0,0.0,100.0,0.0,0.0,0.0,0.0,0.0,0.0,0.0,0.0,0.0,0.0,0.0,0.0,0.0,0.0
1980,69,0.0,0.0,0.0,0.0,0.0,0.0,0.0,0.0,0.0,0.0,0.0,100.0,0.0,0.0,0.0,0.0,0.0,0.0,0.0,0.0,0.0,0.0,0.0
1980,70,0.0,0.0,0.0,0.0,0.0,0.0,0.0,0.0,0.0,0.0,0.0,0.0,0.0,0.0,100.0,0.0,0.0,0.0,0.0,0.0,0.0,0.0,0.0
1980,71,0.0,0.0,0.0,0.0,0.0,0.0,0.0,0.0,0.0,0.0,0.0,0.0,0.0,0.0,0.0,0.0,0.0,0.0,0.0,0.0,100.0,0.0,0.0
1980,73,0.0,0.0,0.0,0.0,0.0,0.0,0.0,0.0,0.0,0.0,0.0,0.0,100.0,0.0,0.0,0.0,0.0,0.0,0.0,0.0,0.0,0.0,0.0
1980,74,0.0,0.0,0.0,0.0,0.0,0.0,0.0,100.0,0.0,0.0,0.0,0.0,0.0,0.0,0.0,0.0,0.0,0.0,0.0,0.0,0.0,0.0,0.0
1980,75,0.0,0.0,0.0,0.0,0.0,0.0,0.0,0.0,0.0,100.0,0.0,0.0,0.0,0.0,0.0,0.0,0.0,0.0,0.0,0.0,0.0,0.0,0.0
1980,76,0.0,0.0,100.0,0.0,0.0,0.0,0.0,0.0,0.0,0.0,0.0,0.0,0.0,0.0,0.0,0.0,0.0,0.0,0.0,0.0,0.0,0.0,0.0
1980,78,0.0,0.0,0.0,0.0,0.0,100.0,0.0,0.0,0.0,0.0,0.0,0.0,0.0,0.0,0.0,0.0,0.0,0.0,0.0,0.0,0.0,0.0,0.0
1980,79,0.0,0.0,0.0,0.0,0.0,0.0,0.0,0.0,0.0,0.0,0.0,100.0,0.0,0.0,0.0,0.0,0.0,0.0,0.0,0.0,0.0,0.0,0.0
1980,94,0.0,0.0,0.0,0.0,0.0,100.0,0.0,0.0,0.0,0.0,0.0,0.0,0.0,0.0,0.0,0.0,0.0,0.0,0.0,0.0,0.0,0.0,0.0
1980,95,0.0,0.0,0.0,0.0,100.0,0.0,0.0,0.0,0.0,0.0,0.0,0.0,0.0,0.0,0.0,0.0,0.0,0.0,0.0,0.0,0.0,0.0,0.0
1980,98,0.0,0.0,0.0,0.0,0.0,0.0,0.0,0.0,100.0,0.0,0.0,0.0,0.0,0.0,0.0,0.0,0.0,0.0,0.0,0.0,0.0,0.0,0.0
1980,106,0.0,0.0,0.0,0.0,0.0,0.0,0.0,0.0,0.0,0.0,0.0,0.0,0.0,100.0,0.0,0.0,0.0,0.0,0.0,0.0,0.0,0.0,0.0
1980,108,0.0,0.0,0.0,0.0,0.0,0.0,0.0,0.0,11.11111111111111,0.0,0.0,0.0,0.0,88.88888888888889,0.0,0.0,0.0,0.0,0.0,0.0,0.0,0.0,0.0
1980,289,0.0,0.0,0.0,0.0,0.0,0.0,0.0,0.0,0.0,0.0,0.0,0.0,0.0,0.0,0.0,0.0,0.0,0.0,0.0,0.0,100.0,0.0,0.0
1980,290,0.0,0.0,0.0,0.0,0.0,0.0,0.0,100.0,0.0,0.0,0.0,0.0,0.0,0.0,0.0,0.0,0.0,0.0,0.0,0.0,0.0,0.0,0.0
1980,291,0.0,0.0,0.0,0.0,0.0,100.0,0.0,0.0,0.0,0.0,0.0,0.0,0.0,0.0,0.0,0.0,0.0,0.0,0.0,0.0,0.0,0.0,0.0
1980,292,0.0,0.0,0.0,100.0,0.0,0.0,0.0,0.0,0.0,0.0,0.0,0.0,0.0,0.0,0.0,0.0,0.0,0.0,0.0,0.0,0.0,0.0,0.0
1980,293,0.0,100.0,0.0,0.0,0.0,0.0,0.0,0.0,0.0,0.0,0.0,0.0,0.0,0.0,0.0,0.0,0.0,0.0,0.0,0.0,0.0,0.0,0.0
1980,294,0.0,0.0,0.0,0.0,0.0,0.0,0.0,0.0,100.0,0.0,0.0,0.0,0.0,0.0,0.0,0.0,0.0,0.0,0.0,0.0,0.0,0.0,0.0
1981,66,0.0,0.0,0.0,0.0,0.0,0.0,0.0,0.0,100.0,0.0,0.0,0.0,0.0,0.0,0.0,0.0,0.0,0.0,0.0,0.0,0.0,0.0,0.0
1981,69,0.0,0.0,0.0,0.0,0.0,0.0,0.0,0.0,0.0,0.0,0.0,100.0,0.0,0.0,0.0,0.0,0.0,0.0,0.0,0.0,0.0,0.0,0.0
1981,70,0.0,0.0,0.0,0.0,0.0,0.0,0.0,0.0,0.0,0.0,0.0,0.0,0.0,0.0,100.0,0.0,0.0,0.0,0.0,0.0,0.0,0.0,0.0
1981,71,0.0,0.0,0.0,0.0,0.0,0.0,0.0,0.0,0.0,0.0,0.0,0.0,0.0,0.0,0.0,0.0,0.0,0.0,0.0,0.0,100.0,0.0,0.0
1981,73,0.0,0.0,0.0,0.0,0.0,0.0,0.0,0.0,0.0,0.0,0.0,0.0,100.0,0.0,0.0,0.0,0.0,0.0,0.0,0.0,0.0,0.0,0.0
1981,74,0.0,0.0,0.0,0.0,0.0,0.0,0.0,100.0,0.0,0.0,0.0,0.0,0.0,0.0,0.0,0.0,0.0,0.0,0.0,0.0,0.0,0.0,0.0
1981,75,0.0,0.0,0.0,0.0,0.0,0.0,0.0,0.0,0.0,100.0,0.0,0.0,0.0,0.0,0.0,0.0,0.0,0.0,0.0,0.0,0.0,0.0,0.0
1981,76,0.0,0.0,100.0,0.0,0.0,0.0,0.0,0.0,0.0,0.0,0.0,0.0,0.0,0.0,0.0,0.0,0.0,0.0,0.0,0.0,0.0,0.0,0.0
1981,78,0.0,0.0,0.0,0.0,0.0,100.0,0.0,0.0,0.0,0.0,0.0,0.0,0.0,0.0,0.0,0.0,0.0,0.0,0.0,0.0,0.0,0.0,0.0
1981,79,0.0,0.0,0.0,0.0,0.0,0.0,0.0,0.0,0.0,0.0,0.0,100.0,0.0,0.0,0.0,0.0,0.0,0.0,0.0,0.0,0.0,0.0,0.0
1981,94,0.0,0.0,0.0,0.0,0.0,100.0,0.0,0.0,0.0,0.0,0.0,0.0,0.0,0.0,0.0,0.0,0.0,0.0,0.0,0.0,0.0,0.0,0.0
1981,95,0.0,0.0,0.0,0.0,100.0,0.0,0.0,0.0,0.0,0.0,0.0,0.0,0.0,0.0,0.0,0.0,0.0,0.0,0.0,0.0,0.0,0.0,0.0
1981,98,0.0,0.0,0.0,0.0,0.0,0.0,0.0,0.0,100.0,0.0,0.0,0.0,0.0,0.0,0.0,0.0,0.0,0.0,0.0,0.0,0.0,0.0,0.0
1981,106,0.0,0.0,0.0,0.0,0.0,0.0,0.0,0.0,0.0,0.0,0.0,0.0,0.0,100.0,0.0,0.0,0.0,0.0,0.0,0.0,0.0,0.0,0.0
1981,108,0.0,0.0,0.0,0.0,0.0,0.0,0.0,0.0,0.0,0.0,0.0,0.0,0.0,100.0,0.0,0.0,0.0,0.0,0.0,0.0,0.0,0.0,0.0
1981,289,0.0,0.0,0.0,0.0,0.0,0.0,0.0,0.0,0.0,0.0,0.0,0.0,0.0,0.0,0.0,0.0,0.0,0.0,0.0,0.0,100.0,0.0,0.0
1981,290,0.0,0.0,0.0,0.0,0.0,0.0,0.0,100.0,0.0,0.0,0.0,0.0,0.0,0.0,0.0,0.0,0.0,0.0,0.0,0.0,0.0,0.0,0.0
1981,291,0.0,0.0,0.0,0.0,0.0,100.0,0.0,0.0,0.0,0.0,0.0,0.0,0.0,0.0,0.0,0.0,0.0,0.0,0.0,0.0,0.0,0.0,0.0
1981,292,0.0,0.0,0.0,100.0,0.0,0.0,0.0,0.0,0.0,0.0,0.0,0.0,0.0,0.0,0.0,0.0,0.0,0.0,0.0,0.0,0.0,0.0,0.0
1981,293,0.0,100.0,0.0,0.0,0.0,0.0,0.0,0.0,0.0,0.0,0.0,0.0,0.0,0.0,0.0,0.0,0.0,0.0,0.0,0.0,0.0,0.0,0.0
1981,294,0.0,0.0,0.0,0.0,0.0,0.0,0.0,0.0,100.0,0.0,0.0,0.0,0.0,0.0,0.0,0.0,0.0,0.0,0.0,0.0,0.0,0.0,0.0
1982,66,0.0,0.0,0.0,0.0,0.0,0.0,0.0,0.0,100.0,0.0,0.0,0.0,0.0,0.0,0.0,0.0,0.0,0.0,0.0,0.0,0.0,0.0,0.0
1982,69,0.0,0.0,0.0,0.0,0.0,0.0,0.0,0.0,0.0,0.0,0.0,100.0,0.0,0.0,0.0,0.0,0.0,0.0,0.0,0.0,0.0,0.0,0.0
1982,70,0.0,0.0,0.0,0.0,0.0,0.0,0.0,0.0,0.0,0.0,0.0,0.0,0.0,0.0,100.0,0.0,0.0,0.0,0.0,0.0,0.0,0.0,0.0
1982,71,0.0,0.0,0.0,0.0,0.0,0.0,0.0,0.0,0.0,0.0,0.0,0.0,0.0,0.0,0.0,0.0,0.0,0.0,0.0,0.0,100.0,0.0,0.0
1982,73,0.0,0.0,0.0,0.0,0.0,0.0,0.0,0.0,0.0,0.0,0.0,0.0,100.0,0.0,0.0,0.0,0.0,0.0,0.0,0.0,0.0,0.0,0.0
1982,74,0.0,0.0,0.0,0.0,0.0,0.0,0.0,100.0,0.0,0.0,0.0,0.0,0.0,0.0,0.0,0.0,0.0,0.0,0.0,0.0,0.0,0.0,0.0
1982,75,0.0,0.0,0.0,0.0,0.0,0.0,0.0,0.0,0.0,100.0,0.0,0.0,0.0,0.0,0.0,0.0,0.0,0.0,0.0,0.0,0.0,0.0,0.0
1982,76,0.0,0.0,100.0,0.0,0.0,0.0,0.0,0.0,0.0,0.0,0.0,0.0,0.0,0.0,0.0,0.0,0.0,0.0,0.0,0.0,0.0,0.0,0.0
1982,78,0.0,0.0,0.0,9.090909090909092,0.0,90.9090909090909,0.0,0.0,0.0,0.0,0.0,0.0,0.0,0.0,0.0,0.0,0.0,0.0,0.0,0.0,0.0,0.0,0.0
1982,79,0.0,0.0,0.0,0.0,0.0,0.0,0.0,0.0,0.0,0.0,0.0,100.0,0.0,0.0,0.0,0.0,0.0,0.0,0.0,0.0,0.0,0.0,0.0
1982,94,0.0,0.0,0.0,0.0,0.0,100.0,0.0,0.0,0.0,0.0,0.0,0.0,0.0,0.0,0.0,0.0,0.0,0.0,0.0,0.0,0.0,0.0,0.0
1982,95,0.0,0.0,0.0,0.0,100.0,0.0,0.0,0.0,0.0,0.0,0.0,0.0,0.0,0.0,0.0,0.0,0.0,0.0,0.0,0.0,0.0,0.0,0.0
1982,98,0.0,0.0,0.0,0.0,0.0,0.0,0.0,0.0,100.0,0.0,0.0,0.0,0.0,0.0,0.0,0.0,0.0,0.0,0.0,0.0,0.0,0.0,0.0
1982,106,0.0,0.0,0.0,0.0,0.0,0.0,0.0,0.0,0.0,0.0,0.0,0.0,0.0,100.0,0.0,0.0,0.0,0.0,0.0,0.0,0.0,0.0,0.0
1982,108,0.0,0.0,0.0,0.0,0.0,0.0,0.0,0.0,0.0,0.0,0.0,0.0,0.0,100.0,0.0,0.0,0.0,0.0,0.0,0.0,0.0,0.0,0.0
1982,289,0.0,0.0,0.0,0.0,0.0,0.0,0.0,0.0,0.0,0.0,0.0,0.0,0.0,0.0,9.090909090909092,0.0,0.0,0.0,0.0,0.0,90.9090909090909,0.0,0.0
1982,290,0.0,0.0,0.0,0.0,0.0,0.0,0.0,100.0,0.0,0.0,0.0,0.0,0.0,0.0,0.0,0.0,0.0,0.0,0.0,0.0,0.0,0.0,0.0
1982,291,0.0,0.0,0.0,0.0,0.0,100.0,0.0,0.0,0.0,0.0,0.0,0.0,0.0,0.0,0.0,0.0,0.0,0.0,0.0,0.0,0.0,0.0,0.0
1982,292,0.0,0.0,0.0,100.0,0.0,0.0,0.0,0.0,0.0,0.0,0.0,0.0,0.0,0.0,0.0,0.0,0.0,0.0,0.0,0.0,0.0,0.0,0.0
1982,293,0.0,100.0,0.0,0.0,0.0,0.0,0.0,0.0,0.0,0.0,0.0,0.0,0.0,0.0,0.0,0.0,0.0,0.0,0.0,0.0,0.0,0.0,0.0
1982,294,0.0,0.0,0.0,0.0,0.0,0.0,0.0,0.0,100.0,0.0,0.0,0.0,0.0,0.0,0.0,0.0,0.0,0.0,0.0,0.0,0.0,0.0,0.0
1983,66,0.0,0.0,0.0,0.0,0.0,0.0,0.0,0.0,100.0,0.0,0.0,0.0,0.0,0.0,0.0,0.0,0.0,0.0,0.0,0.0,0.0,0.0,0.0
1983,69,0.0,0.0,0.0,0.0,0.0,0.0,0.0,0.0,0.0,0.0,0.0,100.0,0.0,0.0,0.0,0.0,0.0,0.0,0.0,0.0,0.0,0.0,0.0
1983,70,0.0,0.0,0.0,0.0,0.0,0.0,0.0,0.0,0.0,0.0,0.0,0.0,0.0,0.0,100.0,0.0,0.0,0.0,0.0,0.0,0.0,0.0,0.0
1983,71,0.0,0.0,0.0,0.0,0.0,0.0,0.0,0.0,0.0,0.0,0.0,0.0,0.0,0.0,0.0,0.0,0.0,0.0,0.0,0.0,100.0,0.0,0.0
1983,73,0.0,0.0,0.0,0.0,0.0,0.0,0.0,0.0,0.0,0.0,0.0,0.0,100.0,0.0,0.0,0.0,0.0,0.0,0.0,0.0,0.0,0.0,0.0
1983,74,0.0,0.0,0.0,0.0,0.0,0.0,0.0,100.0,0.0,0.0,0.0,0.0,0.0,0.0,0.0,0.0,0.0,0.0,0.0,0.0,0.0,0.0,0.0
1983,75,0.0,0.0,0.0,0.0,0.0,0.0,0.0,0.0,0.0,100.0,0.0,0.0,0.0,0.0,0.0,0.0,0.0,0.0,0.0,0.0,0.0,0.0,0.0
1983,76,0.0,0.0,100.0,0.0,0.0,0.0,0.0,0.0,0.0,0.0,0.0,0.0,0.0,0.0,0.0,0.0,0.0,0.0,0.0,0.0,0.0,0.0,0.0
1983,78,0.0,0.0,0.0,0.0,0.0,100.0,0.0,0.0,0.0,0.0,0.0,0.0,0.0,0.0,0.0,0.0,0.0,0.0,0.0,0.0,0.0,0.0,0.0
1983,79,0.0,0.0,16.666666666666664,0.0,0.0,0.0,0.0,0.0,0.0,0.0,0.0,83.33333333333334,0.0,0.0,0.0,0.0,0.0,0.0,0.0,0.0,0.0,0.0,0.0
1983,94,0.0,0.0,0.0,0.0,0.0,100.0,0.0,0.0,0.0,0.0,0.0,0.0,0.0,0.0,0.0,0.0,0.0,0.0,0.0,0.0,0.0,0.0,0.0
1983,95,0.0,0.0,0.0,0.0,100.0,0.0,0.0,0.0,0.0,0.0,0.0,0.0,0.0,0.0,0.0,0.0,0.0,0.0,0.0,0.0,0.0,0.0,0.0
1983,98,0.0,0.0,0.0,0.0,0.0,0.0,0.0,0.0,100.0,0.0,0.0,0.0,0.0,0.0,0.0,0.0,0.0,0.0,0.0,0.0,0.0,0.0,0.0
1983,106,0.0,0.0,0.0,0.0,0.0,0.0,0.0,0.0,0.0,0.0,0.0,0.0,0.0,100.0,0.0,0.0,0.0,0.0,0.0,0.0,0.0,0.0,0.0
1983,108,0.0,0.0,0.0,0.0,0.0,0.0,0.0,0.0,0.0,0.0,0.0,0.0,0.0,100.0,0.0,0.0,0.0,0.0,0.0,0.0,0.0,0.0,0.0
1983,289,0.0,0.0,0.0,0.0,0.0,0.0,0.0,0.0,0.0,16.666666666666664,0.0,0.0,0.0,0.0,0.0,0.0,0.0,0.0,0.0,0.0,83.33333333333334,0.0,0.0
1983,290,0.0,0.0,0.0,0.0,0.0,0.0,0.0,100.0,0.0,0.0,0.0,0.0,0.0,0.0,0.0,0.0,0.0,0.0,0.0,0.0,0.0,0.0,0.0
1983,291,0.0,0.0,0.0,0.0,0.0,100.0,0.0,0.0,0.0,0.0,0.0,0.0,0.0,0.0,0.0,0.0,0.0,0.0,0.0,0.0,0.0,0.0,0.0
1983,292,0.0,0.0,0.0,100.0,0.0,0.0,0.0,0.0,0.0,0.0,0.0,0.0,0.0,0.0,0.0,0.0,0.0,0.0,0.0,0.0,0.0,0.0,0.0
1983,293,0.0,100.0,0.0,0.0,0.0,0.0,0.0,0.0,0.0,0.0,0.0,0.0,0.0,0.0,0.0,0.0,0.0,0.0,0.0,0.0,0.0,0.0,0.0
1983,294,0.0,0.0,0.0,0.0,0.0,0.0,0.0,0.0,100.0,0.0,0.0,0.0,0.0,0.0,0.0,0.0,0.0,0.0,0.0,0.0,0.0,0.0,0.0
1984,66,0.0,0.0,0.0,0.0,0.0,0.0,0.0,0.0,100.0,0.0,0.0,0.0,0.0,0.0,0.0,0.0,0.0,0.0,0.0,0.0,0.0,0.0,0.0
1984,69,0.0,0.0,0.0,0.0,0.0,0.0,0.0,0.0,0.0,0.0,0.0,100.0,0.0,0.0,0.0,0.0,0.0,0.0,0.0,0.0,0.0,0.0,0.0
1984,70,0.0,0.0,0.0,0.0,0.0,0.0,0.0,0.0,0.0,0.0,0.0,0.0,0.0,0.0,100.0,0.0,0.0,0.0,0.0,0.0,0.0,0.0,0.0
1984,71,0.0,0.0,0.0,0.0,0.0,0.0,0.0,0.0,0.0,0.0,0.0,0.0,0.0,0.0,0.0,0.0,0.0,0.0,0.0,0.0,100.0,0.0,0.0
1984,73,0.0,0.0,0.0,0.0,0.0,0.0,0.0,0.0,0.0,0.0,0.0,0.0,100.0,0.0,0.0,0.0,0.0,0.0,0.0,0.0,0.0,0.0,0.0
1984,74,0.0,0.0,0.0,0.0,0.0,0.0,0.0,100.0,0.0,0.0,0.0,0.0,0.0,0.0,0.0,0.0,0.0,0.0,0.0,0.0,0.0,0.0,0.0
1984,75,0.0,0.0,0.0,0.0,0.0,0.0,0.0,0.0,0.0,100.0,0.0,0.0,0.0,0.0,0.0,0.0,0.0,0.0,0.0,0.0,0.0,0.0,0.0
1984,76,0.0,0.0,100.0,0.0,0.0,0.0,0.0,0.0,0.0,0.0,0.0,0.0,0.0,0.0,0.0,0.0,0.0,0.0,0.0,0.0,0.0,0.0,0.0
1984,78,0.0,0.0,0.0,0.0,0.0,100.0,0.0,0.0,0.0,0.0,0.0,0.0,0.0,0.0,0.0,0.0,0.0,0.0,0.0,0.0,0.0,0.0,0.0
1984,79,0.0,0.0,0.0,0.0,0.0,0.0,0.0,0.0,0.0,0.0,0.0,100.0,0.0,0.0,0.0,0.0,0.0,0.0,0.0,0.0,0.0,0.0,0.0
1984,94,0.0,0.0,50.0,0.0,0.0,50.0,0.0,0.0,0.0,0.0,0.0,0.0,0.0,0.0,0.0,0.0,0.0,0.0,0.0,0.0,0.0,0.0,0.0
1984,95,0.0,0.0,0.0,0.0,100.0,0.0,0.0,0.0,0.0,0.0,0.0,0.0,0.0,0.0,0.0,0.0,0.0,0.0,0.0,0.0,0.0,0.0,0.0
1984,98,0.0,0.0,0.0,0.0,0.0,0.0,0.0,0.0,100.0,0.0,0.0,0.0,0.0,0.0,0.0,0.0,0.0,0.0,0.0,0.0,0.0,0.0,0.0
1984,106,0.0,0.0,0.0,0.0,0.0,0.0,0.0,0.0,0.0,0.0,0.0,0.0,0.0,100.0,0.0,0.0,0.0,0.0,0.0,0.0,0.0,0.0,0.0
1984,108,0.0,0.0,0.0,0.0,0.0,0.0,0.0,0.0,0.0,0.0,0.0,0.0,0.0,100.0,0.0,0.0,0.0,0.0,0.0,0.0,0.0,0.0,0.0
1984,289,0.0,0.0,0.0,0.0,0.0,0.0,0.0,0.0,0.0,0.0,0.0,0.0,0.0,0.0,0.0,0.0,0.0,0.0,0.0,0.0,100.0,0.0,0.0
1984,290,0.0,0.0,0.0,0.0,0.0,0.0,0.0,100.0,0.0,0.0,0.0,0.0,0.0,0.0,0.0,0.0,0.0,0.0,0.0,0.0,0.0,0.0,0.0
1984,291,0.0,0.0,0.0,0.0,0.0,100.0,0.0,0.0,0.0,0.0,0.0,0.0,0.0,0.0,0.0,0.0,0.0,0.0,0.0,0.0,0.0,0.0,0.0
1984,292,0.0,0.0,0.0,100.0,0.0,0.0,0.0,0.0,0.0,0.0,0.0,0.0,0.0,0.0,0.0,0.0,0.0,0.0,0.0,0.0,0.0,0.0,0.0
1984,293,0.0,100.0,0.0,0.0,0.0,0.0,0.0,0.0,0.0,0.0,0.0,0.0,0.0,0.0,0.0,0.0,0.0,0.0,0.0,0.0,0.0,0.0,0.0
1984,294,0.0,0.0,0.0,0.0,0.0,0.0,0.0,0.0,100.0,0.0,0.0,0.0,0.0,0.0,0.0,0.0,0.0,0.0,0.0,0.0,0.0,0.0,0.0
1985,66,0.0,0.0,0.0,0.0,0.0,0.0,0.0,0.0,100.0,0.0,0.0,0.0,0.0,0.0,0.0,0.0,0.0,0.0,0.0,0.0,0.0,0.0,0.0
1985,69,0.0,0.0,0.0,0.0,0.0,0.0,0.0,0.0,0.0,0.0,0.0,100.0,0.0,0.0,0.0,0.0,0.0,0.0,0.0,0.0,0.0,0.0,0.0
1985,70,0.0,0.0,0.0,0.0,0.0,0.0,0.0,0.0,0.0,0.0,0.0,0.0,0.0,0.0,100.0,0.0,0.0,0.0,0.0,0.0,0.0,0.0,0.0
1985,71,0.0,0.0,0.0,0.0,0.0,0.0,0.0,0.0,0.0,0.0,0.0,0.0,0.0,0.0,0.0,0.0,0.0,0.0,0.0,0.0,100.0,0.0,0.0
1985,73,0.0,0.0,0.0,0.0,0.0,0.0,0.0,0.0,0.0,0.0,0.0,0.0,100.0,0.0,0.0,0.0,0.0,0.0,0.0,0.0,0.0,0.0,0.0
1985,74,0.0,0.0,0.0,0.0,0.0,0.0,0.0,100.0,0.0,0.0,0.0,0.0,0.0,0.0,0.0,0.0,0.0,0.0,0.0,0.0,0.0,0.0,0.0
1985,75,0.0,0.0,0.0,0.0,0.0,0.0,0.0,0.0,0.0,100.0,0.0,0.0,0.0,0.0,0.0,0.0,0.0,0.0,0.0,0.0,0.0,0.0,0.0
1985,76,0.0,0.0,100.0,0.0,0.0,0.0,0.0,0.0,0.0,0.0,0.0,0.0,0.0,0.0,0.0,0.0,0.0,0.0,0.0,0.0,0.0,0.0,0.0
1985,78,0.0,0.0,0.0,7.6923076923076925,0.0,84.61538461538461,0.0,0.0,0.0,0.0,0.0,0.0,0.0,7.6923076923076925,0.0,0.0,0.0,0.0,0.0,0.0,0.0,0.0,0.0
1985,79,0.0,0.0,0.0,0.0,0.0,0.0,0.0,0.0,0.0,0.0,0.0,100.0,0.0,0.0,0.0,0.0,0.0,0.0,0.0,0.0,0.0,0.0,0.0
1985,94,0.0,0.0,0.0,0.0,0.0,100.0,0.0,0.0,0.0,0.0,0.0,0.0,0.0,0.0,0.0,0.0,0.0,0.0,0.0,0.0,0.0,0.0,0.0
1985,95,0.0,0.0,0.0,0.0,100.0,0.0,0.0,0.0,0.0,0.0,0.0,0.0,0.0,0.0,0.0,0.0,0.0,0.0,0.0,0.0,0.0,0.0,0.0
1985,98,0.0,0.0,0.0,0.0,0.0,0.0,0.0,0.0,100.0,0.0,0.0,0.0,0.0,0.0,0.0,0.0,0.0,0.0,0.0,0.0,0.0,0.0,0.0
1985,106,0.0,0.0,0.0,0.0,0.0,0.0,0.0,0.0,0.0,0.0,0.0,0.0,0.0,100.0,0.0,0.0,0.0,0.0,0.0,0.0,0.0,0.0,0.0
1985,108,0.0,0.0,0.0,0.0,0.0,0.0,0.0,0.0,0.0,0.0,0.0,0.0,0.0,100.0,0.0,0.0,0.0,0.0,0.0,0.0,0.0,0.0,0.0
1985,289,0.0,0.0,0.0,0.0,0.0,0.0,0.0,0.0,0.0,0.0,0.0,0.0,0.0,0.0,0.0,0.0,0.0,0.0,0.0,0.0,100.0,0.0,0.0
1985,290,0.0,0.0,0.0,0.0,0.0,0.0,0.0,100.0,0.0,0.0,0.0,0.0,0.0,0.0,0.0,0.0,0.0,0.0,0.0,0.0,0.0,0.0,0.0
1985,291,0.0,0.0,0.0,0.0,0.0,100.0,0.0,0.0,0.0,0.0,0.0,0.0,0.0,0.0,0.0,0.0,0.0,0.0,0.0,0.0,0.0,0.0,0.0
1985,292,0.0,0.0,0.0,100.0,0.0,0.0,0.0,0.0,0.0,0.0,0.0,0.0,0.0,0.0,0.0,0.0,0.0,0.0,0.0,0.0,0.0,0.0,0.0
1985,293,0.0,100.0,0.0,0.0,0.0,0.0,0.0,0.0,0.0,0.0,0.0,0.0,0.0,0.0,0.0,0.0,0.0,0.0,0.0,0.0,0.0,0.0,0.0
1985,294,0.0,0.0,0.0,0.0,0.0,0.0,0.0,0.0,100.0,0.0,0.0,0.0,0.0,0.0,0.0,0.0,0.0,0.0,0.0,0.0,0.0,0.0,0.0
1986,66,0.0,0.0,0.0,0.0,0.0,0.0,0.0,0.0,100.0,0.0,0.0,0.0,0.0,0.0,0.0,0.0,0.0,0.0,0.0,0.0,0.0,0.0,0.0
1986,69,0.0,0.0,0.0,0.0,0.0,0.0,0.0,0.0,0.0,0.0,0.0,100.0,0.0,0.0,0.0,0.0,0.0,0.0,0.0,0.0,0.0,0.0,0.0
1986,70,0.0,0.0,0.0,0.0,0.0,0.0,0.0,0.0,0.0,0.0,0.0,0.0,0.0,0.0,100.0,0.0,0.0,0.0,0.0,0.0,0.0,0.0,0.0
1986,71,0.0,0.0,0.0,0.0,0.0,0.0,0.0,0.0,0.0,0.0,0.0,0.0,0.0,0.0,0.0,0.0,0.0,0.0,0.0,0.0,100.0,0.0,0.0
1986,73,0.0,0.0,0.0,0.0,0.0,0.0,0.0,0.0,0.0,0.0,0.0,0.0,100.0,0.0,0.0,0.0,0.0,0.0,0.0,0.0,0.0,0.0,0.0
1986,74,0.0,0.0,0.0,0.0,0.0,0.0,0.0,100.0,0.0,0.0,0.0,0.0,0.0,0.0,0.0,0.0,0.0,0.0,0.0,0.0,0.0,0.0,0.0
1986,75,0.0,0.0,0.0,0.0,0.0,0.0,0.0,0.0,0.0,100.0,0.0,0.0,0.0,0.0,0.0,0.0,0.0,0.0,0.0,0.0,0.0,0.0,0.0
1986,76,0.0,0.0,100.0,0.0,0.0,0.0,0.0,0.0,0.0,0.0,0.0,0.0,0.0,0.0,0.0,0.0,0.0,0.0,0.0,0.0,0.0,0.0,0.0
1986,78,0.0,0.0,0.0,0.0,0.0,100.0,0.0,0.0,0.0,0.0,0.0,0.0,0.0,0.0,0.0,0.0,0.0,0.0,0.0,0.0,0.0,0.0,0.0
1986,79,0.0,0.0,0.0,0.0,0.0,0.0,0.0,0.0,0.0,0.0,0.0,100.0,0.0,0.0,0.0,0.0,0.0,0.0,0.0,0.0,0.0,0.0,0.0
1986,94,0.0,0.0,0.0,0.0,0.0,100.0,0.0,0.0,0.0,0.0,0.0,0.0,0.0,0.0,0.0,0.0,0.0,0.0,0.0,0.0,0.0,0.0,0.0
1986,95,0.0,0.0,0.0,0.0,100.0,0.0,0.0,0.0,0.0,0.0,0.0,0.0,0.0,0.0,0.0,0.0,0.0,0.0,0.0,0.0,0.0,0.0,0.0
1986,98,0.0,0.0,0.0,0.0,0.0,0.0,0.0,0.0,100.0,0.0,0.0,0.0,0.0,0.0,0.0,0.0,0.0,0.0,0.0,0.0,0.0,0.0,0.0
1986,106,0.0,0.0,0.0,0.0,0.0,0.0,0.0,0.0,0.0,0.0,0.0,0.0,0.0,100.0,0.0,0.0,0.0,0.0,0.0,0.0,0.0,0.0,0.0
1986,108,0.0,0.0,0.0,0.0,0.0,0.0,0.0,0.0,0.0,0.0,0.0,0.0,0.0,100.0,0.0,0.0,0.0,0.0,0.0,0.0,0.0,0.0,0.0
1986,289,0.0,0.0,0.0,0.0,0.0,0.0,0.0,0.0,0.0,0.0,0.0,0.0,0.0,0.0,0.0,0.0,0.0,0.0,0.0,0.0,100.0,0.0,0.0
1986,290,0.0,0.0,0.0,0.0,0.0,0.0,0.0,100.0,0.0,0.0,0.0,0.0,0.0,0.0,0.0,0.0,0.0,0.0,0.0,0.0,0.0,0.0,0.0
1986,291,0.0,0.0,0.0,0.0,0.0,100.0,0.0,0.0,0.0,0.0,0.0,0.0,0.0,0.0,0.0,0.0,0.0,0.0,0.0,0.0,0.0,0.0,0.0
1986,292,0.0,0.0,0.0,100.0,0.0,0.0,0.0,0.0,0.0,0.0,0.0,0.0,0.0,0.0,0.0,0.0,0.0,0.0,0.0,0.0,0.0,0.0,0.0
1986,293,0.0,100.0,0.0,0.0,0.0,0.0,0.0,0.0,0.0,0.0,0.0,0.0,0.0,0.0,0.0,0.0,0.0,0.0,0.0,0.0,0.0,0.0,0.0
1986,294,0.0,0.0,0.0,0.0,0.0,0.0,0.0,0.0,100.0,0.0,0.0,0.0,0.0,0.0,0.0,0.0,0.0,0.0,0.0,0.0,0.0,0.0,0.0
1987,66,0.0,0.0,0.0,0.0,0.0,0.0,0.0,0.0,100.0,0.0,0.0,0.0,0.0,0.0,0.0,0.0,0.0,0.0,0.0,0.0,0.0,0.0,0.0
1987,69,0.0,0.0,0.0,0.0,0.0,0.0,0.0,0.0,0.0,0.0,0.0,100.0,0.0,0.0,0.0,0.0,0.0,0.0,0.0,0.0,0.0,0.0,0.0
1987,70,0.0,0.0,0.0,0.0,0.0,0.0,0.0,0.0,0.0,0.0,0.0,0.0,0.0,0.0,100.0,0.0,0.0,0.0,0.0,0.0,0.0,0.0,0.0
1987,71,0.0,0.0,0.0,0.0,0.0,0.0,0.0,0.0,0.0,0.0,0.0,0.0,0.0,0.0,0.0,0.0,0.0,0.0,0.0,0.0,100.0,0.0,0.0
1987,73,0.0,0.0,0.0,0.0,0.0,0.0,0.0,0.0,0.0,0.0,0.0,0.0,100.0,0.0,0.0,0.0,0.0,0.0,0.0,0.0,0.0,0.0,0.0
1987,74,0.0,0.0,0.0,0.0,0.0,0.0,0.0,100.0,0.0,0.0,0.0,0.0,0.0,0.0,0.0,0.0,0.0,0.0,0.0,0.0,0.0,0.0,0.0
1987,75,0.0,0.0,0.0,0.0,0.0,0.0,0.0,0.0,0.0,100.0,0.0,0.0,0.0,0.0,0.0,0.0,0.0,0.0,0.0,0.0,0.0,0.0,0.0
1987,76,0.0,0.0,100.0,0.0,0.0,0.0,0.0,0.0,0.0,0.0,0.0,0.0,0.0,0.0,0.0,0.0,0.0,0.0,0.0,0.0,0.0,0.0,0.0
1987,78,0.0,0.0,0.0,0.0,0.0,100.0,0.0,0.0,0.0,0.0,0.0,0.0,0.0,0.0,0.0,0.0,0.0,0.0,0.0,0.0,0.0,0.0,0.0
1987,79,0.0,0.0,0.0,0.0,0.0,0.0,0.0,0.0,0.0,0.0,0.0,100.0,0.0,0.0,0.0,0.0,0.0,0.0,0.0,0.0,0.0,0.0,0.0
1987,94,0.0,0.0,0.0,0.0,0.0,100.0,0.0,0.0,0.0,0.0,0.0,0.0,0.0,0.0,0.0,0.0,0.0,0.0,0.0,0.0,0.0,0.0,0.0
1987,95,0.0,0.0,0.0,0.0,100.0,0.0,0.0,0.0,0.0,0.0,0.0,0.0,0.0,0.0,0.0,0.0,0.0,0.0,0.0,0.0,0.0,0.0,0.0
1987,98,0.0,0.0,0.0,0.0,0.0,0.0,0.0,0.0,100.0,0.0,0.0,0.0,0.0,0.0,0.0,0.0,0.0,0.0,0.0,0.0,0.0,0.0,0.0
1987,106,0.0,0.0,0.0,0.0,0.0,0.0,0.0,0.0,0.0,0.0,0.0,0.0,0.0,100.0,0.0,0.0,0.0,0.0,0.0,0.0,0.0,0.0,0.0
1987,108,0.0,0.0,0.0,0.0,0.0,0.0,0.0,0.0,0.0,0.0,0.0,0.0,0.0,100.0,0.0,0.0,0.0,0.0,0.0,0.0,0.0,0.0,0.0
1987,289,0.0,0.0,0.0,0.0,0.0,0.0,0.0,0.0,0.0,0.0,0.0,0.0,0.0,0.0,0.0,0.0,0.0,0.0,0.0,0.0,100.0,0.0,0.0
1987,290,0.0,0.0,0.0,0.0,0.0,0.0,0.0,100.0,0.0,0.0,0.0,0.0,0.0,0.0,0.0,0.0,0.0,0.0,0.0,0.0,0.0,0.0,0.0
1987,291,0.0,0.0,0.0,0.0,0.0,100.0,0.0,0.0,0.0,0.0,0.0,0.0,0.0,0.0,0.0,0.0,0.0,0.0,0.0,0.0,0.0,0.0,0.0
1987,292,0.0,0.0,0.0,100.0,0.0,0.0,0.0,0.0,0.0,0.0,0.0,0.0,0.0,0.0,0.0,0.0,0.0,0.0,0.0,0.0,0.0,0.0,0.0
1987,293,0.0,100.0,0.0,0.0,0.0,0.0,0.0,0.0,0.0,0.0,0.0,0.0,0.0,0.0,0.0,0.0,0.0,0.0,0.0,0.0,0.0,0.0,0.0
1987,294,0.0,0.0,0.0,0.0,0.0,0.0,0.0,0.0,100.0,0.0,0.0,0.0,0.0,0.0,0.0,0.0,0.0,0.0,0.0,0.0,0.0,0.0,0.0
1988,66,0.0,0.0,0.0,0.0,0.0,0.0,0.0,0.0,100.0,0.0,0.0,0.0,0.0,0.0,0.0,0.0,0.0,0.0,0.0,0.0,0.0,0.0,0.0
1988,69,0.0,0.0,0.0,0.0,0.0,0.0,0.0,0.0,0.0,0.0,0.0,100.0,0.0,0.0,0.0,0.0,0.0,0.0,0.0,0.0,0.0,0.0,0.0
1988,70,0.0,0.0,0.0,0.0,0.0,0.0,0.0,0.0,0.0,0.0,0.0,0.0,0.0,0.0,100.0,0.0,0.0,0.0,0.0,0.0,0.0,0.0,0.0
1988,71,0.0,0.0,0.0,0.0,0.0,0.0,0.0,0.0,0.0,0.0,0.0,0.0,0.0,0.0,0.0,0.0,0.0,0.0,0.0,0.0,100.0,0.0,0.0
1988,73,0.0,0.0,0.0,0.0,0.0,0.0,0.0,0.0,0.0,0.0,0.0,0.0,100.0,0.0,0.0,0.0,0.0,0.0,0.0,0.0,0.0,0.0,0.0
1988,74,0.0,0.0,0.0,0.0,0.0,0.0,0.0,100.0,0.0,0.0,0.0,0.0,0.0,0.0,0.0,0.0,0.0,0.0,0.0,0.0,0.0,0.0,0.0
1988,75,0.0,0.0,0.0,0.0,0.0,0.0,0.0,0.0,0.0,100.0,0.0,0.0,0.0,0.0,0.0,0.0,0.0,0.0,0.0,0.0,0.0,0.0,0.0
1988,76,0.0,0.0,100.0,0.0,0.0,0.0,0.0,0.0,0.0,0.0,0.0,0.0,0.0,0.0,0.0,0.0,0.0,0.0,0.0,0.0,0.0,0.0,0.0
1988,78,0.0,0.0,0.0,0.0,0.0,100.0,0.0,0.0,0.0,0.0,0.0,0.0,0.0,0.0,0.0,0.0,0.0,0.0,0.0,0.0,0.0,0.0,0.0
1988,79,0.0,0.0,0.0,0.0,0.0,0.0,0.0,0.0,0.0,0.0,0.0,100.0,0.0,0.0,0.0,0.0,0.0,0.0,0.0,0.0,0.0,0.0,0.0
1988,94,0.0,0.0,0.0,0.0,0.0,100.0,0.0,0.0,0.0,0.0,0.0,0.0,0.0,0.0,0.0,0.0,0.0,0.0,0.0,0.0,0.0,0.0,0.0
1988,95,0.0,0.0,0.0,0.0,100.0,0.0,0.0,0.0,0.0,0.0,0.0,0.0,0.0,0.0,0.0,0.0,0.0,0.0,0.0,0.0,0.0,0.0,0.0
1988,98,0.0,0.0,0.0,0.0,0.0,0.0,0.0,0.0,100.0,0.0,0.0,0.0,0.0,0.0,0.0,0.0,0.0,0.0,0.0,0.0,0.0,0.0,0.0
1988,106,0.0,0.0,0.0,0.0,0.0,0.0,0.0,0.0,0.0,0.0,0.0,0.0,0.0,100.0,0.0,0.0,0.0,0.0,0.0,0.0,0.0,0.0,0.0
1988,108,0.0,0.0,0.0,0.0,0.0,0.0,0.0,0.0,0.0,0.0,0.0,0.0,0.0,100.0,0.0,0.0,0.0,0.0,0.0,0.0,0.0,0.0,0.0
1988,289,0.0,0.0,0.0,0.0,0.0,0.0,0.0,0.0,0.0,0.0,0.0,0.0,0.0,0.0,0.0,0.0,0.0,0.0,0.0,0.0,100.0,0.0,0.0
1988,290,0.0,0.0,0.0,0.0,0.0,0.0,0.0,100.0,0.0,0.0,0.0,0.0,0.0,0.0,0.0,0.0,0.0,0.0,0.0,0.0,0.0,0.0,0.0
1988,291,0.0,0.0,0.0,0.0,0.0,100.0,0.0,0.0,0.0,0.0,0.0,0.0,0.0,0.0,0.0,0.0,0.0,0.0,0.0,0.0,0.0,0.0,0.0
1988,292,0.0,0.0,0.0,100.0,0.0,0.0,0.0,0.0,0.0,0.0,0.0,0.0,0.0,0.0,0.0,0.0,0.0,0.0,0.0,0.0,0.0,0.0,0.0
1988,293,0.0,100.0,0.0,0.0,0.0,0.0,0.0,0.0,0.0,0.0,0.0,0.0,0.0,0.0,0.0,0.0,0.0,0.0,0.0,0.0,0.0,0.0,0.0
1988,294,0.0,0.0,0.0,0.0,0.0,0.0,0.0,0.0,100.0,0.0,0.0,0.0,0.0,0.0,0.0,0.0,0.0,0.0,0.0,0.0,0.0,0.0,0.0
1989,66,0.0,0.0,0.0,0.0,0.0,0.0,0.0,0.0,100.0,0.0,0.0,0.0,0.0,0.0,0.0,0.0,0.0,0.0,0.0,0.0,0.0,0.0,0.0
1989,69,0.0,0.0,0.0,0.0,0.0,0.0,0.0,0.0,0.0,0.0,0.0,100.0,0.0,0.0,0.0,0.0,0.0,0.0,0.0,0.0,0.0,0.0,0.0
1989,70,0.0,0.0,0.0,0.0,0.0,0.0,0.0,0.0,0.0,0.0,0.0,0.0,0.0,0.0,100.0,0.0,0.0,0.0,0.0,0.0,0.0,0.0,0.0
1989,71,0.0,0.0,0.0,0.0,0.0,0.0,0.0,0.0,0.0,0.0,0.0,0.0,0.0,0.0,0.0,0.0,0.0,0.0,0.0,0.0,100.0,0.0,0.0
1989,73,0.0,0.0,0.0,0.0,0.0,0.0,0.0,0.0,0.0,0.0,0.0,0.0,95.0,5.0,0.0,0.0,0.0,0.0,0.0,0.0,0.0,0.0,0.0
1989,74,0.0,0.0,0.0,0.0,0.0,0.0,0.0,100.0,0.0,0.0,0.0,0.0,0.0,0.0,0.0,0.0,0.0,0.0,0.0,0.0,0.0,0.0,0.0
1989,75,0.0,0.0,0.0,0.0,0.0,0.0,0.0,0.0,0.0,100.0,0.0,0.0,0.0,0.0,0.0,0.0,0.0,0.0,0.0,0.0,0.0,0.0,0.0
1989,76,0.0,0.0,100.0,0.0,0.0,0.0,0.0,0.0,0.0,0.0,0.0,0.0,0.0,0.0,0.0,0.0,0.0,0.0,0.0,0.0,0.0,0.0,0.0
1989,78,0.0,0.0,0.0,10.0,0.0,90.0,0.0,0.0,0.0,0.0,0.0,0.0,0.0,0.0,0.0,0.0,0.0,0.0,0.0,0.0,0.0,0.0,0.0
1989,79,0.0,0.0,0.0,0.0,0.0,0.0,0.0,0.0,0.0,0.0,0.0,100.0,0.0,0.0,0.0,0.0,0.0,0.0,0.0,0.0,0.0,0.0,0.0
1989,94,0.0,0.0,5.0,0.0,0.0,95.0,0.0,0.0,0.0,0.0,0.0,0.0,0.0,0.0,0.0,0.0,0.0,0.0,0.0,0.0,0.0,0.0,0.0
1989,95,0.0,0.0,0.0,0.0,100.0,0.0,0.0,0.0,0.0,0.0,0.0,0.0,0.0,0.0,0.0,0.0,0.0,0.0,0.0,0.0,0.0,0.0,0.0
1989,98,0.0,0.0,0.0,0.0,0.0,0.0,0.0,0.0,100.0,0.0,0.0,0.0,0.0,0.0,0.0,0.0,0.0,0.0,0.0,0.0,0.0,0.0,0.0
1989,106,0.0,0.0,0.0,0.0,0.0,0.0,0.0,0.0,0.0,0.0,0.0,0.0,0.0,100.0,0.0,0.0,0.0,0.0,0.0,0.0,0.0,0.0,0.0
1989,108,0.0,0.0,0.0,0.0,0.0,0.0,0.0,0.0,0.0,0.0,0.0,0.0,0.0,100.0,0.0,0.0,0.0,0.0,0.0,0.0,0.0,0.0,0.0
1989,289,0.0,0.0,0.0,0.0,0.0,0.0,0.0,0.0,0.0,0.0,0.0,0.0,0.0,0.0,0.0,0.0,0.0,0.0,0.0,0.0,100.0,0.0,0.0
1989,290,0.0,0.0,0.0,0.0,0.0,0.0,0.0,100.0,0.0,0.0,0.0,0.0,0.0,0.0,0.0,0.0,0.0,0.0,0.0,0.0,0.0,0.0,0.0
1989,291,0.0,0.0,0.0,0.0,0.0,100.0,0.0,0.0,0.0,0.0,0.0,0.0,0.0,0.0,0.0,0.0,0.0,0.0,0.0,0.0,0.0,0.0,0.0
1989,292,0.0,0.0,0.0,100.0,0.0,0.0,0.0,0.0,0.0,0.0,0.0,0.0,0.0,0.0,0.0,0.0,0.0,0.0,0.0,0.0,0.0,0.0,0.0
1989,293,0.0,100.0,0.0,0.0,0.0,0.0,0.0,0.0,0.0,0.0,0.0,0.0,0.0,0.0,0.0,0.0,0.0,0.0,0.0,0.0,0.0,0.0,0.0
1989,294,0.0,0.0,0.0,0.0,0.0,0.0,0.0,0.0,100.0,0.0,0.0,0.0,0.0,0.0,0.0,0.0,0.0,0.0,0.0,0.0,0.0,0.0,0.0
1990,66,0.0,0.0,0.0,0.0,0.0,0.0,0.0,0.0,100.0,0.0,0.0,0.0,0.0,0.0,0.0,0.0,0.0,0.0,0.0,0.0,0.0,0.0,0.0
1990,69,0.0,0.0,0.0,0.0,0.0,0.0,0.0,0.0,0.0,0.0,0.0,100.0,0.0,0.0,0.0,0.0,0.0,0.0,0.0,0.0,0.0,0.0,0.0
1990,70,0.0,0.0,0.0,0.0,0.0,0.0,0.0,0.0,0.0,0.0,0.0,0.0,0.0,0.0,100.0,0.0,0.0,0.0,0.0,0.0,0.0,0.0,0.0
1990,71,0.0,0.0,0.0,0.0,0.0,0.0,0.0,0.0,0.0,0.0,0.0,0.0,0.0,0.0,0.0,0.0,0.0,0.0,0.0,0.0,100.0,0.0,0.0
1990,73,0.0,0.0,0.0,0.0,0.0,0.0,0.0,0.0,0.0,0.0,0.0,0.0,100.0,0.0,0.0,0.0,0.0,0.0,0.0,0.0,0.0,0.0,0.0
1990,74,0.0,0.0,0.0,0.0,0.0,0.0,0.0,100.0,0.0,0.0,0.0,0.0,0.0,0.0,0.0,0.0,0.0,0.0,0.0,0.0,0.0,0.0,0.0
1990,75,0.0,0.0,0.0,0.0,0.0,0.0,0.0,0.0,0.0,100.0,0.0,0.0,0.0,0.0,0.0,0.0,0.0,0.0,0.0,0.0,0.0,0.0,0.0
1990,76,0.0,0.0,100.0,0.0,0.0,0.0,0.0,0.0,0.0,0.0,0.0,0.0,0.0,0.0,0.0,0.0,0.0,0.0,0.0,0.0,0.0,0.0,0.0
1990,78,0.0,0.0,0.0,18.181818181818183,0.0,81.81818181818183,0.0,0.0,0.0,0.0,0.0,0.0,0.0,0.0,0.0,0.0,0.0,0.0,0.0,0.0,0.0,0.0,0.0
1990,79,0.0,0.0,0.0,0.0,0.0,0.0,0.0,0.0,0.0,0.0,0.0,100.0,0.0,0.0,0.0,0.0,0.0,0.0,0.0,0.0,0.0,0.0,0.0
1990,94,0.0,0.0,0.0,0.0,0.0,90.9090909090909,0.0,0.0,0.0,0.0,0.0,0.0,0.0,0.0,9.090909090909092,0.0,0.0,0.0,0.0,0.0,0.0,0.0,0.0
1990,95,0.0,0.0,0.0,0.0,100.0,0.0,0.0,0.0,0.0,0.0,0.0,0.0,0.0,0.0,0.0,0.0,0.0,0.0,0.0,0.0,0.0,0.0,0.0
1990,98,0.0,0.0,0.0,0.0,0.0,0.0,0.0,0.0,100.0,0.0,0.0,0.0,0.0,0.0,0.0,0.0,0.0,0.0,0.0,0.0,0.0,0.0,0.0
1990,106,0.0,0.0,0.0,0.0,0.0,0.0,0.0,0.0,0.0,0.0,0.0,0.0,0.0,100.0,0.0,0.0,0.0,0.0,0.0,0.0,0.0,0.0,0.0
1990,108,0.0,0.0,0.0,0.0,0.0,0.0,0.0,0.0,0.0,0.0,0.0,0.0,0.0,100.0,0.0,0.0,0.0,0.0,0.0,0.0,0.0,0.0,0.0
1990,289,0.0,0.0,0.0,0.0,0.0,0.0,0.0,0.0,0.0,0.0,0.0,0.0,0.0,0.0,0.0,0.0,0.0,0.0,0.0,0.0,100.0,0.0,0.0
1990,290,0.0,0.0,0.0,0.0,0.0,0.0,0.0,100.0,0.0,0.0,0.0,0.0,0.0,0.0,0.0,0.0,0.0,0.0,0.0,0.0,0.0,0.0,0.0
1990,291,0.0,0.0,0.0,0.0,0.0,100.0,0.0,0.0,0.0,0.0,0.0,0.0,0.0,0.0,0.0,0.0,0.0,0.0,0.0,0.0,0.0,0.0,0.0
1990,292,0.0,0.0,0.0,100.0,0.0,0.0,0.0,0.0,0.0,0.0,0.0,0.0,0.0,0.0,0.0,0.0,0.0,0.0,0.0,0.0,0.0,0.0,0.0
1990,293,0.0,100.0,0.0,0.0,0.0,0.0,0.0,0.0,0.0,0.0,0.0,0.0,0.0,0.0,0.0,0.0,0.0,0.0,0.0,0.0,0.0,0.0,0.0
1990,294,0.0,0.0,0.0,0.0,0.0,0.0,0.0,0.0,100.0,0.0,0.0,0.0,0.0,0.0,0.0,0.0,0.0,0.0,0.0,0.0,0.0,0.0,0.0
1991,66,0.0,0.0,0.0,0.0,0.0,0.0,0.0,0.0,100.0,0.0,0.0,0.0,0.0,0.0,0.0,0.0,0.0,0.0,0.0,0.0,0.0,0.0,0.0
1991,69,0.0,0.0,0.0,0.0,0.0,0.0,0.0,0.0,0.0,0.0,0.0,100.0,0.0,0.0,0.0,0.0,0.0,0.0,0.0,0.0,0.0,0.0,0.0
1991,70,0.0,0.0,0.0,0.0,0.0,0.0,0.0,0.0,0.0,0.0,0.0,0.0,0.0,0.0,100.0,0.0,0.0,0.0,0.0,0.0,0.0,0.0,0.0
1991,71,0.0,0.0,0.0,0.0,0.0,0.0,0.0,0.0,0.0,0.0,0.0,0.0,0.0,0.0,0.0,0.0,0.0,0.0,0.0,0.0,100.0,0.0,0.0
1991,73,0.0,0.0,0.0,0.0,0.0,0.0,0.0,0.0,0.0,0.0,0.0,0.0,100.0,0.0,0.0,0.0,0.0,0.0,0.0,0.0,0.0,0.0,0.0
1991,74,0.0,0.0,0.0,0.0,0.0,0.0,0.0,100.0,0.0,0.0,0.0,0.0,0.0,0.0,0.0,0.0,0.0,0.0,0.0,0.0,0.0,0.0,0.0
1991,75,0.0,0.0,0.0,0.0,0.0,0.0,0.0,0.0,0.0,100.0,0.0,0.0,0.0,0.0,0.0,0.0,0.0,0.0,0.0,0.0,0.0,0.0,0.0
1991,76,0.0,0.0,100.0,0.0,0.0,0.0,0.0,0.0,0.0,0.0,0.0,0.0,0.0,0.0,0.0,0.0,0.0,0.0,0.0,0.0,0.0,0.0,0.0
1991,78,0.0,0.0,0.0,2.631578947368421,0.0,97.36842105263158,0.0,0.0,0.0,0.0,0.0,0.0,0.0,0.0,0.0,0.0,0.0,0.0,0.0,0.0,0.0,0.0,0.0
1991,79,0.0,0.0,0.0,0.0,0.0,0.0,0.0,0.0,2.631578947368421,0.0,0.0,97.36842105263158,0.0,0.0,0.0,0.0,0.0,0.0,0.0,0.0,0.0,0.0,0.0
1991,94,0.0,0.0,2.631578947368421,0.0,0.0,97.36842105263158,0.0,0.0,0.0,0.0,0.0,0.0,0.0,0.0,0.0,0.0,0.0,0.0,0.0,0.0,0.0,0.0,0.0
1991,95,0.0,0.0,0.0,0.0,97.36842105263158,0.0,0.0,0.0,0.0,0.0,0.0,0.0,0.0,0.0,0.0,0.0,2.631578947368421,0.0,0.0,0.0,0.0,0.0,0.0
1991,98,0.0,0.0,0.0,0.0,0.0,0.0,0.0,0.0,100.0,0.0,0.0,0.0,0.0,0.0,0.0,0.0,0.0,0.0,0.0,0.0,0.0,0.0,0.0
1991,106,0.0,0.0,0.0,0.0,0.0,0.0,0.0,0.0,0.0,0.0,0.0,0.0,0.0,100.0,0.0,0.0,0.0,0.0,0.0,0.0,0.0,0.0,0.0
1991,108,0.0,0.0,0.0,0.0,0.0,0.0,0.0,0.0,5.263157894736842,0.0,0.0,0.0,0.0,94.73684210526315,0.0,0.0,0.0,0.0,0.0,0.0,0.0,0.0,0.0
1991,289,0.0,0.0,0.0,0.0,0.0,0.0,0.0,0.0,0.0,0.0,0.0,0.0,0.0,0.0,0.0,0.0,0.0,0.0,0.0,0.0,97.36842105263158,0.0,2.631578947368421
1991,290,0.0,0.0,0.0,0.0,0.0,0.0,0.0,97.36842105263158,0.0,0.0,0.0,0.0,0.0,0.0,0.0,0.0,0.0,0.0,0.0,0.0,0.0,0.0,2.631578947368421
1991,291,0.0,0.0,0.0,0.0,0.0,97.36842105263158,0.0,0.0,0.0,0.0,0.0,0.0,0.0,0.0,0.0,0.0,0.0,0.0,0.0,0.0,0.0,0.0,2.631578947368421
1991,292,0.0,0.0,0.0,97.36842105263158,0.0,0.0,0.0,0.0,0.0,0.0,0.0,0.0,0.0,0.0,0.0,0.0,0.0,0.0,0.0,0.0,0.0,0.0,2.631578947368421
1991,293,0.0,97.36842105263158,0.0,0.0,0.0,0.0,0.0,0.0,0.0,0.0,0.0,0.0,0.0,0.0,0.0,0.0,0.0,0.0,0.0,0.0,0.0,0.0,2.631578947368421
1991,294,0.0,0.0,0.0,0.0,0.0,0.0,0.0,0.0,97.36842105263158,0.0,0.0,0.0,0.0,0.0,0.0,0.0,0.0,0.0,0.0,0.0,0.0,0.0,2.631578947368421
1992,66,0.0,0.0,0.0,0.0,0.0,0.0,0.0,0.0,100.0,0.0,0.0,0.0,0.0,0.0,0.0,0.0,0.0,0.0,0.0,0.0,0.0,0.0,0.0
1992,69,0.0,0.0,0.0,0.0,0.0,0.0,0.0,0.0,0.0,0.0,0.0,100.0,0.0,0.0,0.0,0.0,0.0,0.0,0.0,0.0,0.0,0.0,0.0
1992,70,0.0,0.0,0.0,0.0,0.0,0.0,0.0,0.0,0.0,0.0,0.0,0.0,0.0,0.0,100.0,0.0,0.0,0.0,0.0,0.0,0.0,0.0,0.0
1992,71,0.0,0.0,0.0,0.0,0.0,0.0,0.0,0.0,0.0,0.0,0.0,0.0,0.0,0.0,0.0,0.0,0.0,0.0,0.0,0.0,100.0,0.0,0.0
1992,73,0.0,0.0,0.0,0.0,0.0,0.0,0.0,0.0,0.0,0.0,0.0,0.0,100.0,0.0,0.0,0.0,0.0,0.0,0.0,0.0,0.0,0.0,0.0
1992,74,0.0,0.0,0.0,0.0,0.0,0.0,0.0,100.0,0.0,0.0,0.0,0.0,0.0,0.0,0.0,0.0,0.0,0.0,0.0,0.0,0.0,0.0,0.0
1992,75,0.0,0.0,0.0,0.0,0.0,0.0,0.0,0.0,0.0,100.0,0.0,0.0,0.0,0.0,0.0,0.0,0.0,0.0,0.0,0.0,0.0,0.0,0.0
1992,76,0.0,0.0,100.0,0.0,0.0,0.0,0.0,0.0,0.0,0.0,0.0,0.0,0.0,0.0,0.0,0.0,0.0,0.0,0.0,0.0,0.0,0.0,0.0
1992,78,0.0,0.0,0.0,5.263157894736842,0.0,92.10526315789474,0.0,0.0,0.0,0.0,0.0,0.0,0.0,2.631578947368421,0.0,0.0,0.0,0.0,0.0,0.0,0.0,0.0,0.0
1992,79,0.0,0.0,0.0,0.0,0.0,0.0,0.0,0.0,0.0,0.0,0.0,100.0,0.0,0.0,0.0,0.0,0.0,0.0,0.0,0.0,0.0,0.0,0.0
1992,94,0.0,0.0,0.0,0.0,0.0,97.36842105263158,0.0,0.0,0.0,0.0,0.0,0.0,0.0,0.0,2.631578947368421,0.0,0.0,0.0,0.0,0.0,0.0,0.0,0.0
1992,95,0.0,0.0,0.0,0.0,94.73684210526315,0.0,0.0,2.631578947368421,0.0,0.0,0.0,0.0,0.0,0.0,0.0,0.0,2.631578947368421,0.0,0.0,0.0,0.0,0.0,0.0
1992,98,0.0,0.0,0.0,0.0,0.0,0.0,0.0,0.0,100.0,0.0,0.0,0.0,0.0,0.0,0.0,0.0,0.0,0.0,0.0,0.0,0.0,0.0,0.0
1992,106,0.0,0.0,0.0,0.0,0.0,0.0,0.0,0.0,0.0,0.0,0.0,0.0,0.0,100.0,0.0,0.0,0.0,0.0,0.0,0.0,0.0,0.0,0.0
1992,108,0.0,0.0,0.0,0.0,0.0,0.0,0.0,0.0,0.0,0.0,0.0,0.0,0.0,100.0,0.0,0.0,0.0,0.0,0.0,0.0,0.0,0.0,0.0
1992,289,0.0,0.0,0.0,0.0,0.0,0.0,0.0,0.0,0.0,0.0,0.0,0.0,0.0,0.0,0.0,0.0,0.0,0.0,0.0,0.0,100.0,0.0,0.0
1992,290,0.0,0.0,0.0,0.0,0.0,0.0,0.0,100.0,0.0,0.0,0.0,0.0,0.0,0.0,0.0,0.0,0.0,0.0,0.0,0.0,0.0,0.0,0.0
1992,291,0.0,0.0,0.0,0.0,0.0,100.0,0.0,0.0,0.0,0.0,0.0,0.0,0.0,0.0,0.0,0.0,0.0,0.0,0.0,0.0,0.0,0.0,0.0
1992,292,0.0,0.0,0.0,100.0,0.0,0.0,0.0,0.0,0.0,0.0,0.0,0.0,0.0,0.0,0.0,0.0,0.0,0.0,0.0,0.0,0.0,0.0,0.0
1992,293,0.0,100.0,0.0,0.0,0.0,0.0,0.0,0.0,0.0,0.0,0.0,0.0,0.0,0.0,0.0,0.0,0.0,0.0,0.0,0.0,0.0,0.0,0.0
1992,294,0.0,0.0,0.0,0.0,0.0,0.0,0.0,0.0,100.0,0.0,0.0,0.0,0.0,0.0,0.0,0.0,0.0,0.0,0.0,0.0,0.0,0.0,0.0
1993,66,0.0,0.0,0.0,0.0,0.0,0.0,0.0,0.0,100.0,0.0,0.0,0.0,0.0,0.0,0.0,0.0,0.0,0.0,0.0,0.0,0.0,0.0,0.0
1993,69,0.0,0.0,0.0,0.0,0.0,0.0,0.0,0.0,0.0,0.0,0.0,100.0,0.0,0.0,0.0,0.0,0.0,0.0,0.0,0.0,0.0,0.0,0.0
1993,70,0.0,0.0,0.0,0.0,0.0,0.0,0.0,0.0,0.0,0.0,0.0,0.0,0.0,0.0,100.0,0.0,0.0,0.0,0.0,0.0,0.0,0.0,0.0
1993,71,0.0,0.0,0.0,0.0,0.0,0.0,0.0,0.0,0.0,0.0,0.0,0.0,0.0,0.0,0.9523809523809524,0.0,0.0,0.0,0.0,0.0,99.04761904761905,0.0,0.0
1993,73,0.0,0.0,0.0,0.0,0.0,0.0,0.0,0.0,0.9523809523809524,0.0,0.0,0.0,99.04761904761905,0.0,0.0,0.0,0.0,0.0,0.0,0.0,0.0,0.0,0.0
1993,74,0.0,0.0,0.0,0.0,0.0,0.0,0.0,100.0,0.0,0.0,0.0,0.0,0.0,0.0,0.0,0.0,0.0,0.0,0.0,0.0,0.0,0.0,0.0
1993,75,0.0,0.0,0.0,0.0,0.0,0.0,0.0,0.0,0.0,100.0,0.0,0.0,0.0,0.0,0.0,0.0,0.0,0.0,0.0,0.0,0.0,0.0,0.0
1993,76,0.0,0.0,100.0,0.0,0.0,0.0,0.0,0.0,0.0,0.0,0.0,0.0,0.0,0.0,0.0,0.0,0.0,0.0,0.0,0.0,0.0,0.0,0.0
1993,78,0.0,0.0,0.0,1.9047619047619049,0.0,98.09523809523809,0.0,0.0,0.0,0.0,0.0,0.0,0.0,0.0,0.0,0.0,0.0,0.0,0.0,0.0,0.0,0.0,0.0
1993,79,0.0,0.0,0.0,0.0,0.0,0.0,0.0,0.0,0.0,0.0,0.0,99.04761904761905,0.0,0.0,0.0,0.0,0.0,0.9523809523809524,0.0,0.0,0.0,0.0,0.0
1993,94,0.0,0.0,0.0,0.0,0.0,100.0,0.0,0.0,0.0,0.0,0.0,0.0,0.0,0.0,0.0,0.0,0.0,0.0,0.0,0.0,0.0,0.0,0.0
1993,95,0.0,0.0,0.0,0.0,97.14285714285714,0.0,0.0,0.0,0.0,0.0,0.0,0.0,0.0,0.0,0.0,0.0,2.857142857142857,0.0,0.0,0.0,0.0,0.0,0.0
1993,98,0.0,0.0,0.0,0.0,0.0,0.0,0.0,0.0,100.0,0.0,0.0,0.0,0.0,0.0,0.0,0.0,0.0,0.0,0.0,0.0,0.0,0.0,0.0
1993,106,0.0,0.0,0.0,0.0,0.0,0.0,0.0,0.0,0.0,0.0,0.0,0.0,0.0,100.0,0.0,0.0,0.0,0.0,0.0,0.0,0.0,0.0,0.0
1993,108,0.0,0.0,0.0,0.0,0.0,0.0,0.0,0.0,0.0,0.0,0.0,0.0,0.0,100.0,0.0,0.0,0.0,0.0,0.0,0.0,0.0,0.0,0.0
1993,289,0.0,0.0,0.0,0.0,0.0,0.0,0.0,0.0,0.0,0.0,0.0,0.0,0.0,0.0,0.9523809523809524,0.0,0.0,0.0,0.0,0.0,99.04761904761905,0.0,0.0
1993,290,0.0,0.0,0.0,0.0,0.0,0.0,0.0,100.0,0.0,0.0,0.0,0.0,0.0,0.0,0.0,0.0,0.0,0.0,0.0,0.0,0.0,0.0,0.0
1993,291,0.0,0.0,0.0,0.0,0.0,100.0,0.0,0.0,0.0,0.0,0.0,0.0,0.0,0.0,0.0,0.0,0.0,0.0,0.0,0.0,0.0,0.0,0.0
1993,292,0.0,0.0,0.0,98.09523809523809,0.0,0.9523809523809524,0.0,0.0,0.9523809523809524,0.0,0.0,0.0,0.0,0.0,0.0,0.0,0.0,0.0,0.0,0.0,0.0,0.0,0.0
1993,293,0.0,100.0,0.0,0.0,0.0,0.0,0.0,0.0,0.0,0.0,0.0,0.0,0.0,0.0,0.0,0.0,0.0,0.0,0.0,0.0,0.0,0.0,0.0
1993,294,0.0,0.0,0.0,0.0,0.0,0.0,0.0,0.0,99.04761904761905,0.0,0.0,0.9523809523809524,0.0,0.0,0.0,0.0,0.0,0.0,0.0,0.0,0.0,0.0,0.0
1994,66,0.0,0.0,0.0,0.0,0.0,0.0,0.0,0.0,100.0,0.0,0.0,0.0,0.0,0.0,0.0,0.0,0.0,0.0,0.0,0.0,0.0,0.0,0.0
1994,69,0.0,0.0,0.0,0.0,0.0,0.0,0.0,0.0,0.0,0.0,0.0,100.0,0.0,0.0,0.0,0.0,0.0,0.0,0.0,0.0,0.0,0.0,0.0
1994,70,0.0,0.0,0.0,0.0,0.0,0.0,0.0,0.0,0.0,0.0,0.0,1.3513513513513513,0.0,0.0,98.64864864864865,0.0,0.0,0.0,0.0,0.0,0.0,0.0,0.0
1994,71,0.0,0.0,0.0,0.0,0.0,0.0,0.0,0.0,0.0,0.0,0.0,0.0,0.0,0.0,0.0,0.0,0.0,0.0,0.0,0.0,100.0,0.0,0.0
1994,73,0.0,0.0,0.0,0.0,0.0,0.0,0.0,0.0,0.0,0.0,0.0,0.0,100.0,0.0,0.0,0.0,0.0,0.0,0.0,0.0,0.0,0.0,0.0
1994,74,0.0,0.0,0.0,0.0,0.0,0.0,0.0,100.0,0.0,0.0,0.0,0.0,0.0,0.0,0.0,0.0,0.0,0.0,0.0,0.0,0.0,0.0,0.0
1994,75,0.0,0.0,0.0,0.0,0.0,0.0,0.0,0.0,0.0,100.0,0.0,0.0,0.0,0.0,0.0,0.0,0.0,0.0,0.0,0.0,0.0,0.0,0.0
1994,76,0.0,0.0,100.0,0.0,0.0,0.0,0.0,0.0,0.0,0.0,0.0,0.0,0.0,0.0,0.0,0.0,0.0,0.0,0.0,0.0,0.0,0.0,0.0
1994,78,0.0,0.0,0.0,2.7027027027027026,0.0,97.2972972972973,0.0,0.0,0.0,0.0,0.0,0.0,0.0,0.0,0.0,0.0,0.0,0.0,0.0,0.0,0.0,0.0,0.0
1994,79,0.0,0.0,0.0,0.0,0.0,0.0,0.0,0.0,0.0,0.0,0.0,100.0,0.0,0.0,0.0,0.0,0.0,0.0,0.0,0.0,0.0,0.0,0.0
1994,94,0.0,0.0,0.0,0.0,0.0,97.2972972972973,0.0,0.0,0.0,0.0,0.0,0.0,0.0,0.0,2.7027027027027026,0.0,0.0,0.0,0.0,0.0,0.0,0.0,0.0
1994,95,0.0,0.0,0.0,0.0,89.1891891891892,0.0,0.0,0.0,0.0,1.3513513513513513,0.0,0.0,0.0,0.0,0.0,0.0,9.45945945945946,0.0,0.0,0.0,0.0,0.0,0.0
1994,98,0.0,0.0,0.0,0.0,0.0,0.0,0.0,0.0,100.0,0.0,0.0,0.0,0.0,0.0,0.0,0.0,0.0,0.0,0.0,0.0,0.0,0.0,0.0
1994,106,0.0,0.0,0.0,0.0,0.0,0.0,0.0,0.0,0.0,0.0,0.0,0.0,0.0,100.0,0.0,0.0,0.0,0.0,0.0,0.0,0.0,0.0,0.0
1994,108,0.0,0.0,0.0,0.0,0.0,0.0,0.0,0.0,0.0,0.0,0.0,0.0,0.0,100.0,0.0,0.0,0.0,0.0,0.0,0.0,0.0,0.0,0.0
1994,289,0.0,0.0,0.0,0.0,0.0,0.0,0.0,0.0,0.0,1.3513513513513513,0.0,0.0,0.0,0.0,0.0,0.0,0.0,0.0,0.0,0.0,98.64864864864865,0.0,0.0
1994,290,0.0,0.0,0.0,0.0,0.0,0.0,0.0,100.0,0.0,0.0,0.0,0.0,0.0,0.0,0.0,0.0,0.0,0.0,0.0,0.0,0.0,0.0,0.0
1994,291,0.0,0.0,1.3513513513513513,0.0,0.0,98.64864864864865,0.0,0.0,0.0,0.0,0.0,0.0,0.0,0.0,0.0,0.0,0.0,0.0,0.0,0.0,0.0,0.0,0.0
1994,292,0.0,0.0,0.0,100.0,0.0,0.0,0.0,0.0,0.0,0.0,0.0,0.0,0.0,0.0,0.0,0.0,0.0,0.0,0.0,0.0,0.0,0.0,0.0
1994,293,0.0,100.0,0.0,0.0,0.0,0.0,0.0,0.0,0.0,0.0,0.0,0.0,0.0,0.0,0.0,0.0,0.0,0.0,0.0,0.0,0.0,0.0,0.0
1994,294,0.0,0.0,0.0,0.0,0.0,0.0,0.0,0.0,100.0,0.0,0.0,0.0,0.0,0.0,0.0,0.0,0.0,0.0,0.0,0.0,0.0,0.0,0.0
1995,66,0.0,0.0,0.0,0.0,0.0,0.0,0.0,0.0,100.0,0.0,0.0,0.0,0.0,0.0,0.0,0.0,0.0,0.0,0.0,0.0,0.0,0.0,0.0
1995,69,0.0,0.0,0.0,0.0,0.0,0.0,0.0,0.0,0.0,0.0,0.0,100.0,0.0,0.0,0.0,0.0,0.0,0.0,0.0,0.0,0.0,0.0,0.0
1995,70,0.0,0.0,0.0,0.0,0.0,0.0,0.0,0.0,0.0,0.0,0.0,1.3157894736842104,0.0,0.0,98.68421052631578,0.0,0.0,0.0,0.0,0.0,0.0,0.0,0.0
1995,71,0.0,0.0,0.0,0.0,0.0,0.0,0.0,0.0,0.0,0.0,0.0,0.0,0.0,0.0,0.0,0.0,0.0,0.0,0.0,0.0,100.0,0.0,0.0
1995,73,0.0,0.0,0.0,0.0,0.0,0.0,0.0,0.0,0.0,0.0,0.0,0.0,100.0,0.0,0.0,0.0,0.0,0.0,0.0,0.0,0.0,0.0,0.0
1995,74,0.0,0.0,0.0,0.0,0.0,0.0,0.0,98.68421052631578,0.0,0.0,0.0,0.0,0.0,0.0,0.0,0.0,1.3157894736842104,0.0,0.0,0.0,0.0,0.0,0.0
1995,75,0.0,0.0,0.0,0.0,0.0,0.0,0.0,0.0,0.0,100.0,0.0,0.0,0.0,0.0,0.0,0.0,0.0,0.0,0.0,0.0,0.0,0.0,0.0
1995,76,0.0,0.0,100.0,0.0,0.0,0.0,0.0,0.0,0.0,0.0,0.0,0.0,0.0,0.0,0.0,0.0,0.0,0.0,0.0,0.0,0.0,0.0,0.0
1995,78,0.0,0.0,0.0,0.0,0.0,100.0,0.0,0.0,0.0,0.0,0.0,0.0,0.0,0.0,0.0,0.0,0.0,0.0,0.0,0.0,0.0,0.0,0.0
1995,79,0.0,0.0,0.0,0.0,0.0,0.0,0.0,0.0,0.0,0.0,0.0,98.68421052631578,0.0,0.0,0.0,0.0,0.0,1.3157894736842104,0.0,0.0,0.0,0.0,0.0
1995,94,0.0,0.0,0.0,0.0,0.0,98.68421052631578,0.0,0.0,0.0,0.0,0.0,0.0,0.0,0.0,1.3157894736842104,0.0,0.0,0.0,0.0,0.0,0.0,0.0,0.0
1995,95,0.0,0.0,0.0,0.0,96.05263157894737,0.0,0.0,0.0,0.0,1.3157894736842104,0.0,0.0,0.0,0.0,0.0,0.0,2.631578947368421,0.0,0.0,0.0,0.0,0.0,0.0
1995,98,0.0,0.0,0.0,1.3157894736842104,0.0,0.0,0.0,0.0,98.68421052631578,0.0,0.0,0.0,0.0,0.0,0.0,0.0,0.0,0.0,0.0,0.0,0.0,0.0,0.0
1995,106,0.0,0.0,0.0,0.0,0.0,0.0,0.0,0.0,0.0,0.0,0.0,0.0,0.0,100.0,0.0,0.0,0.0,0.0,0.0,0.0,0.0,0.0,0.0
1995,108,0.0,0.0,0.0,0.0,0.0,0.0,0.0,0.0,0.0,0.0,0.0,0.0,0.0,100.0,0.0,0.0,0.0,0.0,0.0,0.0,0.0,0.0,0.0
1995,289,0.0,0.0,0.0,0.0,0.0,0.0,0.0,0.0,0.0,0.0,0.0,0.0,0.0,0.0,0.0,0.0,0.0,0.0,0.0,0.0,100.0,0.0,0.0
1995,290,0.0,0.0,0.0,0.0,0.0,0.0,0.0,98.68421052631578,0.0,0.0,0.0,0.0,0.0,0.0,0.0,0.0,1.3157894736842104,0.0,0.0,0.0,0.0,0.0,0.0
1995,291,0.0,0.0,0.0,0.0,0.0,100.0,0.0,0.0,0.0,0.0,0.0,0.0,0.0,0.0,0.0,0.0,0.0,0.0,0.0,0.0,0.0,0.0,0.0
1995,292,0.0,0.0,0.0,100.0,0.0,0.0,0.0,0.0,0.0,0.0,0.0,0.0,0.0,0.0,0.0,0.0,0.0,0.0,0.0,0.0,0.0,0.0,0.0
1995,293,0.0,100.0,0.0,0.0,0.0,0.0,0.0,0.0,0.0,0.0,0.0,0.0,0.0,0.0,0.0,0.0,0.0,0.0,0.0,0.0,0.0,0.0,0.0
1995,294,0.0,0.0,0.0,0.0,0.0,0.0,0.0,0.0,100.0,0.0,0.0,0.0,0.0,0.0,0.0,0.0,0.0,0.0,0.0,0.0,0.0,0.0,0.0
1996,66,0.0,0.0,0.0,0.0,0.0,0.0,0.0,0.0,100.0,0.0,0.0,0.0,0.0,0.0,0.0,0.0,0.0,0.0,0.0,0.0,0.0,0.0,0.0
1996,69,0.0,0.0,0.0,0.0,0.0,0.0,0.0,0.0,0.0,0.0,0.0,100.0,0.0,0.0,0.0,0.0,0.0,0.0,0.0,0.0,0.0,0.0,0.0
1996,70,0.0,0.0,0.0,0.0,0.0,0.0,0.0,0.0,0.0,0.0,0.0,1.1111111111111112,0.0,0.0,98.88888888888889,0.0,0.0,0.0,0.0,0.0,0.0,0.0,0.0
1996,71,0.0,0.0,0.0,0.0,0.0,0.0,0.0,0.0,0.0,0.0,0.0,0.0,0.0,0.0,0.0,0.0,0.0,0.0,0.0,0.0,100.0,0.0,0.0
1996,73,0.0,0.0,0.0,0.0,0.0,0.0,0.0,0.0,0.0,0.0,0.0,0.0,100.0,0.0,0.0,0.0,0.0,0.0,0.0,0.0,0.0,0.0,0.0
1996,74,0.0,0.0,0.0,0.0,0.0,0.0,0.0,100.0,0.0,0.0,0.0,0.0,0.0,0.0,0.0,0.0,0.0,0.0,0.0,0.0,0.0,0.0,0.0
1996,75,0.0,0.0,0.0,0.0,0.0,0.0,0.0,0.0,0.0,100.0,0.0,0.0,0.0,0.0,0.0,0.0,0.0,0.0,0.0,0.0,0.0,0.0,0.0
1996,76,0.0,0.0,100.0,0.0,0.0,0.0,0.0,0.0,0.0,0.0,0.0,0.0,0.0,0.0,0.0,0.0,0.0,0.0,0.0,0.0,0.0,0.0,0.0
1996,78,0.0,0.0,0.0,1.1111111111111112,0.0,98.88888888888889,0.0,0.0,0.0,0.0,0.0,0.0,0.0,0.0,0.0,0.0,0.0,0.0,0.0,0.0,0.0,0.0,0.0
1996,79,0.0,0.0,0.0,0.0,0.0,0.0,0.0,0.0,0.0,0.0,0.0,100.0,0.0,0.0,0.0,0.0,0.0,0.0,0.0,0.0,0.0,0.0,0.0
1996,94,0.0,0.0,0.0,0.0,0.0,97.77777777777777,0.0,0.0,0.0,0.0,0.0,0.0,0.0,0.0,2.2222222222222223,0.0,0.0,0.0,0.0,0.0,0.0,0.0,0.0
1996,95,0.0,0.0,0.0,0.0,97.77777777777777,0.0,0.0,0.0,0.0,1.1111111111111112,0.0,0.0,0.0,0.0,0.0,0.0,1.1111111111111112,0.0,0.0,0.0,0.0,0.0,0.0
1996,98,0.0,0.0,0.0,1.1111111111111112,0.0,0.0,0.0,0.0,98.88888888888889,0.0,0.0,0.0,0.0,0.0,0.0,0.0,0.0,0.0,0.0,0.0,0.0,0.0,0.0
1996,106,0.0,0.0,0.0,0.0,0.0,0.0,0.0,0.0,0.0,0.0,0.0,0.0,0.0,100.0,0.0,0.0,0.0,0.0,0.0,0.0,0.0,0.0,0.0
1996,108,0.0,0.0,0.0,0.0,0.0,0.0,0.0,0.0,1.1111111111111112,0.0,0.0,0.0,0.0,98.88888888888889,0.0,0.0,0.0,0.0,0.0,0.0,0.0,0.0,0.0
1996,289,0.0,0.0,0.0,0.0,0.0,0.0,0.0,0.0,0.0,0.0,0.0,0.0,0.0,0.0,0.0,0.0,0.0,0.0,0.0,0.0,100.0,0.0,0.0
1996,290,0.0,0.0,0.0,0.0,0.0,0.0,0.0,100.0,0.0,0.0,0.0,0.0,0.0,0.0,0.0,0.0,0.0,0.0,0.0,0.0,0.0,0.0,0.0
1996,291,0.0,0.0,0.0,0.0,0.0,100.0,0.0,0.0,0.0,0.0,0.0,0.0,0.0,0.0,0.0,0.0,0.0,0.0,0.0,0.0,0.0,0.0,0.0
1996,292,0.0,0.0,0.0,100.0,0.0,0.0,0.0,0.0,0.0,0.0,0.0,0.0,0.0,0.0,0.0,0.0,0.0,0.0,0.0,0.0,0.0,0.0,0.0
1996,293,0.0,100.0,0.0,0.0,0.0,0.0,0.0,0.0,0.0,0.0,0.0,0.0,0.0,0.0,0.0,0.0,0.0,0.0,0.0,0.0,0.0,0.0,0.0
1996,294,0.0,0.0,0.0,1.1111111111111112,0.0,0.0,0.0,0.0,98.88888888888889,0.0,0.0,0.0,0.0,0.0,0.0,0.0,0.0,0.0,0.0,0.0,0.0,0.0,0.0
1997,66,0.0,0.0,0.0,0.0,0.0,0.0,0.0,0.0,100.0,0.0,0.0,0.0,0.0,0.0,0.0,0.0,0.0,0.0,0.0,0.0,0.0,0.0,0.0
1997,69,0.0,0.0,0.0,0.0,0.0,0.0,0.0,0.0,0.0,0.0,0.0,100.0,0.0,0.0,0.0,0.0,0.0,0.0,0.0,0.0,0.0,0.0,0.0
1997,70,0.0,0.0,0.0,0.0,0.0,0.0,0.0,1.3888888888888888,0.0,0.0,0.0,0.0,0.0,0.0,98.61111111111111,0.0,0.0,0.0,0.0,0.0,0.0,0.0,0.0
1997,71,0.0,0.0,0.0,0.0,0.0,0.0,0.0,0.0,0.0,0.0,0.0,0.0,0.0,0.0,0.0,0.0,0.0,0.0,0.0,0.0,100.0,0.0,0.0
1997,73,0.0,0.0,0.0,0.0,0.0,0.0,0.0,0.0,0.0,0.0,0.0,0.0,100.0,0.0,0.0,0.0,0.0,0.0,0.0,0.0,0.0,0.0,0.0
1997,74,0.0,0.0,0.0,0.0,0.0,0.0,0.0,100.0,0.0,0.0,0.0,0.0,0.0,0.0,0.0,0.0,0.0,0.0,0.0,0.0,0.0,0.0,0.0
1997,75,0.0,0.0,0.0,0.0,0.0,0.0,0.0,0.0,0.0,100.0,0.0,0.0,0.0,0.0,0.0,0.0,0.0,0.0,0.0,0.0,0.0,0.0,0.0
1997,76,0.0,0.0,100.0,0.0,0.0,0.0,0.0,0.0,0.0,0.0,0.0,0.0,0.0,0.0,0.0,0.0,0.0,0.0,0.0,0.0,0.0,0.0,0.0
1997,78,0.0,0.0,0.0,2.7777777777777777,0.0,95.83333333333334,0.0,0.0,0.0,0.0,0.0,0.0,0.0,1.3888888888888888,0.0,0.0,0.0,0.0,0.0,0.0,0.0,0.0,0.0
1997,79,0.0,0.0,0.0,0.0,0.0,0.0,0.0,0.0,0.0,0.0,0.0,98.61111111111111,0.0,0.0,0.0,0.0,0.0,1.3888888888888888,0.0,0.0,0.0,0.0,0.0
1997,94,0.0,0.0,0.0,0.0,0.0,100.0,0.0,0.0,0.0,0.0,0.0,0.0,0.0,0.0,0.0,0.0,0.0,0.0,0.0,0.0,0.0,0.0,0.0
1997,95,0.0,0.0,0.0,0.0,97.22222222222221,0.0,0.0,0.0,0.0,0.0,0.0,0.0,0.0,0.0,0.0,0.0,2.7777777777777777,0.0,0.0,0.0,0.0,0.0,0.0
1997,98,0.0,0.0,0.0,0.0,0.0,0.0,0.0,0.0,100.0,0.0,0.0,0.0,0.0,0.0,0.0,0.0,0.0,0.0,0.0,0.0,0.0,0.0,0.0
1997,106,0.0,0.0,0.0,0.0,0.0,0.0,0.0,0.0,0.0,0.0,0.0,0.0,0.0,100.0,0.0,0.0,0.0,0.0,0.0,0.0,0.0,0.0,0.0
1997,108,0.0,0.0,0.0,0.0,0.0,0.0,0.0,0.0,0.0,0.0,0.0,0.0,0.0,100.0,0.0,0.0,0.0,0.0,0.0,0.0,0.0,0.0,0.0
1997,289,0.0,0.0,0.0,0.0,0.0,0.0,0.0,0.0,0.0,0.0,0.0,0.0,0.0,0.0,0.0,0.0,0.0,0.0,0.0,0.0,100.0,0.0,0.0
1997,290,0.0,0.0,0.0,0.0,0.0,0.0,0.0,100.0,0.0,0.0,0.0,0.0,0.0,0.0,0.0,0.0,0.0,0.0,0.0,0.0,0.0,0.0,0.0
1997,291,0.0,0.0,0.0,0.0,0.0,100.0,0.0,0.0,0.0,0.0,0.0,0.0,0.0,0.0,0.0,0.0,0.0,0.0,0.0,0.0,0.0,0.0,0.0
1997,292,0.0,0.0,0.0,100.0,0.0,0.0,0.0,0.0,0.0,0.0,0.0,0.0,0.0,0.0,0.0,0.0,0.0,0.0,0.0,0.0,0.0,0.0,0.0
1997,293,0.0,100.0,0.0,0.0,0.0,0.0,0.0,0.0,0.0,0.0,0.0,0.0,0.0,0.0,0.0,0.0,0.0,0.0,0.0,0.0,0.0,0.0,0.0
1997,294,0.0,0.0,0.0,0.0,0.0,0.0,0.0,0.0,100.0,0.0,0.0,0.0,0.0,0.0,0.0,0.0,0.0,0.0,0.0,0.0,0.0,0.0,0.0
1998,66,0.0,0.0,0.0,0.0,0.0,0.0,0.0,0.0,100.0,0.0,0.0,0.0,0.0,0.0,0.0,0.0,0.0,0.0,0.0,0.0,0.0,0.0,0.0
1998,69,0.0,0.0,0.0,0.0,0.0,0.0,0.0,0.0,0.0,0.0,0.0,100.0,0.0,0.0,0.0,0.0,0.0,0.0,0.0,0.0,0.0,0.0,0.0
1998,70,0.0,0.0,0.0,0.0,0.0,0.0,0.0,0.0,0.0,0.0,0.0,3.225806451612903,0.0,0.0,96.7741935483871,0.0,0.0,0.0,0.0,0.0,0.0,0.0,0.0
1998,71,0.0,0.0,0.0,0.0,0.0,0.0,0.0,0.0,0.0,0.0,0.0,0.0,0.0,0.0,0.0,0.0,0.0,0.0,0.0,0.0,100.0,0.0,0.0
1998,73,0.0,0.0,0.0,0.0,0.0,0.0,0.0,0.0,0.0,0.0,0.0,0.0,100.0,0.0,0.0,0.0,0.0,0.0,0.0,0.0,0.0,0.0,0.0
1998,74,0.0,0.0,0.0,0.0,0.0,0.0,0.0,100.0,0.0,0.0,0.0,0.0,0.0,0.0,0.0,0.0,0.0,0.0,0.0,0.0,0.0,0.0,0.0
1998,75,0.0,0.0,0.0,0.0,0.0,0.0,0.0,0.0,0.0,100.0,0.0,0.0,0.0,0.0,0.0,0.0,0.0,0.0,0.0,0.0,0.0,0.0,0.0
1998,76,0.0,0.0,98.9247311827957,0.0,0.0,0.0,0.0,0.0,0.0,0.0,0.0,1.0752688172043012,0.0,0.0,0.0,0.0,0.0,0.0,0.0,0.0,0.0,0.0,0.0
1998,78,0.0,0.0,0.0,1.0752688172043012,0.0,98.9247311827957,0.0,0.0,0.0,0.0,0.0,0.0,0.0,0.0,0.0,0.0,0.0,0.0,0.0,0.0,0.0,0.0,0.0
1998,79,0.0,0.0,0.0,0.0,0.0,0.0,0.0,0.0,0.0,0.0,0.0,100.0,0.0,0.0,0.0,0.0,0.0,0.0,0.0,0.0,0.0,0.0,0.0
1998,94,0.0,0.0,0.0,0.0,0.0,98.9247311827957,0.0,0.0,0.0,0.0,0.0,0.0,0.0,0.0,1.0752688172043012,0.0,0.0,0.0,0.0,0.0,0.0,0.0,0.0
1998,95,0.0,0.0,0.0,0.0,97.84946236559139,0.0,0.0,0.0,0.0,0.0,0.0,0.0,0.0,0.0,0.0,0.0,1.0752688172043012,1.0752688172043012,0.0,0.0,0.0,0.0,0.0
1998,98,0.0,0.0,0.0,0.0,0.0,0.0,0.0,0.0,100.0,0.0,0.0,0.0,0.0,0.0,0.0,0.0,0.0,0.0,0.0,0.0,0.0,0.0,0.0
1998,106,0.0,0.0,0.0,0.0,0.0,0.0,0.0,0.0,0.0,0.0,0.0,0.0,0.0,100.0,0.0,0.0,0.0,0.0,0.0,0.0,0.0,0.0,0.0
1998,108,0.0,0.0,0.0,0.0,0.0,0.0,0.0,0.0,0.0,0.0,0.0,0.0,0.0,100.0,0.0,0.0,0.0,0.0,0.0,0.0,0.0,0.0,0.0
1998,289,0.0,0.0,0.0,0.0,0.0,0.0,0.0,0.0,0.0,0.0,0.0,0.0,0.0,0.0,1.0752688172043012,0.0,0.0,0.0,0.0,0.0,98.9247311827957,0.0,0.0
1998,290,0.0,0.0,0.0,0.0,0.0,0.0,0.0,100.0,0.0,0.0,0.0,0.0,0.0,0.0,0.0,0.0,0.0,0.0,0.0,0.0,0.0,0.0,0.0
1998,291,0.0,0.0,0.0,0.0,0.0,100.0,0.0,0.0,0.0,0.0,0.0,0.0,0.0,0.0,0.0,0.0,0.0,0.0,0.0,0.0,0.0,0.0,0.0
1998,292,0.0,0.0,0.0,98.9247311827957,0.0,0.0,0.0,0.0,1.0752688172043012,0.0,0.0,0.0,0.0,0.0,0.0,0.0,0.0,0.0,0.0,0.0,0.0,0.0,0.0
1998,293,0.0,100.0,0.0,0.0,0.0,0.0,0.0,0.0,0.0,0.0,0.0,0.0,0.0,0.0,0.0,0.0,0.0,0.0,0.0,0.0,0.0,0.0,0.0
1998,294,0.0,0.0,0.0,0.0,0.0,0.0,0.0,0.0,100.0,0.0,0.0,0.0,0.0,0.0,0.0,0.0,0.0,0.0,0.0,0.0,0.0,0.0,0.0
1999,66,0.0,0.0,0.0,0.0,0.0,0.0,0.0,0.0,100.0,0.0,0.0,0.0,0.0,0.0,0.0,0.0,0.0,0.0,0.0,0.0,0.0,0.0,0.0
1999,69,0.0,0.0,0.0,0.0,0.0,0.0,0.0,0.0,0.0,0.0,0.0,100.0,0.0,0.0,0.0,0.0,0.0,0.0,0.0,0.0,0.0,0.0,0.0
1999,70,0.0,0.0,0.0,0.0,0.0,0.0,0.0,0.0,0.0,0.0,0.0,1.1049723756906076,0.0,0.0,98.89502762430939,0.0,0.0,0.0,0.0,0.0,0.0,0.0,0.0
1999,71,0.0,0.0,0.0,0.0,0.0,0.0,0.0,0.0,0.0,0.0,0.0,0.0,0.0,0.0,0.0,0.0,0.0,0.0,0.0,0.0,100.0,0.0,0.0
1999,73,0.0,0.0,0.0,0.0,0.0,0.0,0.0,0.0,0.0,0.0,0.0,0.0,100.0,0.0,0.0,0.0,0.0,0.0,0.0,0.0,0.0,0.0,0.0
1999,74,0.0,0.0,0.0,0.0,0.0,0.0,0.0,100.0,0.0,0.0,0.0,0.0,0.0,0.0,0.0,0.0,0.0,0.0,0.0,0.0,0.0,0.0,0.0
1999,75,0.0,0.0,0.0,0.0,0.0,0.0,0.0,0.0,0.0,100.0,0.0,0.0,0.0,0.0,0.0,0.0,0.0,0.0,0.0,0.0,0.0,0.0,0.0
1999,76,0.0,0.0,100.0,0.0,0.0,0.0,0.0,0.0,0.0,0.0,0.0,0.0,0.0,0.0,0.0,0.0,0.0,0.0,0.0,0.0,0.0,0.0,0.0
1999,78,0.0,0.0,0.0,1.1049723756906076,0.0,98.89502762430939,0.0,0.0,0.0,0.0,0.0,0.0,0.0,0.0,0.0,0.0,0.0,0.0,0.0,0.0,0.0,0.0,0.0
1999,79,0.0,0.0,1.6574585635359116,0.0,0.0,0.0,0.0,0.0,0.0,0.0,0.0,98.34254143646409,0.0,0.0,0.0,0.0,0.0,0.0,0.0,0.0,0.0,0.0,0.0
1999,94,0.0,0.0,0.5524861878453038,0.0,0.0,98.34254143646409,0.0,0.0,0.0,0.0,0.0,0.0,0.0,0.0,1.1049723756906076,0.0,0.0,0.0,0.0,0.0,0.0,0.0,0.0
1999,95,0.0,0.0,0.0,0.0,93.92265193370166,0.0,0.0,0.5524861878453038,0.0,0.0,0.0,0.0,0.0,0.0,0.0,0.0,4.972375690607735,0.5524861878453038,0.0,0.0,0.0,0.0,0.0
1999,98,0.0,0.0,0.0,0.5524861878453038,0.0,0.0,0.0,0.0,99.4475138121547,0.0,0.0,0.0,0.0,0.0,0.0,0.0,0.0,0.0,0.0,0.0,0.0,0.0,0.0
1999,106,0.0,0.0,0.0,0.0,0.0,0.0,0.0,0.0,0.0,0.0,0.0,0.0,0.0,100.0,0.0,0.0,0.0,0.0,0.0,0.0,0.0,0.0,0.0
1999,108,0.0,0.0,0.0,0.0,0.0,0.0,0.0,0.0,0.0,0.0,0.0,0.0,0.0,100.0,0.0,0.0,0.0,0.0,0.0,0.0,0.0,0.0,0.0
1999,289,1.1049723756906076,0.0,0.0,0.0,0.0,0.0,0.0,0.0,0.0,0.5524861878453038,0.0,0.0,0.0,0.0,1.1049723756906076,0.0,0.0,0.0,0.0,0.0,97.23756906077348,0.0,0.0
1999,290,0.0,0.0,0.0,0.0,0.0,0.0,0.0,100.0,0.0,0.0,0.0,0.0,0.0,0.0,0.0,0.0,0.0,0.0,0.0,0.0,0.0,0.0,0.0
1999,291,0.0,0.0,0.0,0.0,0.0,99.4475138121547,0.0,0.0,0.0,0.0,0.0,0.0,0.0,0.0,0.5524861878453038,0.0,0.0,0.0,0.0,0.0,0.0,0.0,0.0
1999,292,0.0,0.0,0.0,100.0,0.0,0.0,0.0,0.0,0.0,0.0,0.0,0.0,0.0,0.0,0.0,0.0,0.0,0.0,0.0,0.0,0.0,0.0,0.0
1999,293,0.0,100.0,0.0,0.0,0.0,0.0,0.0,0.0,0.0,0.0,0.0,0.0,0.0,0.0,0.0,0.0,0.0,0.0,0.0,0.0,0.0,0.0,0.0
1999,294,0.0,0.0,0.0,0.0,0.0,0.0,0.0,0.0,100.0,0.0,0.0,0.0,0.0,0.0,0.0,0.0,0.0,0.0,0.0,0.0,0.0,0.0,0.0
2000,66,0.0,0.0,0.0,0.0,0.0,0.0,0.0,0.0,100.0,0.0,0.0,0.0,0.0,0.0,0.0,0.0,0.0,0.0,0.0,0.0,0.0,0.0,0.0
2000,69,0.0,0.0,0.0,0.0,0.0,0.0,0.0,0.0,0.5649717514124294,0.0,0.0,99.43502824858757,0.0,0.0,0.0,0.0,0.0,0.0,0.0,0.0,0.0,0.0,0.0
2000,70,0.0,0.0,0.0,0.0,0.0,0.0,0.0,0.0,0.0,0.0,0.0,2.824858757062147,0.0,0.0,97.17514124293785,0.0,0.0,0.0,0.0,0.0,0.0,0.0,0.0
2000,71,0.0,0.0,0.0,0.0,0.0,0.0,0.0,0.0,0.0,0.0,0.0,0.0,0.0,0.0,0.0,0.0,0.0,0.0,0.0,0.0,100.0,0.0,0.0
2000,73,0.0,0.0,0.0,0.0,0.0,0.0,0.0,0.0,0.0,0.0,0.0,0.0,100.0,0.0,0.0,0.0,0.0,0.0,0.0,0.0,0.0,0.0,0.0
2000,74,0.0,0.0,0.0,0.0,0.0,0.0,0.0,98.87005649717514,0.0,0.0,0.0,0.0,0.0,0.0,0.0,0.5649717514124294,0.5649717514124294,0.0,0.0,0.0,0.0,0.0,0.0
2000,75,0.0,0.0,0.0,0.0,0.0,0.0,0.0,0.0,0.0,100.0,0.0,0.0,0.0,0.0,0.0,0.0,0.0,0.0,0.0,0.0,0.0,0.0,0.0
2000,76,0.0,0.0,100.0,0.0,0.0,0.0,0.0,0.0,0.0,0.0,0.0,0.0,0.0,0.0,0.0,0.0,0.0,0.0,0.0,0.0,0.0,0.0,0.0
2000,78,0.0,0.0,0.0,1.1299435028248588,0.0,98.87005649717514,0.0,0.0,0.0,0.0,0.0,0.0,0.0,0.0,0.0,0.0,0.0,0.0,0.0,0.0,0.0,0.0,0.0
2000,79,0.0,0.0,0.0,0.0,0.0,0.0,0.0,0.0,0.0,0.0,0.0,100.0,0.0,0.0,0.0,0.0,0.0,0.0,0.0,0.0,0.0,0.0,0.0
2000,94,0.0,0.0,0.0,0.0,0.0,99.43502824858757,0.0,0.0,0.0,0.0,0.0,0.0,0.0,0.0,0.5649717514124294,0.0,0.0,0.0,0.0,0.0,0.0,0.0,0.0
2000,95,0.0,0.0,0.0,0.0,97.17514124293785,0.0,0.0,0.0,0.0,0.0,0.0,0.0,0.0,0.0,0.0,0.0,2.2598870056497176,0.5649717514124294,0.0,0.0,0.0,0.0,0.0
2000,98,0.0,0.0,0.0,0.5649717514124294,0.0,0.0,0.0,0.0,99.43502824858757,0.0,0.0,0.0,0.0,0.0,0.0,0.0,0.0,0.0,0.0,0.0,0.0,0.0,0.0
2000,106,0.0,0.0,0.0,0.0,0.0,0.0,0.0,0.0,0.0,0.0,0.0,0.0,0.0,100.0,0.0,0.0,0.0,0.0,0.0,0.0,0.0,0.0,0.0
2000,108,0.0,0.0,0.0,0.0,0.0,0.0,0.0,0.0,0.5649717514124294,0.0,0.0,0.0,0.0,99.43502824858757,0.0,0.0,0.0,0.0,0.0,0.0,0.0,0.0,0.0
2000,289,0.0,0.0,0.0,0.0,0.0,0.0,0.0,0.0,0.0,1.1299435028248588,0.0,0.0,0.0,0.0,0.5649717514124294,0.0,0.0,0.0,0.0,0.0,97.74011299435028,0.0,0.5649717514124294
2000,290,0.0,0.0,0.0,0.0,0.0,0.0,0.0,99.43502824858757,0.0,0.0,0.0,0.0,0.0,0.0,0.0,0.0,0.5649717514124294,0.0,0.0,0.0,0.0,0.0,0.0
2000,291,0.0,0.0,0.0,0.0,0.0,100.0,0.0,0.0,0.0,0.0,0.0,0.0,0.0,0.0,0.0,0.0,0.0,0.0,0.0,0.0,0.0,0.0,0.0
2000,292,0.0,0.0,0.0,98.87005649717514,0.0,0.0,0.0,0.0,1.1299435028248588,0.0,0.0,0.0,0.0,0.0,0.0,0.0,0.0,0.0,0.0,0.0,0.0,0.0,0.0
2000,293,0.0,100.0,0.0,0.0,0.0,0.0,0.0,0.0,0.0,0.0,0.0,0.0,0.0,0.0,0.0,0.0,0.0,0.0,0.0,0.0,0.0,0.0,0.0
2000,294,0.0,0.0,0.0,0.0,0.0,0.0,0.0,0.0,98.87005649717514,0.0,0.0,1.1299435028248588,0.0,0.0,0.0,0.0,0.0,0.0,0.0,0.0,0.0,0.0,0.0
2001,66,0.0,0.0,0.0,0.0,0.0,0.0,0.0,0.0,100.0,0.0,0.0,0.0,0.0,0.0,0.0,0.0,0.0,0.0,0.0,0.0,0.0,0.0,0.0
2001,69,0.0,0.0,0.0,0.0,0.0,0.0,0.0,0.0,0.0,0.0,0.0,100.0,0.0,0.0,0.0,0.0,0.0,0.0,0.0,0.0,0.0,0.0,0.0
2001,70,0.0,0.0,0.0,0.0,0.0,0.0,0.0,0.0,0.0,0.0,0.0,6.185567010309279,0.0,0.0,93.81443298969072,0.0,0.0,0.0,0.0,0.0,0.0,0.0,0.0
2001,71,0.0,0.0,0.0,0.0,0.0,0.0,0.0,0.0,0.0,0.0,0.0,0.0,0.0,0.0,0.0,0.0,0.0,0.0,0.0,0.0,100.0,0.0,0.0
2001,73,0.0,0.0,0.0,0.0,0.0,0.0,0.0,0.0,0.0,0.0,0.0,0.0,100.0,0.0,0.0,0.0,0.0,0.0,0.0,0.0,0.0,0.0,0.0
2001,74,0.0,0.0,0.0,0.0,0.0,0.0,0.0,100.0,0.0,0.0,0.0,0.0,0.0,0.0,0.0,0.0,0.0,0.0,0.0,0.0,0.0,0.0,0.0
2001,75,0.0,0.0,0.0,0.0,0.0,0.0,0.0,1.0309278350515463,0.0,98.96907216494846,0.0,0.0,0.0,0.0,0.0,0.0,0.0,0.0,0.0,0.0,0.0,0.0,0.0
2001,76,0.0,0.0,100.0,0.0,0.0,0.0,0.0,0.0,0.0,0.0,0.0,0.0,0.0,0.0,0.0,0.0,0.0,0.0,0.0,0.0,0.0,0.0,0.0
2001,78,0.0,0.0,0.0,2.0618556701030926,0.0,97.9381443298969,0.0,0.0,0.0,0.0,0.0,0.0,0.0,0.0,0.0,0.0,0.0,0.0,0.0,0.0,0.0,0.0,0.0
2001,79,0.0,0.0,0.0,0.0,0.0,0.0,0.0,0.0,0.0,0.0,0.0,100.0,0.0,0.0,0.0,0.0,0.0,0.0,0.0,0.0,0.0,0.0,0.0
2001,94,0.0,0.0,0.0,0.0,0.0,95.87628865979381,0.0,0.0,0.0,0.0,0.0,0.0,0.0,0.0,4.123711340206185,0.0,0.0,0.0,0.0,0.0,0.0,0.0,0.0
2001,95,0.0,0.0,0.0,0.0,96.90721649484536,0.0,0.0,0.0,0.0,0.0,0.0,0.0,0.0,0.0,0.0,0.0,3.0927835051546393,0.0,0.0,0.0,0.0,0.0,0.0
2001,98,0.0,0.0,0.0,0.0,0.0,0.0,0.0,0.0,100.0,0.0,0.0,0.0,0.0,0.0,0.0,0.0,0.0,0.0,0.0,0.0,0.0,0.0,0.0
2001,106,0.0,0.0,0.0,0.0,0.0,0.0,0.0,0.0,0.0,0.0,0.0,0.0,0.0,100.0,0.0,0.0,0.0,0.0,0.0,0.0,0.0,0.0,0.0
2001,108,0.0,0.0,0.0,0.0,0.0,0.0,0.0,0.0,2.0618556701030926,0.0,0.0,0.0,0.0,97.9381443298969,0.0,0.0,0.0,0.0,0.0,0.0,0.0,0.0,0.0
2001,289,0.0,0.0,0.0,0.0,0.0,0.0,0.0,0.0,0.0,1.0309278350515463,0.0,0.0,0.0,0.0,2.0618556701030926,0.0,0.0,0.0,0.0,0.0,96.90721649484536,0.0,0.0
2001,290,0.0,0.0,0.0,0.0,0.0,0.0,0.0,100.0,0.0,0.0,0.0,0.0,0.0,0.0,0.0,0.0,0.0,0.0,0.0,0.0,0.0,0.0,0.0
2001,291,0.0,0.0,0.0,0.0,0.0,100.0,0.0,0.0,0.0,0.0,0.0,0.0,0.0,0.0,0.0,0.0,0.0,0.0,0.0,0.0,0.0,0.0,0.0
2001,292,0.0,0.0,0.0,100.0,0.0,0.0,0.0,0.0,0.0,0.0,0.0,0.0,0.0,0.0,0.0,0.0,0.0,0.0,0.0,0.0,0.0,0.0,0.0
2001,293,0.0,100.0,0.0,0.0,0.0,0.0,0.0,0.0,0.0,0.0,0.0,0.0,0.0,0.0,0.0,0.0,0.0,0.0,0.0,0.0,0.0,0.0,0.0
2001,294,0.0,0.0,0.0,0.0,0.0,0.0,0.0,0.0,100.0,0.0,0.0,0.0,0.0,0.0,0.0,0.0,0.0,0.0,0.0,0.0,0.0,0.0,0.0
2002,66,0.0,0.0,0.0,0.0,0.0,0.0,0.0,0.0,100.0,0.0,0.0,0.0,0.0,0.0,0.0,0.0,0.0,0.0,0.0,0.0,0.0,0.0,0.0
2002,69,0.0,0.0,0.0,0.0,0.0,0.0,0.0,0.0,0.0,0.0,0.0,100.0,0.0,0.0,0.0,0.0,0.0,0.0,0.0,0.0,0.0,0.0,0.0
2002,70,0.0,0.0,0.0,0.0,0.0,0.0,0.0,0.0,0.0,0.0,0.0,1.3157894736842104,0.0,0.0,98.68421052631578,0.0,0.0,0.0,0.0,0.0,0.0,0.0,0.0
2002,71,0.0,0.0,0.0,0.0,0.0,0.0,0.0,0.0,0.0,0.0,0.0,0.0,0.0,0.0,0.0,0.0,0.0,0.0,0.0,0.0,100.0,0.0,0.0
2002,73,0.0,0.0,0.0,0.0,0.0,0.0,0.43859649122807015,0.0,0.0,0.0,0.0,0.0,99.56140350877193,0.0,0.0,0.0,0.0,0.0,0.0,0.0,0.0,0.0,0.0
2002,74,0.0,0.0,0.0,0.0,0.0,0.0,0.0,99.56140350877193,0.0,0.0,0.0,0.0,0.0,0.0,0.0,0.43859649122807015,0.0,0.0,0.0,0.0,0.0,0.0,0.0
2002,75,0.0,0.0,0.0,0.0,0.0,0.0,0.0,0.43859649122807015,0.0,99.56140350877193,0.0,0.0,0.0,0.0,0.0,0.0,0.0,0.0,0.0,0.0,0.0,0.0,0.0
2002,76,0.0,0.0,100.0,0.0,0.0,0.0,0.0,0.0,0.0,0.0,0.0,0.0,0.0,0.0,0.0,0.0,0.0,0.0,0.0,0.0,0.0,0.0,0.0
2002,78,0.0,0.0,0.0,2.1929824561403506,0.0,97.36842105263158,0.0,0.0,0.43859649122807015,0.0,0.0,0.0,0.0,0.0,0.0,0.0,0.0,0.0,0.0,0.0,0.0,0.0,0.0
2002,79,0.0,0.0,0.0,0.0,0.0,0.0,0.0,0.0,0.0,0.0,0.0,100.0,0.0,0.0,0.0,0.0,0.0,0.0,0.0,0.0,0.0,0.0,0.0
2002,94,0.0,0.0,0.0,0.0,0.0,99.12280701754386,0.0,0.0,0.0,0.0,0.0,0.0,0.0,0.0,0.8771929824561403,0.0,0.0,0.0,0.0,0.0,0.0,0.0,0.0
2002,95,0.0,0.0,0.0,0.0,98.24561403508771,0.0,0.0,0.43859649122807015,0.0,0.0,0.0,0.0,0.0,0.0,0.0,0.0,1.3157894736842104,0.0,0.0,0.0,0.0,0.0,0.0
2002,98,0.0,0.0,0.0,0.0,0.0,0.0,0.0,0.0,100.0,0.0,0.0,0.0,0.0,0.0,0.0,0.0,0.0,0.0,0.0,0.0,0.0,0.0,0.0
2002,106,0.0,0.0,0.0,0.0,0.0,0.0,0.0,0.0,0.0,0.0,0.0,0.0,0.0,100.0,0.0,0.0,0.0,0.0,0.0,0.0,0.0,0.0,0.0
2002,108,0.0,0.0,0.0,0.0,0.0,0.0,0.0,0.0,0.0,0.0,0.0,0.0,0.0,100.0,0.0,0.0,0.0,0.0,0.0,0.0,0.0,0.0,0.0
2002,289,0.43859649122807015,0.0,0.0,0.0,0.0,0.0,0.0,0.0,0.0,0.0,0.0,0.0,0.0,0.0,0.8771929824561403,0.0,0.0,0.0,0.0,0.0,98.68421052631578,0.0,0.0
2002,290,0.0,0.0,0.0,0.0,0.0,0.0,0.0,99.56140350877193,0.0,0.0,0.0,0.0,0.0,0.0,0.0,0.0,0.43859649122807015,0.0,0.0,0.0,0.0,0.0,0.0
2002,291,0.0,0.0,0.0,0.0,0.0,100.0,0.0,0.0,0.0,0.0,0.0,0.0,0.0,0.0,0.0,0.0,0.0,0.0,0.0,0.0,0.0,0.0,0.0
2002,292,0.0,0.0,0.0,99.56140350877193,0.0,0.0,0.0,0.0,0.43859649122807015,0.0,0.0,0.0,0.0,0.0,0.0,0.0,0.0,0.0,0.0,0.0,0.0,0.0,0.0
2002,293,0.0,100.0,0.0,0.0,0.0,0.0,0.0,0.0,0.0,0.0,0.0,0.0,0.0,0.0,0.0,0.0,0.0,0.0,0.0,0.0,0.0,0.0,0.0
2002,294,0.0,0.0,0.0,0.43859649122807015,0.0,0.0,0.0,0.0,99.56140350877193,0.0,0.0,0.0,0.0,0.0,0.0,0.0,0.0,0.0,0.0,0.0,0.0,0.0,0.0
2003,66,0.0,0.0,0.0,2.493765586034913,0.0,0.24937655860349126,0.0,0.0,97.2568578553616,0.0,0.0,0.0,0.0,0.0,0.0,0.0,0.0,0.0,0.0,0.0,0.0,0.0,0.0
2003,69,0.0,0.0,3.2418952618453867,0.0,0.0,0.0,0.0,0.0,0.0,0.0,0.0,96.75810473815461,0.0,0.0,0.0,0.0,0.0,0.0,0.0,0.0,0.0,0.0,0.0
2003,70,0.0,0.0,0.0,0.0,0.0,0.0,0.0,0.0,0.0,0.0,0.0,0.997506234413965,0.0,0.0,99.00249376558602,0.0,0.0,0.0,0.0,0.0,0.0,0.0,0.0
2003,71,0.0,0.0,0.0,0.0,0.0,0.0,0.0,0.0,0.0,0.0,0.0,0.0,0.0,0.0,0.0,0.0,0.0,0.0,0.0,0.0,100.0,0.0,0.0
2003,73,0.0,0.0,0.0,0.0,0.0,0.0,0.0,0.0,0.0,0.0,0.0,0.0,100.0,0.0,0.0,0.0,0.0,0.0,0.0,0.0,0.0,0.0,0.0
2003,74,0.0,0.0,0.0,0.0,0.0,0.0,0.0,100.0,0.0,0.0,0.0,0.0,0.0,0.0,0.0,0.0,0.0,0.0,0.0,0.0,0.0,0.0,0.0
2003,75,0.0,0.0,0.0,0.0,0.0,0.0,0.0,0.0,0.0,100.0,0.0,0.0,0.0,0.0,0.0,0.0,0.0,0.0,0.0,0.0,0.0,0.0,0.0
2003,76,0.0,0.0,99.75062344139651,0.0,0.0,0.0,0.0,0.0,0.0,0.0,0.0,0.0,0.0,0.0,0.0,0.0,0.0,0.0,0.24937655860349126,0.0,0.0,0.0,0.0
2003,78,0.0,0.0,0.0,4.987531172069826,0.0,95.01246882793018,0.0,0.0,0.0,0.0,0.0,0.0,0.0,0.0,0.0,0.0,0.0,0.0,0.0,0.0,0.0,0.0,0.0
2003,79,0.0,0.0,0.0,0.0,0.0,0.0,0.0,0.0,0.0,0.0,0.0,99.75062344139651,0.0,0.0,0.0,0.0,0.0,0.24937655860349126,0.0,0.0,0.0,0.0,0.0
2003,94,0.0,0.0,0.24937655860349126,0.0,0.0,99.25187032418953,0.0,0.0,0.0,0.0,0.0,0.0,0.0,0.0,0.4987531172069825,0.0,0.0,0.0,0.0,0.0,0.0,0.0,0.0
2003,95,0.0,0.0,0.0,0.0,97.2568578553616,0.0,0.0,0.24937655860349126,0.0,0.0,0.0,0.0,0.0,0.0,0.0,0.0,2.2443890274314215,0.24937655860349126,0.0,0.0,0.0,0.0,0.0
2003,98,0.0,0.0,0.0,0.24937655860349126,0.0,0.0,0.0,0.0,99.75062344139651,0.0,0.0,0.0,0.0,0.0,0.0,0.0,0.0,0.0,0.0,0.0,0.0,0.0,0.0
2003,106,0.0,0.0,0.0,0.0,0.0,0.0,0.0,0.0,0.0,0.0,0.0,0.0,0.0,100.0,0.0,0.0,0.0,0.0,0.0,0.0,0.0,0.0,0.0
2003,108,0.0,0.0,0.0,0.0,0.0,0.0,0.0,0.0,2.9925187032418954,0.0,0.0,0.0,0.0,97.0074812967581,0.0,0.0,0.0,0.0,0.0,0.0,0.0,0.0,0.0
2003,289,0.24937655860349126,0.0,0.0,0.0,0.0,0.0,0.0,0.0,0.0,0.0,0.0,0.0,0.0,0.0,0.997506234413965,0.0,0.0,0.0,0.0,0.0,98.75311720698254,0.0,0.0
2003,290,0.0,0.0,0.0,0.0,0.0,0.0,0.0,100.0,0.0,0.0,0.0,0.0,0.0,0.0,0.0,0.0,0.0,0.0,0.0,0.0,0.0,0.0,0.0
2003,291,0.0,0.0,0.0,0.0,0.0,100.0,0.0,0.0,0.0,0.0,0.0,0.0,0.0,0.0,0.0,0.0,0.0,0.0,0.0,0.0,0.0,0.0,0.0
2003,292,0.0,0.0,0.0,96.50872817955111,0.0,0.24937655860349126,0.0,0.0,3.2418952618453867,0.0,0.0,0.0,0.0,0.0,0.0,0.0,0.0,0.0,0.0,0.0,0.0,0.0,0.0
2003,293,0.0,100.0,0.0,0.0,0.0,0.0,0.0,0.0,0.0,0.0,0.0,0.0,0.0,0.0,0.0,0.0,0.0,0.0,0.0,0.0,0.0,0.0,0.0
2003,294,0.0,0.0,0.0,0.24937655860349126,0.0,0.0,0.0,0.0,96.50872817955111,0.0,0.0,2.9925187032418954,0.0,0.0,0.0,0.0,0.0,0.0,0.0,0.0,0.0,0.0,0.24937655860349126
2004,66,0.0,0.0,0.0,0.0,0.0,0.0,0.0,0.0,100.0,0.0,0.0,0.0,0.0,0.0,0.0,0.0,0.0,0.0,0.0,0.0,0.0,0.0,0.0
2004,69,0.0,0.0,0.0,0.0,0.0,0.0,0.0,0.0,0.0,0.0,0.0,100.0,0.0,0.0,0.0,0.0,0.0,0.0,0.0,0.0,0.0,0.0,0.0
2004,70,0.0,0.0,0.0,0.0,0.0,0.8670520231213872,0.0,0.0,0.0,0.0,0.0,0.2890173410404624,0.0,0.0,98.84393063583815,0.0,0.0,0.0,0.0,0.0,0.0,0.0,0.0
2004,71,0.0,0.0,0.0,0.0,0.0,0.0,0.0,0.0,0.0,0.0,0.0,0.0,0.0,0.0,0.0,0.0,0.0,0.0,0.0,0.0,100.0,0.0,0.0
2004,73,0.0,0.0,0.0,0.0,0.0,0.0,0.0,0.0,0.0,0.0,0.0,0.0,100.0,0.0,0.0,0.0,0.0,0.0,0.0,0.0,0.0,0.0,0.0
2004,74,0.0,0.0,0.0,0.0,0.0,0.0,0.0,100.0,0.0,0.0,0.0,0.0,0.0,0.0,0.0,0.0,0.0,0.0,0.0,0.0,0.0,0.0,0.0
2004,75,0.0,0.0,0.0,0.0,0.0,0.0,0.0,0.0,0.0,100.0,0.0,0.0,0.0,0.0,0.0,0.0,0.0,0.0,0.0,0.0,0.0,0.0,0.0
2004,76,0.0,0.0,100.0,0.0,0.0,0.0,0.0,0.0,0.0,0.0,0.0,0.0,0.0,0.0,0.0,0.0,0.0,0.0,0.0,0.0,0.0,0.0,0.0
2004,78,0.0,0.0,0.0,0.2890173410404624,0.0,99.42196531791907,0.0,0.0,0.0,0.0,0.0,0.0,0.0,0.0,0.0,0.0,0.0,0.0,0.0,0.0,0.0,0.0,0.2890173410404624
2004,79,0.0,0.0,0.0,0.0,0.0,0.0,0.0,0.0,0.0,0.0,0.0,99.71098265895954,0.0,0.0,0.0,0.0,0.0,0.0,0.0,0.0,0.0,0.0,0.2890173410404624
2004,94,0.0,0.0,0.2890173410404624,0.0,0.0,98.84393063583815,0.0,0.0,0.0,0.0,0.0,0.0,0.0,0.0,0.5780346820809248,0.0,0.0,0.0,0.0,0.0,0.0,0.0,0.2890173410404624
2004,95,0.0,0.0,0.0,0.0,89.59537572254335,0.0,0.0,0.2890173410404624,0.0,0.0,0.0,0.0,0.0,0.0,0.0,0.0,9.826589595375722,0.0,0.0,0.0,0.0,0.0,0.2890173410404624
2004,98,0.0,0.0,0.0,0.0,0.0,0.0,0.0,0.0,99.71098265895954,0.0,0.0,0.0,0.0,0.0,0.0,0.0,0.0,0.0,0.0,0.0,0.0,0.0,0.2890173410404624
2004,106,0.0,0.0,0.0,0.0,0.0,0.0,0.0,0.0,0.0,0.0,0.0,0.0,0.0,99.13294797687861,0.0,0.0,0.0,0.0,0.0,0.0,0.0,0.0,0.8670520231213872
2004,108,0.0,0.0,0.0,0.0,0.0,0.2890173410404624,0.0,0.0,0.0,0.0,0.0,0.0,0.0,98.84393063583815,0.0,0.0,0.0,0.0,0.0,0.0,0.0,0.0,0.8670520231213872
2004,289,0.0,0.0,0.0,0.0,0.0,0.0,0.0,0.0,0.0,0.2890173410404624,0.0,0.0,0.0,0.0,0.0,0.0,0.0,0.0,0.0,0.0,97.6878612716763,0.0,2.023121387283237
2004,290,0.0,0.0,0.0,0.0,0.0,0.0,0.0,97.6878612716763,0.0,0.0,0.0,0.0,0.0,0.0,0.0,0.2890173410404624,0.0,0.0,0.0,0.0,0.0,0.0,2.023121387283237
2004,291,0.0,0.0,0.0,0.0,0.0,97.97687861271676,0.0,0.0,0.0,0.0,0.0,0.0,0.0,0.0,0.0,0.0,0.0,0.0,0.0,0.0,0.0,0.0,2.023121387283237
2004,292,0.0,0.0,0.0,97.39884393063583,0.0,0.0,0.0,0.0,0.2890173410404624,0.0,0.0,0.0,0.0,0.0,0.0,0.0,0.0,0.0,0.0,0.0,0.0,0.0,2.312138728323699
2004,293,0.0,97.6878612716763,0.0,0.0,0.0,0.0,0.0,0.0,0.0,0.0,0.0,0.0,0.0,0.0,0.0,0.0,0.0,0.0,0.0,0.0,0.0,0.0,2.312138728323699
2004,294,0.0,0.0,0.0,0.0,0.0,0.0,0.0,0.0,97.39884393063583,0.0,0.0,0.0,0.0,0.0,0.0,0.0,0.0,0.0,0.0,0.0,0.0,0.0,2.601156069364162
2005,66,0.0,0.0,0.0,0.0,0.0,0.0,0.0,0.0,100.0,0.0,0.0,0.0,0.0,0.0,0.0,0.0,0.0,0.0,0.0,0.0,0.0,0.0,0.0
2005,69,0.0,0.0,0.0,0.0,0.0,0.0,0.0,0.0,0.0,0.0,0.0,100.0,0.0,0.0,0.0,0.0,0.0,0.0,0.0,0.0,0.0,0.0,0.0
2005,70,0.0,0.0,0.0,0.0,0.0,0.0,0.0,0.0,0.0,0.0,0.0,1.2121212121212122,0.0,0.0,98.7878787878788,0.0,0.0,0.0,0.0,0.0,0.0,0.0,0.0
2005,71,0.0,0.0,0.0,0.0,0.0,0.0,0.0,0.0,0.0,0.0,0.0,0.0,0.0,0.0,0.0,0.0,0.0,0.0,0.0,0.0,100.0,0.0,0.0
2005,73,0.0,0.0,0.0,0.0,0.0,0.0,0.30303030303030304,0.0,0.0,0.0,0.0,0.0,99.69696969696969,0.0,0.0,0.0,0.0,0.0,0.0,0.0,0.0,0.0,0.0
2005,74,0.0,0.0,0.0,0.0,0.0,0.0,0.0,100.0,0.0,0.0,0.0,0.0,0.0,0.0,0.0,0.0,0.0,0.0,0.0,0.0,0.0,0.0,0.0
2005,75,0.0,0.0,0.0,0.0,0.0,0.0,0.0,0.0,0.0,100.0,0.0,0.0,0.0,0.0,0.0,0.0,0.0,0.0,0.0,0.0,0.0,0.0,0.0
2005,76,0.0,0.0,100.0,0.0,0.0,0.0,0.0,0.0,0.0,0.0,0.0,0.0,0.0,0.0,0.0,0.0,0.0,0.0,0.0,0.0,0.0,0.0,0.0
2005,78,0.0,0.0,0.0,1.2121212121212122,0.0,98.7878787878788,0.0,0.0,0.0,0.0,0.0,0.0,0.0,0.0,0.0,0.0,0.0,0.0,0.0,0.0,0.0,0.0,0.0
2005,79,0.0,0.0,0.0,0.0,0.0,0.0,0.0,0.0,0.0,0.0,0.0,99.69696969696969,0.0,0.0,0.0,0.0,0.0,0.30303030303030304,0.0,0.0,0.0,0.0,0.0
2005,94,0.0,0.0,0.0,0.0,0.0,99.69696969696969,0.0,0.0,0.0,0.0,0.0,0.0,0.0,0.0,0.30303030303030304,0.0,0.0,0.0,0.0,0.0,0.0,0.0,0.0
2005,95,0.0,0.0,0.0,0.0,96.36363636363636,0.0,0.0,0.0,0.0,0.0,0.0,0.0,0.0,0.0,0.0,0.0,3.3333333333333335,0.30303030303030304,0.0,0.0,0.0,0.0,0.0
2005,98,0.0,0.0,0.0,0.30303030303030304,0.0,0.0,0.0,0.0,99.69696969696969,0.0,0.0,0.0,0.0,0.0,0.0,0.0,0.0,0.0,0.0,0.0,0.0,0.0,0.0
2005,106,0.0,0.0,0.0,0.0,0.0,0.0,0.0,0.0,0.0,0.0,0.0,0.0,0.0,100.0,0.0,0.0,0.0,0.0,0.0,0.0,0.0,0.0,0.0
2005,108,0.0,0.0,0.0,0.0,0.0,0.0,0.0,0.0,0.0,0.0,0.0,0.0,0.0,100.0,0.0,0.0,0.0,0.0,0.0,0.0,0.0,0.0,0.0
2005,289,0.30303030303030304,0.0,0.0,0.0,0.0,0.0,0.0,0.0,0.0,0.0,0.0,0.0,0.0,0.0,0.30303030303030304,0.0,0.0,0.0,0.0,0.0,99.39393939393939,0.0,0.0
2005,290,0.0,0.0,0.0,0.0,0.0,0.0,0.0,100.0,0.0,0.0,0.0,0.0,0.0,0.0,0.0,0.0,0.0,0.0,0.0,0.0,0.0,0.0,0.0
2005,291,0.0,0.0,0.30303030303030304,0.0,0.0,99.69696969696969,0.0,0.0,0.0,0.0,0.0,0.0,0.0,0.0,0.0,0.0,0.0,0.0,0.0,0.0,0.0,0.0,0.0
2005,292,0.0,0.0,0.0,99.39393939393939,0.0,0.0,0.0,0.0,0.6060606060606061,0.0,0.0,0.0,0.0,0.0,0.0,0.0,0.0,0.0,0.0,0.0,0.0,0.0,0.0
2005,293,0.0,100.0,0.0,0.0,0.0,0.0,0.0,0.0,0.0,0.0,0.0,0.0,0.0,0.0,0.0,0.0,0.0,0.0,0.0,0.0,0.0,0.0,0.0
2005,294,0.0,0.0,0.0,0.0,0.0,0.0,0.0,0.0,99.39393939393939,0.0,0.0,0.6060606060606061,0.0,0.0,0.0,0.0,0.0,0.0,0.0,0.0,0.0,0.0,0.0
2006,66,0.0,0.0,0.0,0.7874015748031495,0.0,0.0,0.0,0.0,99.21259842519686,0.0,0.0,0.0,0.0,0.0,0.0,0.0,0.0,0.0,0.0,0.0,0.0,0.0,0.0
2006,69,0.0,0.0,1.574803149606299,0.0,0.0,0.0,0.0,0.0,0.0,0.0,0.0,98.4251968503937,0.0,0.0,0.0,0.0,0.0,0.0,0.0,0.0,0.0,0.0,0.0
2006,70,0.0,0.0,0.0,0.0,0.0,0.0,0.0,0.0,0.0,0.0,0.0,0.0,0.0,0.0,100.0,0.0,0.0,0.0,0.0,0.0,0.0,0.0,0.0
2006,71,0.0,0.0,0.0,0.0,0.0,0.0,0.0,0.0,0.0,0.0,0.0,0.0,0.0,0.0,0.0,0.0,0.0,0.0,0.0,0.0,100.0,0.0,0.0
2006,73,0.0,0.0,0.0,0.0,0.0,0.0,0.0,0.0,0.0,0.0,0.0,0.0,100.0,0.0,0.0,0.0,0.0,0.0,0.0,0.0,0.0,0.0,0.0
2006,74,0.0,0.0,0.0,0.0,0.0,0.0,0.0,100.0,0.0,0.0,0.0,0.0,0.0,0.0,0.0,0.0,0.0,0.0,0.0,0.0,0.0,0.0,0.0
2006,75,0.0,0.0,0.0,0.0,0.0,0.0,0.0,0.0,0.0,100.0,0.0,0.0,0.0,0.0,0.0,0.0,0.0,0.0,0.0,0.0,0.0,0.0,0.0
2006,76,0.0,0.0,100.0,0.0,0.0,0.0,0.0,0.0,0.0,0.0,0.0,0.0,0.0,0.0,0.0,0.0,0.0,0.0,0.0,0.0,0.0,0.0,0.0
2006,78,0.0,0.0,0.0,1.574803149606299,0.0,98.4251968503937,0.0,0.0,0.0,0.0,0.0,0.0,0.0,0.0,0.0,0.0,0.0,0.0,0.0,0.0,0.0,0.0,0.0
2006,79,0.0,0.0,0.0,0.0,0.0,0.0,0.0,0.0,0.0,0.0,0.0,100.0,0.0,0.0,0.0,0.0,0.0,0.0,0.0,0.0,0.0,0.0,0.0
2006,94,0.0,0.0,0.0,0.0,0.0,99.21259842519686,0.0,0.0,0.0,0.0,0.0,0.0,0.0,0.0,0.7874015748031495,0.0,0.0,0.0,0.0,0.0,0.0,0.0,0.0
2006,95,0.0,0.0,0.0,0.0,99.21259842519686,0.0,0.0,0.0,0.0,0.0,0.0,0.0,0.0,0.0,0.0,0.0,0.7874015748031495,0.0,0.0,0.0,0.0,0.0,0.0
2006,98,0.0,0.0,0.0,0.0,0.0,0.0,0.0,0.0,100.0,0.0,0.0,0.0,0.0,0.0,0.0,0.0,0.0,0.0,0.0,0.0,0.0,0.0,0.0
2006,106,0.0,0.0,0.0,0.0,0.0,0.0,0.0,0.0,0.0,0.0,0.0,0.0,0.0,100.0,0.0,0.0,0.0,0.0,0.0,0.0,0.0,0.0,0.0
2006,108,0.0,0.0,0.0,0.0,0.0,0.0,0.0,0.0,0.7874015748031495,0.0,0.0,0.0,0.0,99.21259842519686,0.0,0.0,0.0,0.0,0.0,0.0,0.0,0.0,0.0
2006,289,0.0,0.0,0.0,0.0,0.0,0.0,0.0,0.0,0.0,0.0,0.0,0.0,0.0,0.0,1.574803149606299,0.0,0.0,0.0,0.0,0.0,98.4251968503937,0.0,0.0
2006,290,0.0,0.0,0.0,0.0,0.0,0.0,0.0,100.0,0.0,0.0,0.0,0.0,0.0,0.0,0.0,0.0,0.0,0.0,0.0,0.0,0.0,0.0,0.0
2006,291,0.0,0.0,0.0,0.0,0.0,100.0,0.0,0.0,0.0,0.0,0.0,0.0,0.0,0.0,0.0,0.0,0.0,0.0,0.0,0.0,0.0,0.0,0.0
2006,292,0.0,0.0,0.0,99.21259842519686,0.0,0.0,0.0,0.0,0.7874015748031495,0.0,0.0,0.0,0.0,0.0,0.0,0.0,0.0,0.0,0.0,0.0,0.0,0.0,0.0
2006,293,0.0,100.0,0.0,0.0,0.0,0.0,0.0,0.0,0.0,0.0,0.0,0.0,0.0,0.0,0.0,0.0,0.0,0.0,0.0,0.0,0.0,0.0,0.0
2006,294,0.0,0.0,0.0,0.0,0.0,0.0,0.0,0.0,99.21259842519686,0.0,0.0,0.7874015748031495,0.0,0.0,0.0,0.0,0.0,0.0,0.0,0.0,0.0,0.0,0.0
2007,66,0.0,0.0,0.0,0.18761726078799248,0.0,0.0,0.0,0.0,99.62476547842401,0.0,0.0,0.0,0.0,0.18761726078799248,0.0,0.0,0.0,0.0,0.0,0.0,0.0,0.0,0.0
2007,69,0.0,0.0,0.18761726078799248,0.0,0.0,0.0,0.0,0.0,0.18761726078799248,0.0,0.0,99.62476547842401,0.0,0.0,0.0,0.0,0.0,0.0,0.0,0.0,0.0,0.0,0.0
2007,70,0.0,0.0,0.0,0.0,0.0,0.0,0.0,0.0,0.0,0.0,0.0,1.5009380863039399,0.0,0.0,98.49906191369607,0.0,0.0,0.0,0.0,0.0,0.0,0.0,0.0
2007,71,0.0,0.0,0.0,0.0,0.0,0.0,0.0,0.0,0.0,0.0,0.0,0.0,0.0,0.0,0.0,0.0,0.0,0.0,0.0,0.0,100.0,0.0,0.0
2007,73,0.0,0.0,0.0,0.0,0.0,0.0,0.0,0.0,0.18761726078799248,0.0,0.0,0.0,99.812382739212,0.0,0.0,0.0,0.0,0.0,0.0,0.0,0.0,0.0,0.0
2007,74,0.0,0.0,0.0,0.0,0.0,0.0,0.0,99.812382739212,0.0,0.0,0.0,0.0,0.0,0.0,0.0,0.0,0.18761726078799248,0.0,0.0,0.0,0.0,0.0,0.0
2007,75,0.0,0.0,0.0,0.0,0.0,0.0,0.0,0.0,0.0,100.0,0.0,0.0,0.0,0.0,0.0,0.0,0.0,0.0,0.0,0.0,0.0,0.0,0.0
2007,76,0.0,0.0,100.0,0.0,0.0,0.0,0.0,0.0,0.0,0.0,0.0,0.0,0.0,0.0,0.0,0.0,0.0,0.0,0.0,0.0,0.0,0.0,0.0
2007,78,0.0,0.0,0.0,1.5009380863039399,0.0,98.12382739212008,0.0,0.0,0.0,0.0,0.0,0.0,0.0,0.18761726078799248,0.0,0.0,0.0,0.0,0.0,0.0,0.0,0.0,0.18761726078799248
2007,79,0.0,0.0,0.5628517823639775,0.0,0.0,0.0,0.0,0.0,0.0,0.0,0.0,99.06191369606003,0.0,0.0,0.18761726078799248,0.0,0.0,0.18761726078799248,0.0,0.0,0.0,0.0,0.0
2007,94,0.0,0.0,0.18761726078799248,0.0,0.0,99.43714821763602,0.0,0.0,0.0,0.0,0.0,0.0,0.0,0.0,0.37523452157598497,0.0,0.0,0.0,0.0,0.0,0.0,0.0,0.0
2007,95,0.0,0.0,0.0,0.0,97.5609756097561,0.0,0.0,0.37523452157598497,0.0,0.0,0.0,0.0,0.0,0.0,0.0,0.0,2.0637898686679175,0.0,0.0,0.0,0.0,0.0,0.0
2007,98,0.0,0.0,0.0,0.0,0.0,0.0,0.0,0.0,99.812382739212,0.0,0.0,0.18761726078799248,0.0,0.0,0.0,0.0,0.0,0.0,0.0,0.0,0.0,0.0,0.0
2007,106,0.0,0.0,0.0,0.0,0.0,0.0,0.0,0.0,0.0,0.0,0.0,0.0,0.0,100.0,0.0,0.0,0.0,0.0,0.0,0.0,0.0,0.0,0.0
2007,108,0.0,0.0,0.0,0.0,0.0,0.0,0.0,0.0,0.37523452157598497,0.0,0.0,0.0,0.0,99.62476547842401,0.0,0.0,0.0,0.0,0.0,0.0,0.0,0.0,0.0
2007,289,0.0,0.0,0.0,0.0,0.0,0.0,0.0,0.0,0.0,0.0,0.0,0.0,0.0,0.0,1.876172607879925,0.0,0.0,0.0,0.0,0.0,98.12382739212008,0.0,0.0
2007,290,0.0,0.0,0.0,0.0,0.0,0.0,0.0,99.812382739212,0.0,0.0,0.0,0.0,0.0,0.0,0.0,0.0,0.18761726078799248,0.0,0.0,0.0,0.0,0.0,0.0
2007,291,0.0,0.0,0.0,0.0,0.0,100.0,0.0,0.0,0.0,0.0,0.0,0.0,0.0,0.0,0.0,0.0,0.0,0.0,0.0,0.0,0.0,0.0,0.0
2007,292,0.0,0.0,0.0,98.68667917448406,0.0,0.0,0.0,0.0,1.3133208255159476,0.0,0.0,0.0,0.0,0.0,0.0,0.0,0.0,0.0,0.0,0.0,0.0,0.0,0.0
2007,293,0.0,100.0,0.0,0.0,0.0,0.0,0.0,0.0,0.0,0.0,0.0,0.0,0.0,0.0,0.0,0.0,0.0,0.0,0.0,0.0,0.0,0.0,0.0
2007,294,0.0,0.0,0.0,0.0,0.18761726078799248,0.0,0.0,0.0,99.43714821763602,0.0,0.0,0.37523452157598497,0.0,0.0,0.0,0.0,0.0,0.0,0.0,0.0,0.0,0.0,0.0
2008,66,0.0,0.0,0.0,0.18281535648994515,0.0,0.0,0.0,0.0,99.6343692870201,0.0,0.0,0.0,0.0,0.0,0.0,0.18281535648994515,0.0,0.0,0.0,0.0,0.0,0.0,0.0
2008,69,0.0,0.0,0.18281535648994515,0.0,0.0,0.0,0.0,0.0,0.0,0.0,0.0,99.81718464351006,0.0,0.0,0.0,0.0,0.0,0.0,0.0,0.0,0.0,0.0,0.0
2008,70,0.0,0.0,0.0,0.0,0.0,0.0,0.0,0.0,0.0,0.0,0.0,7.129798903107861,0.0,0.0,92.87020109689213,0.0,0.0,0.0,0.0,0.0,0.0,0.0,0.0
2008,71,0.0,0.0,0.0,0.0,0.0,0.0,0.0,0.0,0.0,0.0,0.0,0.0,0.0,0.0,0.5484460694698354,0.0,0.0,0.0,0.0,0.0,99.45155393053017,0.0,0.0
2008,73,0.0,0.0,0.0,0.0,0.0,0.0,0.0,0.0,0.0,0.0,0.0,0.0,100.0,0.0,0.0,0.0,0.0,0.0,0.0,0.0,0.0,0.0,0.0
2008,74,0.0,0.0,0.0,0.0,0.0,0.0,0.0,99.6343692870201,0.0,0.0,0.0,0.0,0.0,0.0,0.0,0.0,0.3656307129798903,0.0,0.0,0.0,0.0,0.0,0.0
2008,75,0.0,0.0,0.0,0.0,0.0,0.0,0.0,0.0,0.0,100.0,0.0,0.0,0.0,0.0,0.0,0.0,0.0,0.0,0.0,0.0,0.0,0.0,0.0
2008,76,0.0,0.0,100.0,0.0,0.0,0.0,0.0,0.0,0.0,0.0,0.0,0.0,0.0,0.0,0.0,0.0,0.0,0.0,0.0,0.0,0.0,0.0,0.0
2008,78,0.0,0.0,0.0,1.0968921389396709,0.0,98.90310786106032,0.0,0.0,0.0,0.0,0.0,0.0,0.0,0.0,0.0,0.0,0.0,0.0,0.0,0.0,0.0,0.0,0.0
2008,79,0.0,0.0,0.0,0.0,0.0,0.0,0.0,0.0,0.0,0.0,0.0,99.81718464351006,0.0,0.0,0.0,0.0,0.0,0.18281535648994515,0.0,0.0,0.0,0.0,0.0
2008,94,0.0,0.0,0.0,0.0,0.0,99.45155393053017,0.0,0.0,0.0,0.0,0.0,0.0,0.0,0.0,0.5484460694698354,0.0,0.0,0.0,0.0,0.0,0.0,0.0,0.0
2008,95,0.0,0.0,0.0,0.0,98.53747714808044,0.0,0.0,0.18281535648994515,0.0,0.0,0.0,0.0,0.0,0.0,0.0,0.0,1.2797074954296161,0.0,0.0,0.0,0.0,0.0,0.0
2008,98,0.0,0.0,0.0,0.0,0.0,0.0,0.0,0.0,99.81718464351006,0.0,0.0,0.0,0.0,0.18281535648994515,0.0,0.0,0.0,0.0,0.0,0.0,0.0,0.0,0.0
2008,106,0.0,0.0,0.0,0.0,0.0,0.0,0.0,0.0,0.0,0.0,0.0,0.0,0.0,100.0,0.0,0.0,0.0,0.0,0.0,0.0,0.0,0.0,0.0
2008,108,0.0,0.0,0.0,0.0,0.0,0.0,0.0,0.0,0.18281535648994515,0.0,0.0,0.0,0.0,99.81718464351006,0.0,0.0,0.0,0.0,0.0,0.0,0.0,0.0,0.0
2008,289,0.0,0.0,0.0,0.0,0.0,0.0,0.0,0.0,0.0,0.0,0.0,0.0,0.0,0.0,0.7312614259597806,0.0,0.0,0.0,0.0,0.0,99.26873857404021,0.0,0.0
2008,290,0.0,0.0,0.0,0.0,0.0,0.0,0.0,100.0,0.0,0.0,0.0,0.0,0.0,0.0,0.0,0.0,0.0,0.0,0.0,0.0,0.0,0.0,0.0
2008,291,0.0,0.0,0.0,0.0,0.0,100.0,0.0,0.0,0.0,0.0,0.0,0.0,0.0,0.0,0.0,0.0,0.0,0.0,0.0,0.0,0.0,0.0,0.0
2008,292,0.0,0.0,0.0,99.08592321755027,0.0,0.0,0.0,0.0,0.7312614259597806,0.0,0.0,0.0,0.18281535648994515,0.0,0.0,0.0,0.0,0.0,0.0,0.0,0.0,0.0,0.0
2008,293,0.0,100.0,0.0,0.0,0.0,0.0,0.0,0.0,0.0,0.0,0.0,0.0,0.0,0.0,0.0,0.0,0.0,0.0,0.0,0.0,0.0,0.0,0.0
2008,294,0.0,0.0,0.0,0.5484460694698354,0.0,0.0,0.0,0.0,99.08592321755027,0.0,0.0,0.3656307129798903,0.0,0.0,0.0,0.0,0.0,0.0,0.0,0.0,0.0,0.0,0.0
2009,66,0.0,0.0,0.0,3.5218783351120595,0.0,0.42689434364994666,0.0,0.0,95.30416221985058,0.0,0.0,0.0,0.0,0.10672358591248667,0.0,0.0,0.0,0.0,0.0,0.0,0.42689434364994666,0.0,0.21344717182497333
2009,69,0.0,0.0,3.9487726787620065,0.0,0.0,0.0,0.0,0.0,0.0,0.42689434364994666,0.0,95.41088580576307,0.0,0.0,0.0,0.0,0.0,0.0,0.0,0.0,0.0,0.0,0.21344717182497333
2009,70,0.0,0.0,0.0,0.0,0.0,0.42689434364994666,0.0,0.0,0.0,0.0,0.0,11.419423692636073,0.0,0.0,87.94023479188901,0.0,0.0,0.0,0.0,0.0,0.0,0.0,0.21344717182497333
2009,71,0.0,0.0,0.0,0.0,0.0,0.0,0.0,0.0,0.0,0.0,0.0,0.0,0.42689434364994666,0.0,0.0,0.0,0.0,0.0,0.0,0.0,99.35965848452508,0.0,0.21344717182497333
2009,73,0.0,0.0,0.0,0.0,0.0,0.0,0.10672358591248667,0.0,0.0,0.0,0.0,0.42689434364994666,99.1462113127001,0.10672358591248667,0.0,0.0,0.0,0.0,0.0,0.0,0.0,0.0,0.21344717182497333
2009,74,0.0,0.0,0.0,0.0,0.0,0.0,0.0,99.57310565635005,0.0,0.0,0.0,0.0,0.0,0.0,0.0,0.0,0.21344717182497333,0.0,0.0,0.0,0.0,0.0,0.21344717182497333
2009,75,0.42689434364994666,0.0,0.0,0.0,0.0,0.0,0.0,0.0,0.0,99.35965848452508,0.0,0.0,0.0,0.0,0.0,0.0,0.0,0.0,0.0,0.0,0.0,0.0,0.21344717182497333
2009,76,0.0,0.0,99.2529348986126,0.0,0.0,0.42689434364994666,0.0,0.0,0.0,0.0,0.0,0.0,0.0,0.0,0.0,0.0,0.0,0.0,0.0,0.0,0.0,0.0,0.32017075773745995
2009,78,0.0,0.0,0.0,3.9487726787620065,0.0,95.1974386339381,0.0,0.42689434364994666,0.0,0.0,0.0,0.0,0.0,0.10672358591248667,0.0,0.0,0.0,0.0,0.0,0.0,0.0,0.0,0.32017075773745995
2009,79,0.0,0.0,0.10672358591248667,0.0,0.0,0.0,0.0,0.0,0.0,0.42689434364994666,0.0,99.2529348986126,0.0,0.0,0.0,0.0,0.0,0.0,0.0,0.0,0.0,0.0,0.21344717182497333
2009,94,0.0,0.0,0.0,0.0,0.0,93.91675560298826,0.0,0.0,0.0,0.0,0.0,0.0,0.0,0.0,5.869797225186766,0.0,0.10672358591248667,0.0,0.0,0.0,0.0,0.0,0.10672358591248667
2009,95,0.0,0.0,0.0,0.0,97.22518676627536,0.0,0.0,0.21344717182497333,0.0,0.21344717182497333,0.0,0.0,0.0,0.0,0.10672358591248667,0.0,1.7075773745997866,0.42689434364994666,0.0,0.0,0.0,0.0,0.10672358591248667
2009,98,0.0,0.0,0.0,0.42689434364994666,0.0,0.0,0.0,0.0,99.03948772678763,0.0,0.0,0.0,0.0,0.42689434364994666,0.0,0.0,0.0,0.0,0.0,0.0,0.0,0.0,0.10672358591248667
2009,106,0.0,0.0,0.0,0.0,0.0,0.0,0.0,0.0,0.0,0.0,0.0,0.0,0.0,99.46638207043756,0.0,0.42689434364994666,0.0,0.0,0.0,0.0,0.0,0.0,0.10672358591248667
2009,108,0.0,0.0,0.0,0.0,0.0,0.0,0.0,0.0,3.84204909284952,0.0,0.0,0.0,0.0,95.41088580576307,0.0,0.0,0.0,0.42689434364994666,0.0,0.0,0.0,0.0,0.32017075773745995
2009,289,0.0,0.0,0.0,0.0,0.0,0.0,0.0,0.0,0.0,0.0,0.0,0.0,0.0,0.0,0.0,0.0,0.42689434364994666,0.0,0.0,0.0,99.46638207043756,0.0,0.10672358591248667
2009,290,0.0,0.0,0.0,0.0,0.0,0.0,0.42689434364994666,99.46638207043756,0.0,0.0,0.0,0.0,0.0,0.0,0.0,0.0,0.0,0.0,0.0,0.0,0.0,0.0,0.10672358591248667
2009,291,0.0,0.0,0.42689434364994666,0.0,0.0,99.35965848452508,0.0,0.0,0.0,0.0,0.0,0.0,0.0,0.0,0.10672358591248667,0.0,0.0,0.0,0.0,0.0,0.0,0.0,0.10672358591248667
2009,292,0.0,0.42689434364994666,0.0,95.1974386339381,0.0,0.21344717182497333,0.0,0.0,3.9487726787620065,0.0,0.0,0.0,0.0,0.0,0.0,0.0,0.10672358591248667,0.0,0.0,0.0,0.0,0.0,0.10672358591248667
2009,293,0.0,99.46638207043756,0.0,0.0,0.0,0.0,0.0,0.0,0.0,0.0,0.0,0.42689434364994666,0.0,0.0,0.0,0.0,0.0,0.0,0.0,0.0,0.0,0.0,0.10672358591248667
2009,294,0.42689434364994666,0.0,0.0,0.0,0.0,0.0,0.0,0.0,95.51760939167556,0.0,0.0,3.84204909284952,0.0,0.0,0.0,0.10672358591248667,0.0,0.0,0.0,0.0,0.0,0.0,0.10672358591248667
2010,66,0.0,0.0,0.0,0.37453183520599254,0.0,0.0,0.0,0.0,99.625468164794,0.0,0.0,0.0,0.0,0.0,0.0,0.0,0.0,0.0,0.0,0.0,0.0,0.0,0.0
2010,69,0.0,0.0,0.2808988764044944,0.0,0.0,0.0,0.18726591760299627,0.0,0.0,0.0,0.0,99.15730337078652,0.0,0.0,0.37453183520599254,0.0,0.0,0.0,0.0,0.0,0.0,0.0,0.0
2010,70,0.0,0.0,0.0,0.0,0.0,0.0,0.0,0.0,0.0,0.0,0.0,0.9363295880149813,0.0,0.0,99.06367041198502,0.0,0.0,0.0,0.0,0.0,0.0,0.0,0.0
2010,71,0.0,0.0,0.0,0.0,0.0,0.0,0.0,0.0,0.0,0.0,0.0,0.0,0.0,0.0,0.0,0.0,0.0,0.0,0.0,0.0,100.0,0.0,0.0
2010,73,0.0,0.0,0.0,0.0,0.0,0.0,0.09363295880149813,0.0,0.0,0.0,0.0,0.0,99.625468164794,0.2808988764044944,0.0,0.0,0.0,0.0,0.0,0.0,0.0,0.0,0.0
2010,74,0.0,0.0,0.0,0.0,0.0,0.0,0.0,100.0,0.0,0.0,0.0,0.0,0.0,0.0,0.0,0.0,0.0,0.0,0.0,0.0,0.0,0.0,0.0
2010,75,0.0,0.0,0.0,0.0,0.0,0.0,0.0,0.18726591760299627,0.0,99.812734082397,0.0,0.0,0.0,0.0,0.0,0.0,0.0,0.0,0.0,0.0,0.0,0.0,0.0
2010,76,0.0,0.0,100.0,0.0,0.0,0.0,0.0,0.0,0.0,0.0,0.0,0.0,0.0,0.0,0.0,0.0,0.0,0.0,0.0,0.0,0.0,0.0,0.0
2010,78,0.0,0.0,0.0,0.8426966292134831,0.0,99.06367041198502,0.0,0.0,0.0,0.0,0.0,0.0,0.0,0.09363295880149813,0.0,0.0,0.0,0.0,0.0,0.0,0.0,0.0,0.0
2010,79,0.0,0.0,2.0599250936329585,0.0,0.0,0.0,0.0,0.0,0.37453183520599254,0.0,0.0,95.31835205992509,0.0,0.0,2.153558052434457,0.0,0.0,0.0,0.0,0.0,0.0,0.0,0.09363295880149813
2010,94,0.0,0.0,0.0,0.0,0.0,99.625468164794,0.0,0.0,0.0,0.0,0.0,0.0,0.0,0.0,0.2808988764044944,0.0,0.0,0.0,0.0,0.0,0.0,0.0,0.09363295880149813
2010,95,0.0,0.0,0.0,0.0,99.06367041198502,0.0,0.0,0.0,0.0,0.9363295880149813,0.0,0.0,0.0,0.0,0.0,0.0,0.0,0.0,0.0,0.0,0.0,0.0,0.0
2010,98,0.0,0.0,0.0,0.0,0.0,0.0,0.0,0.0,98.50187265917603,0.0,0.0,0.18726591760299627,0.0,1.2172284644194757,0.0,0.0,0.0,0.0,0.0,0.0,0.0,0.0,0.09363295880149813
2010,106,0.0,0.0,0.0,0.0,0.0,0.0,0.0,0.0,0.0,0.0,0.0,0.0,0.0,100.0,0.0,0.0,0.0,0.0,0.0,0.0,0.0,0.0,0.0
2010,108,0.0,0.0,0.0,0.0,0.0,0.09363295880149813,0.0,0.0,0.5617977528089888,0.0,0.0,0.0,0.0,99.25093632958801,0.0,0.0,0.0,0.0,0.0,0.0,0.0,0.0,0.09363295880149813
2010,289,0.0,0.0,0.0,0.0,0.09363295880149813,0.0,0.0,0.0,0.0,0.0,0.0,0.0,0.0,0.0,0.37453183520599254,0.0,0.0,0.0,0.0,0.0,99.53183520599251,0.0,0.0
2010,290,0.0,0.0,0.0,0.0,0.0,0.0,0.0,99.812734082397,0.0,0.0,0.0,0.0,0.0,0.0,0.0,0.09363295880149813,0.09363295880149813,0.0,0.0,0.0,0.0,0.0,0.0
2010,291,0.0,0.0,0.09363295880149813,0.0,0.0,99.812734082397,0.0,0.0,0.0,0.0,0.0,0.0,0.0,0.0,0.09363295880149813,0.0,0.0,0.0,0.0,0.0,0.0,0.0,0.0
2010,292,0.0,0.0,0.0,99.15730337078652,0.0,0.18726591760299627,0.0,0.0,0.6554307116104869,0.0,0.0,0.0,0.0,0.0,0.0,0.0,0.0,0.0,0.0,0.0,0.0,0.0,0.0
2010,293,0.0,100.0,0.0,0.0,0.0,0.0,0.0,0.0,0.0,0.0,0.0,0.0,0.0,0.0,0.0,0.0,0.0,0.0,0.0,0.0,0.0,0.0,0.0
2010,294,0.0,0.0,0.0,0.0,0.0,0.0,0.0,0.0,99.53183520599251,0.0,0.0,0.2808988764044944,0.0,0.09363295880149813,0.0,0.09363295880149813,0.0,0.0,0.0,0.0,0.0,0.0,0.0
2011,66,0.0,0.0,0.0,0.7971656333038087,0.0,0.5314437555358724,0.0,0.0,98.67139061116032,0.0,0.0,0.0,0.0,0.0,0.0,0.0,0.0,0.0,0.0,0.0,0.0,0.0,0.0
2011,69,0.0,0.0,1.328609388839681,0.0,0.0,0.0,0.0,0.0,0.0,0.0,0.0,98.67139061116032,0.0,0.0,0.0,0.0,0.0,0.0,0.0,0.0,0.0,0.0,0.0
2011,70,0.0,0.0,0.0,0.0,0.0,0.08857395925597875,0.0,0.08857395925597875,0.0,0.0,0.0,1.1514614703277237,0.0,0.70859167404783,97.9627989371125,0.0,0.0,0.0,0.0,0.0,0.0,0.0,0.0
2011,71,0.0,0.0,0.0,0.0,0.0,0.0,0.0,0.0,0.0,0.0,0.0,0.0,0.0,0.0,0.0,0.0,0.0,0.0,0.0,0.0,100.0,0.0,0.0
2011,73,0.0,0.0,0.0,0.0,0.0,0.0,0.0,0.0,0.1771479185119575,0.0,0.0,0.0,99.82285208148805,0.0,0.0,0.0,0.0,0.0,0.0,0.0,0.0,0.0,0.0
2011,74,0.0,0.0,0.0,0.0,0.0,0.0,0.0,99.82285208148805,0.0,0.0,0.0,0.0,0.0,0.0,0.0,0.0,0.1771479185119575,0.0,0.0,0.0,0.0,0.0,0.0
2011,75,0.0,0.0,0.0,0.0,0.0,0.0,0.0,0.08857395925597875,0.0,99.91142604074402,0.0,0.0,0.0,0.0,0.0,0.0,0.0,0.0,0.0,0.0,0.0,0.0,0.0
2011,76,0.0,0.0,100.0,0.0,0.0,0.0,0.0,0.0,0.0,0.0,0.0,0.0,0.0,0.0,0.0,0.0,0.0,0.0,0.0,0.0,0.0,0.0,0.0
2011,78,0.0,0.0,0.0,1.328609388839681,0.0,97.69707705934455,0.0,0.0,0.0,0.0,0.0,0.0,0.0,0.9743135518157661,0.0,0.0,0.0,0.0,0.0,0.0,0.0,0.0,0.0
2011,79,0.0,0.0,1.5057573073516386,0.0,0.0,0.0,0.0,0.0,1.1514614703277237,0.0,0.0,96.10274579273693,0.0,0.0,1.2400354295837024,0.0,0.0,0.0,0.0,0.0,0.0,0.0,0.0
2011,94,0.0,0.0,0.08857395925597875,0.0,0.0,99.37998228520814,0.0,0.0,0.0,0.0,0.0,0.0,0.0,0.0,0.5314437555358724,0.0,0.0,0.0,0.0,0.0,0.0,0.0,0.0
2011,95,0.0,0.0,0.0,0.0,98.22852081488043,0.0,0.0,0.08857395925597875,0.0,1.6829052258635961,0.0,0.0,0.0,0.0,0.0,0.0,0.0,0.0,0.0,0.0,0.0,0.0,0.0
2011,98,0.0,0.0,0.0,0.0,0.0,0.0,0.0,0.0,99.37998228520814,0.0,0.0,0.1771479185119575,0.08857395925597875,0.354295837023915,0.0,0.0,0.0,0.0,0.0,0.0,0.0,0.0,0.0
2011,106,0.0,0.0,0.0,0.0,0.0,0.0,0.0,0.0,0.0,0.0,0.0,0.0,0.0,100.0,0.0,0.0,0.0,0.0,0.0,0.0,0.0,0.0,0.0
2011,108,0.0,0.0,0.0,0.0,0.0,0.0,0.0,0.0,2.657218777679362,0.0,0.0,0.08857395925597875,0.0,97.16563330380869,0.08857395925597875,0.0,0.0,0.0,0.0,0.0,0.0,0.0,0.0
2011,289,0.0,0.0,0.0,0.0,0.0,0.0,0.0,0.0,0.0,0.08857395925597875,0.0,0.0,0.0,0.0,0.354295837023915,0.08857395925597875,0.0,0.0,0.0,0.0,99.46855624446412,0.0,0.0
2011,290,0.0,0.0,0.0,0.0,0.0,0.0,0.0,100.0,0.0,0.0,0.0,0.0,0.0,0.0,0.0,0.0,0.0,0.0,0.0,0.0,0.0,0.0,0.0
2011,291,0.0,0.0,0.354295837023915,0.0,0.0,99.46855624446412,0.0,0.0,0.0,0.0,0.0,0.0,0.0,0.0,0.08857395925597875,0.0,0.08857395925597875,0.0,0.0,0.0,0.0,0.0,0.0
2011,292,0.0,0.0,0.0,97.69707705934455,0.0,0.1771479185119575,0.0,0.0,2.1257750221434897,0.0,0.0,0.0,0.0,0.0,0.0,0.0,0.0,0.0,0.0,0.0,0.0,0.0,0.0
2011,293,0.0,100.0,0.0,0.0,0.0,0.0,0.0,0.0,0.0,0.0,0.0,0.0,0.0,0.0,0.0,0.0,0.0,0.0,0.0,0.0,0.0,0.0,0.0
2011,294,0.0,0.0,0.0,0.2657218777679362,0.0,0.0,0.0,0.0,98.13994685562444,0.0,0.0,1.41718334809566,0.0,0.1771479185119575,0.0,0.0,0.0,0.0,0.0,0.0,0.0,0.0,0.0
2012,66,0.0,0.0,0.0,0.0,0.0,0.0,0.0,0.0,99.94226327944573,0.0,0.0,0.0,0.0,0.057736720554272515,0.0,0.0,0.0,0.0,0.0,0.0,0.0,0.0,0.0
2012,69,0.0,0.0,0.0,0.0,0.0,0.0,0.0,0.0,0.057736720554272515,0.0,0.0,99.5958429561201,0.0,0.0,0.3464203233256351,0.0,0.0,0.0,0.0,0.0,0.0,0.0,0.0
2012,70,0.0,0.0,0.0,0.0,0.0,0.17321016166281755,0.0,0.0,0.0,0.0,0.0,0.8083140877598153,0.0,0.9237875288683602,98.094688221709,0.0,0.0,0.0,0.0,0.0,0.0,0.0,0.0
2012,71,0.0,0.0,0.0,0.0,0.0,0.0,0.0,0.0,0.0,0.0,0.0,0.0,0.0,0.0,0.0,0.057736720554272515,0.0,0.0,0.0,0.0,99.94226327944573,0.0,0.0
2012,73,0.0,0.0,0.0,0.0,0.0,0.0,0.057736720554272515,0.0,0.0,0.0,0.0,0.0,99.94226327944573,0.0,0.0,0.0,0.0,0.0,0.0,0.0,0.0,0.0,0.0
2012,74,0.0,0.0,0.0,0.0,0.0,0.0,0.0,100.0,0.0,0.0,0.0,0.0,0.0,0.0,0.0,0.0,0.0,0.0,0.0,0.0,0.0,0.0,0.0
2012,75,0.0,0.0,0.0,0.0,0.0,0.0,0.0,0.17321016166281755,0.0,99.76905311778292,0.0,0.0,0.0,0.0,0.0,0.0,0.0,0.0,0.0,0.057736720554272515,0.0,0.0,0.0
2012,76,0.0,0.0,99.94226327944573,0.0,0.0,0.0,0.0,0.0,0.0,0.0,0.0,0.057736720554272515,0.0,0.0,0.0,0.0,0.0,0.0,0.0,0.0,0.0,0.0,0.0
2012,78,0.0,0.0,0.0,0.3464203233256351,0.0,98.094688221709,0.0,0.0,0.0,0.0,0.0,0.0,0.0,1.5011547344110854,0.0,0.0,0.0,0.0,0.0,0.0,0.0,0.0,0.057736720554272515
2012,79,0.0,0.0,1.3856812933025404,0.0,0.0,0.0,0.0,0.11547344110854503,0.9237875288683602,0.0,0.0,95.61200923787528,0.0,0.0,1.905311778290993,0.0,0.0,0.0,0.0,0.0,0.0,0.0,0.057736720554272515
2012,94,0.057736720554272515,0.0,0.11547344110854503,0.0,0.0,99.5958429561201,0.0,0.0,0.0,0.0,0.0,0.0,0.0,0.0,0.23094688221709006,0.0,0.0,0.0,0.0,0.0,0.0,0.0,0.0
2012,95,0.0,0.0,0.0,0.0,97.80600461893765,0.0,0.0,0.11547344110854503,0.0,2.020785219399538,0.0,0.0,0.0,0.0,0.0,0.0,0.0,0.0,0.0,0.0,0.0,0.0,0.057736720554272515
2012,98,0.0,0.0,0.0,0.057736720554272515,0.0,0.0,0.0,0.0,98.44110854503464,0.0,0.0,0.057736720554272515,0.0,1.443418013856813,0.0,0.0,0.0,0.0,0.0,0.0,0.0,0.0,0.0
2012,106,0.0,0.0,0.0,0.0,0.0,0.0,0.0,0.0,0.0,0.0,0.0,0.0,0.0,100.0,0.0,0.0,0.0,0.0,0.0,0.0,0.0,0.0,0.0
2012,108,0.0,0.0,0.0,0.0,0.0,0.0,0.0,0.0,1.9630484988452657,0.0,0.0,0.0,0.0,98.03695150115473,0.0,0.0,0.0,0.0,0.0,0.0,0.0,0.0,0.0
2012,289,0.0,0.0,0.0,0.0,0.0,0.0,0.0,0.0,0.0,0.11547344110854503,0.0,0.0,0.0,0.0,0.5773672055427251,0.057736720554272515,0.0,0.0,0.0,0.0,99.24942263279446,0.0,0.0
2012,290,0.0,0.0,0.0,0.0,0.0,0.0,0.0,100.0,0.0,0.0,0.0,0.0,0.0,0.0,0.0,0.0,0.0,0.0,0.0,0.0,0.0,0.0,0.0
2012,291,0.0,0.057736720554272515,0.057736720554272515,0.0,0.0,99.82678983833718,0.0,0.0,0.0,0.0,0.0,0.0,0.0,0.0,0.057736720554272515,0.0,0.0,0.0,0.0,0.0,0.0,0.0,0.0
2012,292,0.0,0.0,0.057736720554272515,99.364896073903,0.0,0.0,0.0,0.0,0.5773672055427251,0.0,0.0,0.0,0.0,0.0,0.0,0.0,0.0,0.0,0.0,0.0,0.0,0.0,0.0
2012,293,0.0,100.0,0.0,0.0,0.0,0.0,0.0,0.0,0.0,0.0,0.0,0.0,0.0,0.0,0.0,0.0,0.0,0.0,0.0,0.0,0.0,0.0,0.0
2012,294,0.0,0.0,0.0,0.17321016166281755,0.0,0.0,0.0,0.0,99.5958429561201,0.0,0.0,0.0,0.0,0.23094688221709006,0.0,0.0,0.0,0.0,0.0,0.0,0.0,0.0,0.0
2013,66,0.0,0.0,0.0,5.7300275482093666,0.0,1.9283746556473829,0.0,0.0,92.34159779614325,0.0,0.0,0.0,0.0,0.0,0.0,0.0,0.0,0.0,0.0,0.0,0.0,0.0,0.0
2013,69,0.0,0.0,7.43801652892562,0.0,0.0,0.0,0.0,0.0,0.11019283746556473,0.0,0.0,92.12121212121212,0.0,0.0,0.27548209366391185,0.0,0.0,0.055096418732782364,0.0,0.0,0.0,0.0,0.0
2013,70,0.0,0.0,0.0,0.0,0.0,0.0,0.0,0.0,0.0,0.0,0.0,0.1652892561983471,0.0,1.046831955922865,98.7878787878788,0.0,0.0,0.0,0.0,0.0,0.0,0.0,0.0
2013,71,0.0,0.0,0.0,0.0,0.0,0.0,0.055096418732782364,0.0,0.0,0.0,0.0,0.0,0.0,0.0,0.055096418732782364,0.0,0.0,0.0,0.0,0.0,99.88980716253444,0.0,0.0
2013,73,0.0,0.0,0.0,0.0,0.0,0.0,0.055096418732782364,0.0,0.0,0.0,0.0,0.0,99.88980716253444,0.0,0.0,0.0,0.0,0.0,0.0,0.0,0.0,0.0,0.055096418732782364
2013,74,0.0,0.0,0.0,0.0,0.0,0.0,0.0,99.94490358126723,0.0,0.0,0.0,0.0,0.0,0.0,0.0,0.0,0.055096418732782364,0.0,0.0,0.0,0.0,0.0,0.0
2013,75,0.0,0.0,0.0,0.0,0.0,0.0,0.0,0.11019283746556473,0.0,99.88980716253444,0.0,0.0,0.0,0.0,0.0,0.0,0.0,0.0,0.0,0.0,0.0,0.0,0.0
2013,76,0.0,0.0,99.88980716253444,0.0,0.0,0.0,0.0,0.0,0.0,0.0,0.0,0.055096418732782364,0.0,0.0,0.0,0.0,0.0,0.0,0.055096418732782364,0.0,0.0,0.0,0.0
2013,78,0.0,0.0,0.0,7.823691460055096,0.0,90.13774104683195,0.0,0.0,0.0,0.0,0.0,0.0,0.0,2.0385674931129474,0.0,0.0,0.0,0.0,0.0,0.0,0.0,0.0,0.0
2013,79,0.0,0.0,1.322314049586777,0.0,0.0,0.0,0.0,0.055096418732782364,0.5509641873278237,0.0,0.0,95.9228650137741,0.0,0.0,2.1487603305785123,0.0,0.0,0.0,0.0,0.0,0.0,0.0,0.0
2013,94,0.055096418732782364,0.0,0.3305785123966942,0.0,0.0,99.3388429752066,0.0,0.0,0.0,0.0,0.0,0.0,0.0,0.0,0.22038567493112945,0.055096418732782364,0.0,0.0,0.0,0.0,0.0,0.0,0.0
2013,95,0.0,0.0,0.0,0.0,98.29201101928375,0.0,0.0,0.055096418732782364,0.0,1.5977961432506886,0.0,0.0,0.0,0.0,0.055096418732782364,0.0,0.0,0.0,0.0,0.0,0.0,0.0,0.0
2013,98,0.0,0.0,0.0,0.1652892561983471,0.0,0.0,0.0,0.0,98.34710743801654,0.0,0.0,0.1652892561983471,0.0,1.322314049586777,0.0,0.0,0.0,0.0,0.0,0.0,0.0,0.0,0.0
2013,106,0.0,0.0,0.0,0.0,0.0,0.0,0.0,0.0,0.0,0.0,0.0,0.0,0.0,100.0,0.0,0.0,0.0,0.0,0.0,0.0,0.0,0.0,0.0
2013,108,0.0,0.0,0.0,0.0,0.0,0.0,0.0,0.0,8.980716253443525,0.0,0.0,0.0,0.055096418732782364,90.96418732782368,0.0,0.0,0.0,0.0,0.0,0.0,0.0,0.0,0.0
2013,289,0.0,0.0,0.0,0.0,0.0,0.0,0.0,0.0,0.0,0.0,0.0,0.0,0.0,0.0,0.11019283746556473,0.0,0.0,0.0,0.0,0.0,99.88980716253444,0.0,0.0
2013,290,0.0,0.0,0.0,0.0,0.0,0.0,0.0,99.94490358126723,0.0,0.0,0.0,0.0,0.0,0.0,0.0,0.055096418732782364,0.0,0.0,0.0,0.0,0.0,0.0,0.0
2013,291,0.055096418732782364,0.0,0.1652892561983471,0.0,0.0,99.55922865013774,0.0,0.0,0.0,0.0,0.0,0.0,0.0,0.0,0.22038567493112945,0.0,0.0,0.0,0.0,0.0,0.0,0.0,0.0
2013,292,0.0,0.0,0.055096418732782364,91.90082644628099,0.0,0.0,0.0,0.0,8.044077134986226,0.0,0.0,0.0,0.0,0.0,0.0,0.0,0.0,0.0,0.0,0.0,0.0,0.0,0.0
2013,293,0.0,100.0,0.0,0.0,0.0,0.0,0.0,0.0,0.0,0.0,0.0,0.0,0.0,0.0,0.0,0.0,0.0,0.0,0.0,0.0,0.0,0.0,0.0
2013,294,0.0,0.0,0.0,0.11019283746556473,0.0,0.0,0.0,0.0,91.90082644628099,0.0,0.0,7.65840220385675,0.0,0.3305785123966942,0.0,0.0,0.0,0.0,0.0,0.0,0.0,0.0,0.0
2014,66,0.0,0.0,0.0,1.5303682448589193,0.0,1.721664275466284,0.0,0.0,96.7479674796748,0.0,0.0,0.0,0.0,0.0,0.0,0.0,0.0,0.0,0.0,0.0,0.0,0.0,0.0
2014,69,0.0,0.0,3.2520325203252036,0.0,0.0,0.04782400765184123,0.0,0.0,0.0,0.0,0.0,96.46102343376374,0.0,0.0,0.19129603060736491,0.0,0.0,0.0,0.0,0.0,0.0,0.0,0.04782400765184123
2014,70,0.0,0.0,0.0,0.0,0.0,0.04782400765184123,0.0,0.0,0.0,0.0,0.0,0.19129603060736491,0.0,0.5738880918220948,99.1869918699187,0.0,0.0,0.0,0.0,0.0,0.0,0.0,0.0
2014,71,0.0,0.0,0.0,0.0,0.0,0.0,0.0,0.0,0.0,0.0,0.0,0.0,0.0,0.0,0.0,0.0,0.0,0.0,0.0,0.0,100.0,0.0,0.0
2014,73,0.0,0.0,0.0,0.0,0.0,0.0,0.1434720229555237,0.0,0.0,0.0,0.0,0.0,99.80870396939264,0.04782400765184123,0.0,0.0,0.0,0.0,0.0,0.0,0.0,0.0,0.0
2014,74,0.0,0.0,0.0,0.0,0.0,0.0,0.0,100.0,0.0,0.0,0.0,0.0,0.0,0.0,0.0,0.0,0.0,0.0,0.0,0.0,0.0,0.0,0.0
2014,75,0.0,0.0,0.0,0.0,0.0,0.0,0.0,0.04782400765184123,0.0,99.95217599234816,0.0,0.0,0.0,0.0,0.0,0.0,0.0,0.0,0.0,0.0,0.0,0.0,0.0
2014,76,0.0,0.0,99.80870396939264,0.0,0.0,0.0,0.0,0.0,0.0,0.0,0.0,0.19129603060736491,0.0,0.0,0.0,0.0,0.0,0.0,0.0,0.0,0.0,0.0,0.0
2014,78,0.0,0.0,0.0,3.2998565279770444,0.0,93.7350549976088,0.0,0.0,0.1434720229555237,0.0,0.0,0.0,0.0,2.7737924438067907,0.0,0.0,0.04782400765184123,0.0,0.0,0.0,0.0,0.0,0.0
2014,79,0.0,0.0,1.482544237207078,0.0,0.0,0.0,0.0,0.0,0.5738880918220948,0.0,0.0,95.3610712577714,0.0,0.0,2.582496413199426,0.0,0.0,0.0,0.0,0.0,0.0,0.0,0.0
2014,94,0.0,0.0,0.04782400765184123,0.0,0.0,99.71305595408894,0.0,0.0,0.0,0.0,0.0,0.0,0.0,0.0,0.19129603060736491,0.04782400765184123,0.0,0.0,0.0,0.0,0.0,0.0,0.0
2014,95,0.0,0.0,0.0,0.0,97.895743663319,0.0,0.0,0.1434720229555237,0.0,1.8651362984218076,0.0,0.0,0.0,0.0,0.0,0.0,0.04782400765184123,0.0,0.0,0.0,0.0,0.0,0.04782400765184123
2014,98,0.0,0.0,0.0,0.0,0.0,0.0,0.0,0.0,97.94356767097084,0.0,0.0,0.0,0.0,2.008608321377331,0.0,0.0,0.0,0.0,0.0,0.0,0.0,0.0,0.04782400765184123
2014,106,0.0,0.0,0.0,0.0,0.0,0.0,0.0,0.0,0.0,0.0,0.0,0.0,0.0,100.0,0.0,0.0,0.0,0.0,0.0,0.0,0.0,0.0,0.0
2014,108,0.0,0.0,0.0,0.0,0.0,0.0,0.0,0.04782400765184123,5.0215208034433285,0.0,0.0,0.0,0.0,94.93065518890484,0.0,0.0,0.0,0.0,0.0,0.0,0.0,0.0,0.0
2014,289,0.0,0.0,0.0,0.0,0.0,0.0,0.0,0.0,0.0,0.0,0.0,0.0,0.0,0.0,0.47824007651841227,0.09564801530368246,0.0,0.0,0.0,0.0,99.4261119081779,0.0,0.0
2014,290,0.0,0.0,0.0,0.0,0.0,0.0,0.0,99.95217599234816,0.0,0.04782400765184123,0.0,0.0,0.0,0.0,0.0,0.0,0.0,0.0,0.0,0.0,0.0,0.0,0.0
2014,291,0.0,0.0,0.09564801530368246,0.0,0.0,99.80870396939264,0.0,0.0,0.0,0.0,0.0,0.0,0.0,0.0,0.09564801530368246,0.0,0.0,0.0,0.0,0.0,0.0,0.0,0.0
2014,292,0.0,0.0,0.0,96.22190339550454,0.0,0.09564801530368246,0.0,0.0,3.634624581539933,0.0,0.0,0.0,0.0,0.0,0.0,0.0,0.04782400765184123,0.0,0.0,0.0,0.0,0.0,0.0
2014,293,0.0,100.0,0.0,0.0,0.0,0.0,0.0,0.0,0.0,0.0,0.0,0.0,0.0,0.0,0.0,0.0,0.0,0.0,0.0,0.0,0.0,0.0,0.0
2014,294,0.0,0.0,0.09564801530368246,0.09564801530368246,0.0,0.0,0.0,0.0,96.1740793878527,0.0,0.0,3.1563845050215207,0.0,0.3347680535628886,0.0,0.04782400765184123,0.0,0.0,0.0,0.0,0.0,0.0,0.09564801530368246
2015,66,0.0,0.0,0.0,3.450655624568668,0.0,7.6604554865424435,0.0,0.0,88.78536922015184,0.0,0.0,0.03450655624568668,0.0,0.06901311249137336,0.0,0.0,0.0,0.0,0.0,0.0,0.0,0.0,0.0
2015,69,0.0,0.0,11.11111111111111,0.0,0.0,0.0,0.0,0.0,0.10351966873706005,0.0,0.0,88.23326432022084,0.0,0.0,0.5175983436853002,0.0,0.0,0.03450655624568668,0.0,0.0,0.0,0.0,0.0
2015,70,0.0,0.0,0.0,0.0,0.0,0.13802622498274672,0.0,0.0,0.0,0.0,0.0,0.5175983436853002,0.0,2.1048999309868877,97.23947550034507,0.0,0.0,0.0,0.0,0.0,0.0,0.0,0.0
2015,71,0.0,0.0,0.0,0.0,0.0,0.0,0.0,0.0,0.0,0.0,0.0,0.0,0.0,0.0,0.0,0.0,0.0,0.0,0.0,0.0,100.0,0.0,0.0
2015,73,0.0,0.0,0.0,0.0,0.0,0.0,0.03450655624568668,0.0,0.06901311249137336,0.0,0.0,0.0,99.89648033126294,0.0,0.0,0.0,0.0,0.0,0.0,0.0,0.0,0.0,0.0
2015,74,0.0,0.0,0.0,0.0,0.0,0.0,0.0,99.72394755003451,0.0,0.0,0.0,0.0,0.0,0.0,0.0,0.03450655624568668,0.24154589371980675,0.0,0.0,0.0,0.0,0.0,0.0
2015,75,0.0,0.0,0.0,0.0,0.0,0.0,0.0,0.03450655624568668,0.0,99.96549344375431,0.0,0.0,0.0,0.0,0.0,0.0,0.0,0.0,0.0,0.0,0.0,0.0,0.0
2015,76,0.0,0.0,100.0,0.0,0.0,0.0,0.0,0.0,0.0,0.0,0.0,0.0,0.0,0.0,0.0,0.0,0.0,0.0,0.0,0.0,0.0,0.0,0.0
2015,78,0.0,0.0,0.0,11.352657004830919,0.0,87.50862663906143,0.0,0.0,0.10351966873706005,0.0,0.0,0.0,0.0,1.0351966873706004,0.0,0.0,0.0,0.0,0.0,0.0,0.0,0.0,0.0
2015,79,0.0,0.0,2.139406487232574,0.0,0.0,0.0,0.0,0.0,0.5866114561766735,0.0,0.0,94.54796411318151,0.0,0.0,2.691511387163561,0.0,0.0,0.03450655624568668,0.0,0.0,0.0,0.0,0.0
2015,94,0.0,0.0,0.1725327812284334,0.0,0.0,99.06832298136646,0.0,0.0,0.0,0.0,0.0,0.0,0.0,0.0,0.6901311249137336,0.0,0.0,0.0,0.0,0.0,0.0,0.0,0.06901311249137336
2015,95,0.0,0.0,0.0,0.0,97.48102139406487,0.0,0.0,0.03450655624568668,0.0,2.2084195997239475,0.0,0.0,0.0,0.0,0.0,0.0,0.27605244996549344,0.0,0.0,0.0,0.0,0.0,0.0
2015,98,0.0,0.0,0.0,0.0,0.0,0.0,0.0,0.0,98.34368530020704,0.0,0.0,0.0,0.0,1.621808143547274,0.0,0.0,0.0,0.0,0.0,0.0,0.0,0.0,0.03450655624568668
2015,106,0.0,0.0,0.0,0.0,0.0,0.0,0.0,0.0,0.0,0.0,0.0,0.0,0.0,100.0,0.0,0.0,0.0,0.0,0.0,0.0,0.0,0.0,0.0
2015,108,0.0,0.0,0.0,0.0,0.0,0.0,0.0,0.0,14.04416839199448,0.0,0.0,0.06901311249137336,0.0,85.85231193926846,0.03450655624568668,0.0,0.0,0.0,0.0,0.0,0.0,0.0,0.0
2015,289,0.0,0.0,0.0,0.0,0.0,0.0,0.0,0.0,0.0,0.03450655624568668,0.0,0.0,0.0,0.0,0.1725327812284334,0.0,0.0,0.0,0.0,0.0,99.79296066252587,0.0,0.0
2015,290,0.0,0.0,0.0,0.0,0.0,0.0,0.0,99.96549344375431,0.0,0.03450655624568668,0.0,0.0,0.0,0.0,0.0,0.0,0.0,0.0,0.0,0.0,0.0,0.0,0.0
2015,291,0.0,0.0,0.6556245686680469,0.0,0.0,99.13733609385783,0.0,0.0,0.0,0.0,0.0,0.0,0.0,0.0,0.1725327812284334,0.0,0.0,0.0,0.0,0.0,0.0,0.0,0.03450655624568668
2015,292,0.0,0.0,0.0,87.5431331953071,0.0,0.0,0.0,0.0,12.456866804692892,0.0,0.0,0.0,0.0,0.0,0.0,0.0,0.0,0.0,0.0,0.0,0.0,0.0,0.0
2015,293,0.0,100.0,0.0,0.0,0.0,0.0,0.0,0.0,0.0,0.0,0.0,0.0,0.0,0.0,0.0,0.0,0.0,0.0,0.0,0.0,0.0,0.0,0.0
2015,294,0.0,0.0,0.0,0.03450655624568668,0.0,0.0,0.0,0.0,88.30227743271222,0.0,0.0,11.180124223602485,0.0,0.4830917874396135,0.0,0.0,0.0,0.0,0.0,0.0,0.0,0.0,0.0
2016,66,0.0,0.0,0.0,1.1036789297658862,0.0,4.949832775919733,0.0,0.0,93.94648829431438,0.0,0.0,0.0,0.0,0.0,0.0,0.0,0.0,0.0,0.0,0.0,0.0,0.0,0.0
2016,69,0.0,0.0,5.150501672240803,0.0,0.0,0.033444816053511704,0.0,0.0,0.06688963210702341,0.0,0.0,94.71571906354515,0.0,0.0,0.033444816053511704,0.0,0.0,0.0,0.0,0.0,0.0,0.0,0.0
2016,70,0.0,0.0,0.0,0.0,0.0,0.0,0.0,0.0,0.0,0.0,0.033444816053511704,0.16722408026755853,0.0,1.1371237458193981,98.66220735785953,0.0,0.0,0.0,0.0,0.0,0.0,0.0,0.0
2016,71,0.0,0.0,0.0,0.0,0.0,0.0,0.033444816053511704,0.0,0.0,0.0,0.0,0.0,0.0,0.0,0.16722408026755853,0.0,0.0,0.0,0.0,0.0,99.79933110367894,0.0,0.0
2016,73,0.0,0.0,0.0,0.0,0.0,0.0,0.2006688963210702,0.0,0.0,0.0,0.0,0.0,99.76588628762542,0.033444816053511704,0.0,0.0,0.0,0.0,0.0,0.0,0.0,0.0,0.0
2016,74,0.0,0.0,0.0,0.0,0.0,0.0,0.0,99.7324414715719,0.0,0.0,0.0,0.0,0.0,0.0,0.0,0.13377926421404682,0.13377926421404682,0.0,0.0,0.0,0.0,0.0,0.0
2016,75,0.0,0.0,0.0,0.0,0.0,0.0,0.0,0.033444816053511704,0.0,99.9665551839465,0.0,0.0,0.0,0.0,0.0,0.0,0.0,0.0,0.0,0.0,0.0,0.0,0.0
2016,76,0.0,0.0,99.9665551839465,0.0,0.0,0.0,0.0,0.0,0.0,0.0,0.0,0.033444816053511704,0.0,0.0,0.0,0.0,0.0,0.0,0.0,0.0,0.0,0.0,0.0
2016,78,0.0,0.0,0.0,5.117056856187291,0.0,94.71571906354515,0.0,0.0,0.13377926421404682,0.0,0.0,0.0,0.0,0.033444816053511704,0.0,0.0,0.0,0.0,0.0,0.0,0.0,0.0,0.0
2016,79,0.0,0.0,1.0033444816053512,0.0,0.0,0.0,0.0,0.0,0.33444816053511706,0.0,0.0,97.75919732441471,0.0,0.0,0.8361204013377926,0.0,0.0,0.06688963210702341,0.0,0.0,0.0,0.0,0.0
2016,94,0.0,0.0,0.8026755852842808,0.0,0.0,99.03010033444815,0.0,0.0,0.0,0.0,0.0,0.0,0.0,0.0,0.16722408026755853,0.0,0.0,0.0,0.0,0.0,0.0,0.0,0.0
2016,95,0.0,0.0,0.0,0.0,93.9799331103679,0.0,0.0,0.0,0.0,6.0200668896321075,0.0,0.0,0.0,0.0,0.0,0.0,0.0,0.0,0.0,0.0,0.0,0.0,0.0
2016,98,0.0,0.0,0.0,0.033444816053511704,0.0,0.0,0.0,0.0,99.76588628762542,0.0,0.0,0.033444816053511704,0.0,0.13377926421404682,0.0,0.033444816053511704,0.0,0.0,0.0,0.0,0.0,0.0,0.0
2016,106,0.0,0.0,0.0,0.0,0.0,0.0,0.0,0.0,0.0,0.0,0.0,0.0,0.0,99.9665551839465,0.0,0.0,0.0,0.0,0.0,0.0,0.0,0.0,0.033444816053511704
2016,108,0.0,0.0,0.0,0.0,0.0,0.33444816053511706,0.0,0.0,5.68561872909699,0.0,0.0,0.0,0.0,93.91304347826087,0.0,0.0,0.0,0.0,0.0,0.0,0.0,0.06688963210702341,0.0
2016,289,0.033444816053511704,0.0,0.0,0.0,0.0,0.0,0.0,0.0,0.0,0.033444816053511704,0.0,0.0,0.0,0.0,0.3010033444816053,0.033444816053511704,0.0,0.0,0.0,0.0,99.56521739130434,0.0,0.033444816053511704
2016,290,0.0,0.0,0.0,0.0,0.0,0.0,0.0,99.93311036789298,0.0,0.0,0.033444816053511704,0.0,0.0,0.0,0.0,0.0,0.033444816053511704,0.0,0.0,0.0,0.0,0.0,0.0
2016,291,0.0,0.0,0.0,0.0,0.0,99.89966555183946,0.0,0.0,0.0,0.0,0.0,0.0,0.0,0.0,0.06688963210702341,0.0,0.033444816053511704,0.0,0.0,0.0,0.0,0.0,0.0
2016,292,0.0,0.0,0.0,91.00334448160535,0.0,0.033444816053511704,0.0,0.0,8.79598662207358,0.0,0.0,0.0,0.0,0.1003344481605351,0.0,0.0,0.0,0.0,0.0,0.0,0.0,0.0,0.06688963210702341
2016,293,0.0,100.0,0.0,0.0,0.0,0.0,0.0,0.0,0.0,0.0,0.0,0.0,0.0,0.0,0.0,0.0,0.0,0.0,0.0,0.0,0.0,0.0,0.0
2016,294,0.0,0.0,0.0,0.1003344481605351,0.0,0.0,0.0,0.0,94.68227424749163,0.0,0.0,5.117056856187291,0.0,0.1003344481605351,0.0,0.0,0.0,0.0,0.0,0.0,0.0,0.0,0.0
2017,66,0.0,0.0,0.0,12.702327732387852,0.0,5.5341452135039315,0.0,0.35455526437490364,81.3627254509018,0.0,0.0,0.0,0.0,0.03083089255433945,0.0,0.0,0.0,0.0,0.0,0.0,0.015415446277169726,0.0,0.0
2017,69,0.03083089255433945,0.0,33.54401109912132,0.0,0.0,10.62124248496994,0.0,0.0,0.0,0.015415446277169726,0.0,55.71142284569138,0.0,0.0,0.0616617851086789,0.0,0.0,0.0,0.0,0.0,0.0,0.0,0.015415446277169726
2017,70,0.0,0.0,0.0,0.0,0.0,0.10790812394018806,0.0,0.0,0.0,0.0,0.0,0.1849853553260367,0.0,0.03083089255433945,99.67627562817944,0.0,0.0,0.0,0.0,0.0,0.0,0.0,0.0
2017,71,0.0,0.0,0.0,0.0,0.0,0.0,0.0,0.0,0.0,0.0,0.0,0.0,0.015415446277169726,0.0,0.0,0.03083089255433945,0.0,0.0,0.0,0.0,99.95375366116849,0.0,0.0
2017,73,0.0,0.0,0.0,0.0,0.0,0.0,0.13873901649452752,0.0,0.0,0.0,0.0,0.015415446277169726,99.81501464467397,0.03083089255433945,0.0,0.0,0.0,0.0,0.0,0.0,0.0,0.0,0.0
2017,74,0.0,0.0,0.0,0.0,0.0,0.0,0.0,99.47587482657623,0.0,0.0,0.0,0.0,0.0,0.0,0.0,0.04624633883150917,0.47787883459226144,0.0,0.0,0.0,0.0,0.0,0.0
2017,75,0.015415446277169726,0.0,0.0,0.0,0.0,0.0,0.0,0.21581624788037612,0.0,99.76876830584246,0.0,0.0,0.0,0.0,0.0,0.0,0.0,0.0,0.0,0.0,0.0,0.0,0.0
2017,76,0.0,0.0,99.96916910744567,0.0,0.0,0.03083089255433945,0.0,0.0,0.0,0.0,0.0,0.0,0.0,0.0,0.0,0.0,0.0,0.0,0.0,0.0,0.0,0.0,0.0
2017,78,0.0,0.0,0.0,5.688299676275628,0.0,94.25003853861568,0.0,0.015415446277169726,0.0,0.0,0.0,0.0,0.0,0.04624633883150917,0.0,0.0,0.0,0.0,0.0,0.0,0.0,0.0,0.0
2017,79,0.0,0.0,0.7399414213041468,0.0,0.0,0.0,0.0,0.0,0.16956990904886696,0.015415446277169726,0.0,98.73593340527208,0.0,0.0,0.2620625867118853,0.0,0.0,0.0616617851086789,0.0,0.0,0.0,0.0,0.015415446277169726
2017,94,0.0,0.0,0.1849853553260367,0.015415446277169726,0.0,99.46045938029906,0.0,0.0,0.0,0.0,0.0,0.015415446277169726,0.0,0.0,0.3237243718205642,0.0,0.0,0.0,0.0,0.0,0.0,0.0,0.0
2017,95,0.0,0.0,0.0,0.0,69.36950824726375,0.0,0.0,0.7707723138584862,0.0,2.281486049021119,0.0,0.0,0.0,0.0,0.0,0.0,27.547402497302297,0.015415446277169726,0.0,0.0,0.0,0.0,0.015415446277169726
2017,98,0.0,0.0,0.0,0.3237243718205642,0.0,0.0,0.0,0.0,99.63002928934792,0.0,0.0,0.015415446277169726,0.0,0.03083089255433945,0.0,0.0,0.0,0.0,0.0,0.0,0.0,0.0,0.0
2017,106,0.0,0.0,0.0,0.0,0.0,0.0,0.0,0.0,0.0,0.0,0.0,0.0,0.0,99.98458455372284,0.0,0.015415446277169726,0.0,0.0,0.0,0.0,0.0,0.0,0.0
2017,108,0.0,0.0,0.0,0.015415446277169726,0.0,0.1849853553260367,0.0,0.0,6.0736858332048715,0.0,0.0,0.0,0.0,93.60258979497456,0.09249267766301834,0.0,0.0,0.015415446277169726,0.0,0.0,0.0,0.0,0.015415446277169726
2017,289,0.0,0.0,0.0,0.0,0.0,0.0,0.0616617851086789,0.0,0.0,0.09249267766301834,0.0,0.0,0.0,0.0,0.13873901649452752,0.04624633883150917,0.015415446277169726,0.0,0.0,0.0,99.63002928934792,0.0,0.015415446277169726
2017,290,0.0,0.0,0.0,0.0,0.0,0.0,0.015415446277169726,99.93833821489132,0.0,0.0,0.0,0.0,0.0,0.0,0.0,0.0,0.03083089255433945,0.0,0.0,0.0,0.0,0.0,0.015415446277169726
2017,291,0.0,0.0,0.30830892554339445,0.0,0.0,99.56836750423925,0.0,0.0,0.0,0.0,0.0,0.0,0.0,0.0,0.0,0.0,0.10790812394018806,0.0,0.0,0.0,0.0,0.0,0.015415446277169726
2017,292,0.0,0.015415446277169726,0.0,39.84892862648374,0.0,0.0,0.0,0.0,49.22151996300293,0.0,0.0,0.0,0.0616617851086789,10.821643286573146,0.0,0.0,0.0,0.0,0.0,0.0,0.0,0.0,0.03083089255433945
2017,293,0.0,99.96916910744567,0.0,0.0,0.0,0.0,0.0,0.0,0.0,0.0,0.0,0.015415446277169726,0.0,0.0,0.0,0.0,0.0,0.0,0.0,0.0,0.0,0.0,0.015415446277169726
2017,294,0.015415446277169726,0.0,0.0,0.09249267766301834,0.0,0.0,0.0,0.0,94.23462309233852,0.0,0.0,5.5495606597811005,0.0,0.03083089255433945,0.03083089255433945,0.0,0.0,0.0,0.0,0.0,0.0,0.0,0.04624633883150917
2018,66,0.0,0.0,0.0,38.79781420765027,0.0,2.5596778832326716,0.0,0.9203336209375899,57.664653436870864,0.0,0.0,0.0,0.028760425654299683,0.028760425654299683,0.0,0.0,0.0,0.0,0.0,0.0,0.0,0.0,0.0
2018,69,0.0,0.0,55.07621512798389,0.0,0.0,19.902214552775384,0.0,0.0,0.0,0.0,0.0,24.791486914006327,0.0,0.0,0.1725625539257981,0.0,0.0,0.028760425654299683,0.0,0.0,0.0,0.0,0.028760425654299683
2018,70,0.0,0.0,0.0,0.0,0.0,0.0,0.0,0.0,0.0,0.0,0.0,0.7477710670117919,0.0,0.11504170261719873,99.10842680471671,0.0,0.0,0.0,0.0,0.0,0.0,0.0,0.028760425654299683
2018,71,0.0,0.0,0.0,0.0,0.0,0.0,0.057520851308599366,0.0,0.0,0.0,0.0,0.0,0.0,0.0,0.0,0.0,0.0,0.0,0.0,0.0,99.9424791486914,0.0,0.0
2018,73,0.0,0.0,0.0,0.0,0.0,0.0,0.028760425654299683,0.0,0.028760425654299683,0.08628127696289906,0.0,0.0,99.7699165947656,0.08628127696289906,0.0,0.0,0.0,0.0,0.0,0.0,0.0,0.0,0.0
2018,74,0.0,0.0,0.0,0.0,0.0,0.0,0.0,99.8274374460742,0.0,0.0,0.0,0.0,0.0,0.0,0.0,0.057520851308599366,0.11504170261719873,0.0,0.0,0.0,0.0,0.0,0.0
2018,75,0.0,0.0,0.0,0.0,0.0,0.0,0.0,0.08628127696289906,0.0,99.9137187230371,0.0,0.0,0.0,0.0,0.0,0.0,0.0,0.0,0.0,0.0,0.0,0.0,0.0
2018,76,0.0,0.0,100.0,0.0,0.0,0.0,0.0,0.0,0.0,0.0,0.0,0.0,0.0,0.0,0.0,0.0,0.0,0.0,0.0,0.0,0.0,0.0,0.0
2018,78,0.0,0.0,0.0,3.59505320678746,0.0,96.26114466494104,0.0,0.0,0.028760425654299683,0.0,0.0,0.0,0.0,0.11504170261719873,0.0,0.0,0.0,0.0,0.0,0.0,0.0,0.0,0.0
2018,79,0.0,0.0,0.23008340523439746,0.0,0.0,0.0,0.0,0.0,0.2876042565429969,0.0,0.0,99.4823123382226,0.0,0.0,0.0,0.0,0.0,0.0,0.0,0.0,0.0,0.0,0.0
2018,94,0.0,0.0,0.3163646821972965,0.0,0.0,98.79206212251941,0.0,0.0,0.0,0.0,0.0,0.0,0.0,0.0,0.8628127696289906,0.0,0.0,0.0,0.0,0.0,0.0,0.0,0.028760425654299683
2018,95,0.0,0.0,0.0,0.0,52.02761000862812,0.0,0.0,0.9778544722461893,0.0,0.5176876617773942,0.0,0.0,0.0,0.0,0.0,0.0,46.44808743169399,0.0,0.0,0.0,0.0,0.0,0.028760425654299683
2018,98,0.0,0.0,0.0,0.0,0.0,0.0,0.0,0.0,99.9424791486914,0.0,0.0,0.028760425654299683,0.0,0.028760425654299683,0.0,0.0,0.0,0.0,0.0,0.0,0.0,0.0,0.0
2018,106,0.0,0.0,0.0,0.0,0.0,0.0,0.0,0.0,0.0,0.0,0.0,0.0,0.0,100.0,0.0,0.0,0.0,0.0,0.0,0.0,0.0,0.0,0.0
2018,108,0.0,0.0,0.0,0.0,0.0,0.14380212827149844,0.0,0.0,3.1348863963186653,0.0,0.0,0.028760425654299683,0.0,96.66379062410122,0.0,0.0,0.0,0.0,0.0,0.0,0.0,0.0,0.028760425654299683
2018,289,0.0,0.0,0.0,0.0,0.0,0.0,0.0,0.0,0.0,0.057520851308599366,0.0,0.0,0.0,0.0,0.0,0.0,0.0,0.0,0.0,0.0,99.9424791486914,0.0,0.0
2018,290,0.0,0.0,0.0,0.0,0.0,0.0,0.0,100.0,0.0,0.0,0.0,0.0,0.0,0.0,0.0,0.0,0.0,0.0,0.0,0.0,0.0,0.0,0.0
2018,291,0.0,0.0,0.7477710670117919,0.0,0.0,99.19470808167961,0.0,0.0,0.0,0.0,0.0,0.0,0.0,0.0,0.057520851308599366,0.0,0.0,0.0,0.0,0.0,0.0,0.0,0.0
2018,292,0.0,0.0,0.0,5.349439171699741,0.0,0.0,0.0,0.0,73.54040839804429,0.0,0.0,0.057520851308599366,0.37388553350589593,20.621225194132872,0.0,0.0,0.0,0.0,0.0,0.0,0.0,0.0,0.057520851308599366
2018,293,0.0,100.0,0.0,0.0,0.0,0.0,0.0,0.0,0.0,0.0,0.0,0.0,0.0,0.0,0.0,0.0,0.0,0.0,0.0,0.0,0.0,0.0,0.0
2018,294,0.0,0.0,0.0,0.057520851308599366,0.0,0.0,0.0,0.0,97.12395743457003,0.0,0.0,2.645959160195571,0.0,0.14380212827149844,0.0,0.0,0.0,0.028760425654299683,0.0,0.0,0.0,0.0,0.0
2019,66,0.03563791874554526,0.0,0.0,83.99857448325018,0.0,4.7220242337847464,0.0,0.0,10.851746258018531,0.0,0.0,0.0,0.0,0.12473271560940842,0.0,0.0,0.21382751247327159,0.0,0.0,0.0,0.0,0.0,0.053456878118317896
2019,69,0.0,0.0,15.698503207412687,0.01781895937277263,0.0,65.5559515324305,0.0,0.0,0.0,0.0,0.0,17.89023521026372,0.0,0.0,0.8018531717747683,0.0,0.0,0.0,0.0,0.0,0.0,0.0,0.03563791874554526
2019,70,0.0,0.0,0.0,0.0,0.0,0.01781895937277263,0.0,0.0,0.0,0.0,0.0,0.12473271560940842,0.0,0.01781895937277263,99.8039914468995,0.0,0.0,0.0,0.0,0.0,0.0,0.0,0.03563791874554526
2019,71,0.0,0.0,0.0,0.0,0.0,0.0,0.0,0.0,0.0,0.0,0.0,0.0,0.0,0.0,0.053456878118317896,0.0,0.0,0.0,0.0,0.0,99.94654312188167,0.0,0.0
2019,73,0.0,0.0,0.0,0.0,0.0,0.0,0.0,0.0,0.08909479686386315,0.03563791874554526,0.0,0.0,99.69707769066287,0.1781895937277263,0.0,0.0,0.0,0.0,0.0,0.0,0.0,0.0,0.0
2019,74,0.0,0.0,0.0,0.0,0.0,0.0,0.0,99.8039914468995,0.0,0.0,0.0,0.0,0.0,0.0,0.0,0.0,0.19600855310049894,0.0,0.0,0.0,0.0,0.0,0.0
2019,75,0.0,0.0,0.0,0.0,0.0,0.0,0.0,0.03563791874554526,0.0,99.96436208125445,0.0,0.0,0.0,0.0,0.0,0.0,0.0,0.0,0.0,0.0,0.0,0.0,0.0
2019,76,0.0,0.0,100.0,0.0,0.0,0.0,0.0,0.0,0.0,0.0,0.0,0.0,0.0,0.0,0.0,0.0,0.0,0.0,0.0,0.0,0.0,0.0,0.0
2019,78,0.0,0.0,0.0,9.729151817533856,0.0,90.25302922309338,0.0,0.0,0.0,0.0,0.0,0.0,0.0,0.01781895937277263,0.0,0.0,0.0,0.0,0.0,0.0,0.0,0.0,0.0
2019,79,0.0,0.0,0.07127583749109052,0.0,0.0,0.0,0.0,0.0,0.01781895937277263,0.0,0.0,99.91090520313614,0.0,0.0,0.0,0.0,0.0,0.0,0.0,0.0,0.0,0.0,0.0
2019,94,0.0,0.0,0.2672843905915895,0.0,0.0,99.32287954383465,0.0,0.0,0.0,0.0,0.0,0.0,0.0,0.0,0.4098360655737705,0.0,0.0,0.0,0.0,0.0,0.0,0.0,0.0
2019,95,0.0,0.0,0.0,0.0,90.50249465431219,0.0,0.0,0.053456878118317896,0.0,0.5523877405559515,0.0,0.0,0.0,0.0,0.0,0.0,8.838203848895224,0.0,0.0,0.0,0.0,0.0,0.053456878118317896
2019,98,0.0,0.0,0.0,0.0,0.0,0.0,0.0,0.0,99.94654312188167,0.0,0.0,0.03563791874554526,0.0,0.01781895937277263,0.0,0.0,0.0,0.0,0.0,0.0,0.0,0.0,0.0
2019,106,0.0,0.0,0.0,0.0,0.0,0.0,0.0,0.0,0.0,0.0,0.0,0.0,0.0,99.98218104062722,0.0,0.0,0.0,0.0,0.0,0.0,0.0,0.0,0.01781895937277263
2019,108,0.0,0.0,0.0,0.0,0.0,0.08909479686386315,0.0,0.0,5.14967925873129,0.0,0.0,0.0,0.0,94.76122594440484,0.0,0.0,0.0,0.0,0.0,0.0,0.0,0.0,0.0
2019,289,0.0,0.0,0.0,0.0,0.0,0.0,0.0,0.0,0.0,0.33856022808268,0.0,0.0,0.0,0.0,0.0,0.0,0.0,0.0,0.0,0.0,99.66143977191732,0.0,0.0
2019,290,0.0,0.0,0.0,0.0,0.0,0.0,0.0,99.98218104062722,0.0,0.0,0.01781895937277263,0.0,0.0,0.0,0.0,0.0,0.0,0.0,0.0,0.0,0.0,0.0,0.0
2019,291,0.0,0.0,0.3207412687099074,0.0,0.0,99.62580185317177,0.0,0.0,0.0,0.0,0.0,0.0,0.0,0.0,0.053456878118317896,0.0,0.0,0.0,0.0,0.0,0.0,0.0,0.0
2019,292,0.0,0.0,0.0,0.5523877405559515,0.0,0.0,0.0,0.0,33.67783321454027,0.0,0.0,0.03563791874554526,0.0,65.64504632929436,0.0,0.0,0.0,0.0,0.0,0.0,0.0,0.0,0.08909479686386315
2019,293,0.0,99.98218104062722,0.0,0.0,0.0,0.0,0.0,0.0,0.0,0.0,0.0,0.0,0.0,0.0,0.0,0.0,0.0,0.0,0.0,0.0,0.0,0.0,0.01781895937277263
2019,294,0.0,0.0,0.0,0.12473271560940842,0.0,0.0,0.0,0.0,94.77904490377762,0.0,0.0,5.042765502494654,0.0,0.01781895937277263,0.0,0.03563791874554526,0.0,0.0,0.0,0.0,0.0,0.0,0.0
2020,66,0.0,0.0,0.0,97.78761061946902,0.0,0.0,0.0,0.0,1.991150442477876,0.0,0.0,0.0,0.0,0.22123893805309736,0.0,0.0,0.0,0.0,0.0,0.0,0.0,0.0,0.0
2020,69,0.0,0.0,4.867256637168142,0.0,0.0,86.06194690265487,0.0,0.0,0.0,0.0,0.0,9.070796460176991,0.0,0.0,0.0,0.0,0.0,0.0,0.0,0.0,0.0,0.0,0.0
2020,70,0.0,0.0,0.0,0.0,0.0,0.0,0.0,0.0,0.0,0.0,0.0,0.0,0.0,0.0,100.0,0.0,0.0,0.0,0.0,0.0,0.0,0.0,0.0
2020,71,0.0,0.0,0.0,0.0,0.0,0.0,0.0,0.0,0.0,0.0,0.0,0.0,0.0,0.0,0.0,0.0,0.0,0.0,0.0,0.0,100.0,0.0,0.0
2020,73,0.0,0.0,0.0,0.0,0.0,0.0,0.0,0.0,0.0,0.0,0.0,0.0,99.77876106194691,0.22123893805309736,0.0,0.0,0.0,0.0,0.0,0.0,0.0,0.0,0.0
2020,74,0.0,0.0,0.0,0.0,0.0,0.0,0.0,99.5575221238938,0.0,0.0,0.0,0.0,0.0,0.0,0.0,0.0,0.4424778761061947,0.0,0.0,0.0,0.0,0.0,0.0
2020,75,0.0,0.0,0.0,0.0,0.0,0.0,0.0,0.0,0.0,100.0,0.0,0.0,0.0,0.0,0.0,0.0,0.0,0.0,0.0,0.0,0.0,0.0,0.0
2020,76,0.0,0.0,100.0,0.0,0.0,0.0,0.0,0.0,0.0,0.0,0.0,0.0,0.0,0.0,0.0,0.0,0.0,0.0,0.0,0.0,0.0,0.0,0.0
2020,78,0.0,0.0,0.0,0.22123893805309736,0.0,99.77876106194691,0.0,0.0,0.0,0.0,0.0,0.0,0.0,0.0,0.0,0.0,0.0,0.0,0.0,0.0,0.0,0.0,0.0
2020,79,0.0,0.0,0.0,0.0,0.0,0.0,0.0,0.0,0.0,0.0,0.0,100.0,0.0,0.0,0.0,0.0,0.0,0.0,0.0,0.0,0.0,0.0,0.0
2020,94,0.0,0.0,0.22123893805309736,0.0,0.0,99.77876106194691,0.0,0.0,0.0,0.0,0.0,0.0,0.0,0.0,0.0,0.0,0.0,0.0,0.0,0.0,0.0,0.0,0.0
2020,95,0.0,0.0,0.0,0.0,99.5575221238938,0.0,0.0,0.0,0.0,0.4424778761061947,0.0,0.0,0.0,0.0,0.0,0.0,0.0,0.0,0.0,0.0,0.0,0.0,0.0
2020,98,0.0,0.0,0.0,0.0,0.0,0.0,0.0,0.0,100.0,0.0,0.0,0.0,0.0,0.0,0.0,0.0,0.0,0.0,0.0,0.0,0.0,0.0,0.0
2020,106,0.0,0.0,0.0,0.0,0.0,0.0,0.0,0.0,0.0,0.0,0.0,0.0,0.0,100.0,0.0,0.0,0.0,0.0,0.0,0.0,0.0,0.0,0.0
2020,108,0.0,0.0,0.0,0.0,0.0,0.0,0.0,0.0,0.22123893805309736,0.0,0.0,0.0,0.0,99.77876106194691,0.0,0.0,0.0,0.0,0.0,0.0,0.0,0.0,0.0
2020,289,0.0,0.0,0.0,0.0,0.0,0.0,0.0,0.0,0.0,0.0,0.0,0.0,0.0,0.0,0.0,0.0,0.0,0.0,0.0,0.0,100.0,0.0,0.0
2020,290,0.0,0.0,0.0,0.0,0.0,0.0,0.0,100.0,0.0,0.0,0.0,0.0,0.0,0.0,0.0,0.0,0.0,0.0,0.0,0.0,0.0,0.0,0.0
2020,291,0.0,0.0,0.0,0.0,0.0,100.0,0.0,0.0,0.0,0.0,0.0,0.0,0.0,0.0,0.0,0.0,0.0,0.0,0.0,0.0,0.0,0.0,0.0
2020,292,0.0,0.0,0.0,0.0,0.0,0.0,0.0,0.0,14.601769911504425,0.0,0.0,0.0,0.0,85.39823008849558,0.0,0.0,0.0,0.0,0.0,0.0,0.0,0.0,0.0
2020,293,0.0,100.0,0.0,0.0,0.0,0.0,0.0,0.0,0.0,0.0,0.0,0.0,0.0,0.0,0.0,0.0,0.0,0.0,0.0,0.0,0.0,0.0,0.0
2020,294,0.0,0.0,0.0,0.22123893805309736,0.0,0.0,0.0,0.0,99.5575221238938,0.0,0.0,0.22123893805309736,0.0,0.0,0.0,0.0,0.0,0.0,0.0,0.0,0.0,0.0,0.0
2021,66,0.0,0.0,0.0,89.07148726376334,0.0,0.08216926869350863,0.0,0.0,10.76417419884963,0.0,0.0,0.0,0.0,0.041084634346754315,0.0,0.0,0.0,0.0,0.0,0.0,0.0,0.0,0.041084634346754315
2021,69,0.0,0.0,27.567789646672146,0.12325390304026293,0.0,66.2695152013147,0.0,0.0,0.0,0.0,0.0,5.957271980279375,0.0,0.0,0.08216926869350863,0.0,0.0,0.0,0.0,0.0,0.0,0.0,0.0
2021,70,0.0,0.0,0.0,0.0,0.0,0.0,0.0,0.0,0.0,0.0,0.0,0.08216926869350863,0.0,0.0,99.9178307313065,0.0,0.0,0.0,0.0,0.0,0.0,0.0,0.0
2021,71,0.0,0.0,0.0,0.0,0.0,0.0,0.0,0.0,0.0,0.0,0.0,0.0,0.0,0.0,0.0,0.08216926869350863,0.0,0.0,0.0,0.0,99.9178307313065,0.0,0.0
2021,73,0.0,0.0,0.0,0.0,0.0,0.0,0.0,0.0,0.08216926869350863,0.0,0.0,0.0,99.79457682826623,0.12325390304026293,0.0,0.0,0.0,0.0,0.0,0.0,0.0,0.0,0.0
2021,74,0.0,0.0,0.0,0.0,0.0,0.0,0.0,99.95891536565324,0.0,0.0,0.0,0.0,0.0,0.0,0.0,0.0,0.041084634346754315,0.0,0.0,0.0,0.0,0.0,0.0
2021,75,0.0,0.0,0.0,0.0,0.0,0.0,0.0,0.0,0.0,100.0,0.0,0.0,0.0,0.0,0.0,0.0,0.0,0.0,0.0,0.0,0.0,0.0,0.0
2021,76,0.0,0.0,100.0,0.0,0.0,0.0,0.0,0.0,0.0,0.0,0.0,0.0,0.0,0.0,0.0,0.0,0.0,0.0,0.0,0.0,0.0,0.0,0.0
2021,78,0.0,0.0,0.0,2.506162695152013,0.0,96.71322925225965,0.0,0.041084634346754315,0.041084634346754315,0.0,0.0,0.0,0.0,0.657354149548069,0.0,0.0,0.0,0.0,0.0,0.0,0.0,0.0,0.041084634346754315
2021,79,0.0,0.0,0.903861955628595,0.0,0.0,0.0,0.0,0.0,0.0,0.0,0.0,99.0961380443714,0.0,0.0,0.0,0.0,0.0,0.0,0.0,0.0,0.0,0.0,0.0
2021,94,0.0,0.0,0.08216926869350863,0.041084634346754315,0.0,99.26047658175843,0.0,0.0,0.0,0.0,0.0,0.0,0.0,0.0,0.5341002465078061,0.0,0.041084634346754315,0.0,0.0,0.0,0.0,0.0,0.041084634346754315
2021,95,0.0,0.0,0.0,0.0,99.83566146261298,0.0,0.0,0.0,0.0,0.16433853738701726,0.0,0.0,0.0,0.0,0.0,0.0,0.0,0.0,0.0,0.0,0.0,0.0,0.0
2021,98,0.0,0.0,0.0,0.041084634346754315,0.0,0.0,0.0,0.0,98.47986852917009,0.0,0.0,0.0,0.0,1.4790468364831553,0.0,0.0,0.0,0.0,0.0,0.0,0.0,0.0,0.0
2021,106,0.0,0.0,0.0,0.0,0.0,0.0,0.0,0.0,0.0,0.0,0.0,0.0,0.0,100.0,0.0,0.0,0.0,0.0,0.0,0.0,0.0,0.0,0.0
2021,108,0.0,0.0,0.0,0.0,0.0,0.0,0.0,0.041084634346754315,2.5472473294987674,0.0,0.0,0.041084634346754315,0.0,97.37058340180772,0.0,0.0,0.0,0.0,0.0,0.0,0.0,0.0,0.0
2021,289,0.0,0.0,0.0,0.0,0.0,0.0,0.0,0.0,0.0,0.0,0.0,0.0,0.0,0.0,0.0,0.0,0.0,0.0,0.0,0.0,100.0,0.0,0.0
2021,290,0.0,0.0,0.0,0.0,0.0,0.0,0.0,99.87674609695974,0.0,0.0,0.0,0.0,0.0,0.0,0.0,0.0,0.12325390304026293,0.0,0.0,0.0,0.0,0.0,0.0
2021,291,0.0,0.0,0.12325390304026293,0.0,0.0,99.83566146261298,0.0,0.0,0.0,0.0,0.0,0.0,0.0,0.0,0.041084634346754315,0.0,0.0,0.0,0.0,0.0,0.0,0.0,0.0
2021,292,0.0,0.0,0.0,0.2875924404272802,0.0,0.0,0.0,0.0,33.853738701725554,0.0,0.0,0.041084634346754315,0.0,65.77649958915366,0.0,0.041084634346754315,0.0,0.0,0.0,0.0,0.0,0.0,0.0
2021,293,0.0,100.0,0.0,0.0,0.0,0.0,0.0,0.0,0.0,0.0,0.0,0.0,0.0,0.0,0.0,0.0,0.0,0.0,0.0,0.0,0.0,0.0,0.0
2021,294,0.0,0.0,0.0,0.0,0.0,0.0,0.0,0.041084634346754315,99.75349219391948,0.0,0.0,0.12325390304026293,0.0,0.08216926869350863,0.0,0.0,0.0,0.0,0.0,0.0,0.0,0.0,0.0
2022,66,0.0,0.0,0.019762845849802372,83.71541501976284,0.0,1.9268774703557312,0.0,0.019762845849802372,2.9545454545454546,0.0,0.0,0.0,0.0,11.33399209486166,0.0,0.0,0.0,0.0,0.0,0.0,0.019762845849802372,0.0,0.009881422924901186
2022,69,0.0,0.0,95.99802371541502,0.02964426877470356,0.0,0.15810276679841898,0.0,0.0,0.0,0.019762845849802372,0.0,3.705533596837945,0.0,0.0,0.0,0.0,0.0,0.039525691699604744,0.02964426877470356,0.0,0.0,0.0,0.019762845849802372
2022,70,0.0,0.0,0.0,0.0,0.0,0.12845849802371542,0.0,0.02964426877470356,0.0,0.0,0.0,0.10869565217391304,0.0,0.02964426877470356,99.69367588932806,0.0,0.0,0.0,0.0,0.0,0.0,0.0,0.009881422924901186
2022,71,0.0,0.0,0.0,0.0,0.0,0.0,0.019762845849802372,0.0,0.019762845849802372,0.0,0.0,0.0,0.0,0.0,0.009881422924901186,0.019762845849802372,0.0,0.0,0.0,0.0,99.9209486166008,0.0,0.009881422924901186
2022,73,0.0,0.0,0.0,0.0,0.0,0.0,0.039525691699604744,0.0,0.05928853754940712,0.07905138339920949,0.0,0.019762845849802372,93.66600790513834,6.116600790513834,0.0,0.0,0.0,0.0,0.0,0.0,0.0,0.0,0.019762845849802372
2022,74,0.0,0.0,0.0,0.0,0.0,0.0,0.0,99.40711462450594,0.0,0.0,0.0,0.0,0.0,0.0,0.0,0.02964426877470356,0.5533596837944664,0.0,0.0,0.0,0.0,0.0,0.009881422924901186
2022,75,0.019762845849802372,0.0,0.0,0.0,0.0,0.0,0.0,0.0691699604743083,0.0,99.90118577075098,0.0,0.0,0.0,0.0,0.0,0.0,0.0,0.0,0.0,0.0,0.0,0.0,0.009881422924901186
2022,76,0.0,0.0,99.95059288537549,0.0,0.0,0.019762845849802372,0.0,0.0,0.0,0.0,0.0,0.009881422924901186,0.0,0.0,0.0,0.0,0.0,0.0,0.009881422924901186,0.0,0.0,0.0,0.009881422924901186
2022,78,0.0,0.0,0.0,66.50197628458498,0.0,27.430830039525695,0.0,0.019762845849802372,5.928853754940711,0.0,0.0,0.009881422924901186,0.0,0.09881422924901186,0.0,0.0,0.0,0.0,0.0,0.0,0.0,0.0,0.009881422924901186
2022,79,0.0,0.0,0.019762845849802372,0.0,0.0,0.0,0.0,0.0,0.0,0.019762845849802372,0.0,99.91106719367589,0.0,0.0,0.009881422924901186,0.0,0.0,0.009881422924901186,0.0,0.0,0.0,0.0,0.02964426877470356
2022,94,0.0,0.0,0.5138339920948617,0.0,0.0,99.0711462450593,0.0,0.0,0.0,0.0,0.0,0.0,0.0,0.0,0.4051383399209486,0.0,0.0,0.0,0.0,0.0,0.0,0.0,0.009881422924901186
2022,95,0.0,0.0,0.0,0.0,99.1403162055336,0.0,0.0,0.009881422924901186,0.0,0.691699604743083,0.0,0.0,0.0,0.0,0.0,0.0,0.07905138339920949,0.039525691699604744,0.0,0.0,0.0,0.0,0.039525691699604744
2022,98,0.0,0.0,0.0,0.2865612648221344,0.0,0.0,0.0,0.0,90.8498023715415,0.0,0.0,0.019762845849802372,0.0,8.804347826086957,0.0,0.0,0.0,0.0,0.0,0.0,0.0,0.019762845849802372,0.019762845849802372
2022,106,0.0,0.0,0.0,0.0,0.0,0.0,0.0,0.0,0.0,0.0,0.0,0.0,0.0,99.95059288537549,0.0,0.019762845849802372,0.0,0.0,0.0,0.0,0.0,0.0,0.02964426877470356
2022,108,0.0,0.0,0.0,0.009881422924901186,0.0,0.0,0.0,0.0,67.90513833992094,0.0,0.0,0.039525691699604744,0.019762845849802372,30.0098814229249,0.0,1.8873517786561262,0.0,0.019762845849802372,0.0,0.0,0.0,0.0,0.10869565217391304
2022,289,0.0,0.0,0.0,0.0,0.0,0.0,0.009881422924901186,0.0,0.0,0.08893280632411067,0.0,0.0,0.0,0.0,1.175889328063241,0.02964426877470356,0.019762845849802372,0.0,0.0,0.0,98.66600790513834,0.0,0.009881422924901186
2022,290,0.0,0.0,0.0,0.0,0.0,0.0,0.019762845849802372,99.93083003952569,0.0,0.0,0.0,0.0,0.0,0.0,0.0,0.0,0.039525691699604744,0.0,0.0,0.0,0.0,0.0,0.009881422924901186
2022,291,0.0,0.0,1.116600790513834,0.0,0.0,98.76482213438736,0.0,0.0,0.0,0.0,0.0,0.0,0.0,0.0,0.08893280632411067,0.0,0.0,0.009881422924901186,0.0,0.0,0.0,0.0,0.019762845849802372
2022,292,0.0,0.019762845849802372,0.0,1.6699604743083005,0.0,0.0,0.0,0.009881422924901186,92.74703557312253,0.0,0.019762845849802372,3.893280632411067,0.0,0.16798418972332016,0.009881422924901186,1.3636363636363635,0.0,0.0,0.0,0.0,0.0,0.0,0.09881422924901186
2022,293,0.0,99.96047430830039,0.0,0.0,0.0,0.0,0.0,0.0,0.0,0.0,0.0,0.019762845849802372,0.0,0.0,0.0,0.0,0.0,0.0,0.0,0.0,0.0,0.0,0.019762845849802372
2022,294,0.0,0.0,0.0,0.02964426877470356,0.0,0.0,0.0,0.0,86.37351778656127,0.0,0.009881422924901186,10.187747035573121,0.0,0.019762845849802372,3.3300395256916997,0.019762845849802372,0.0,0.0,0.0,0.0,0.0,0.0,0.02964426877470356
2023,66,0.0,0.0,0.0,98.82709042754446,0.0,0.037835792659856225,0.0,0.0,0.8702232311766931,0.0,0.0,0.0,0.0,0.2648505486189936,0.0,0.0,0.0,0.0,0.0,0.0,0.0,0.0,0.0
2023,69,0.0,0.0,95.95157018539538,0.3026863412788498,0.0,0.037835792659856225,0.0,0.0,0.037835792659856225,0.0,0.0,3.6322360953461974,0.0,0.0,0.0,0.0,0.0,0.037835792659856225,0.0,0.0,0.0,0.0,0.0
2023,70,0.0,0.0,0.0,0.0,0.0,0.0,0.0,0.0,0.0,0.0,0.0,0.037835792659856225,0.0,0.18917896329928113,99.735149451381,0.0,0.0,0.0,0.0,0.0,0.0,0.0,0.037835792659856225
2023,71,0.0,0.0,0.0,0.0,0.0,0.0,0.0,0.0,0.0,0.0,0.0,0.0,0.0,0.0,0.0,0.0,0.0,0.0,0.0,0.0,100.0,0.0,0.0
2023,73,0.0,0.0,0.0,0.0,0.0,0.0,0.0,0.0,0.037835792659856225,0.0,0.0,0.0,99.6594778660613,0.3026863412788498,0.0,0.0,0.0,0.0,0.0,0.0,0.0,0.0,0.0
2023,74,0.0,0.0,0.0,0.0,0.0,0.0,0.0,98.82709042754446,0.0,0.037835792659856225,0.0,0.0,0.0,0.0,0.0,0.037835792659856225,1.0972379871358307,0.0,0.0,0.0,0.0,0.0,0.0
2023,75,0.0,0.0,0.0,0.0,0.0,0.0,0.0,0.0,0.0,100.0,0.0,0.0,0.0,0.0,0.0,0.0,0.0,0.0,0.0,0.0,0.0,0.0,0.0
2023,76,0.0,0.0,100.0,0.0,0.0,0.0,0.0,0.0,0.0,0.0,0.0,0.0,0.0,0.0,0.0,0.0,0.0,0.0,0.0,0.0,0.0,0.0,0.0
2023,78,0.0,0.0,0.0,89.44381384790012,0.0,9.837306091562619,0.0,0.0,0.681044267877412,0.0,0.0,0.0,0.0,0.037835792659856225,0.0,0.0,0.0,0.0,0.0,0.0,0.0,0.0,0.0
2023,79,0.0,0.0,0.0,0.0,0.0,0.0,0.0,0.0,0.0,0.0,0.0,99.96216420734014,0.0,0.0,0.0,0.0,0.0,0.037835792659856225,0.0,0.0,0.0,0.0,0.0
2023,94,0.0,0.0,4.124101399924329,0.0,0.0,95.80022701475596,0.0,0.0,0.0,0.0,0.0,0.0,0.0,0.0,0.07567158531971245,0.0,0.0,0.0,0.0,0.0,0.0,0.0,0.0
2023,95,0.0,0.0,0.0,0.0,99.58380628074158,0.0,0.0,0.037835792659856225,0.0,0.3026863412788498,0.0,0.0,0.0,0.0,0.037835792659856225,0.0,0.037835792659856225,0.0,0.0,0.0,0.0,0.0,0.0
2023,98,0.0,0.0,0.0,0.340522133938706,0.0,0.0,0.0,0.0,99.6594778660613,0.0,0.0,0.0,0.0,0.0,0.0,0.0,0.0,0.0,0.0,0.0,0.0,0.0,0.0
2023,106,0.0,0.0,0.0,0.0,0.0,0.0,0.0,0.0,0.0,0.0,0.0,0.0,0.0,100.0,0.0,0.0,0.0,0.0,0.0,0.0,0.0,0.0,0.0
2023,108,0.0,0.0,0.0,0.0,0.0,0.0,0.0,0.0,78.96329928111993,0.0,0.0,0.0,0.0,21.03670071888006,0.0,0.0,0.0,0.0,0.0,0.0,0.0,0.0,0.0
2023,289,0.037835792659856225,0.0,0.0,0.0,0.0,0.0,0.0,0.0,0.0,0.0,0.0,0.0,0.0,0.0,0.07567158531971245,0.0,0.0,0.0,0.0,0.0,99.88649262202043,0.0,0.0
2023,290,0.0,0.0,0.0,0.0,0.0,0.0,0.0,100.0,0.0,0.0,0.0,0.0,0.0,0.0,0.0,0.0,0.0,0.0,0.0,0.0,0.0,0.0,0.0
2023,291,0.0,0.0,0.07567158531971245,0.0,0.0,99.88649262202043,0.0,0.0,0.0,0.0,0.0,0.0,0.0,0.0,0.037835792659856225,0.0,0.0,0.0,0.0,0.0,0.0,0.0,0.0
2023,292,0.037835792659856225,0.0,0.0,0.681044267877412,0.0,0.0,0.0,0.0,98.67574725690503,0.0,0.0,0.037835792659856225,0.0,0.3026863412788498,0.0,0.2648505486189936,0.0,0.0,0.0,0.0,0.0,0.0,0.0
2023,293,0.0,100.0,0.0,0.0,0.0,0.0,0.0,0.0,0.0,0.0,0.0,0.0,0.0,0.0,0.0,0.0,0.0,0.0,0.0,0.0,0.0,0.0,0.0
2023,294,0.0,0.0,0.0,0.0,0.0,0.0,0.0,0.0,99.69731365872116,0.0,0.0,0.037835792659856225,0.0,0.0,0.2648505486189936,0.0,0.0,0.0,0.0,0.0,0.0,0.0,0.0
2024,66,0.0,0.0,0.0,97.89941183531388,0.0,0.036010082823190494,0.0,0.0,1.2243428159884768,0.0,0.0,0.0,0.0,0.7322050174048734,0.0,0.0,0.04801344376425399,0.0,0.0,0.0,0.036010082823190494,0.0,0.024006721882126995
2024,69,0.036010082823190494,0.0,91.48961709278598,1.3203697035169848,0.0,0.036010082823190494,0.0,0.0,0.012003360941063497,0.036010082823190494,0.0,7.045972872404273,0.0,0.0,0.012003360941063497,0.0,0.0,0.012003360941063497,0.0,0.0,0.0,0.0,0.0
2024,70,0.0,0.0,0.0,0.0,0.0,0.04801344376425399,0.0,0.0,0.0,0.0,0.0,0.6361781298763654,0.0,0.09602688752850798,99.21978153883087,0.0,0.0,0.0,0.0,0.0,0.0,0.0,0.0
2024,71,0.0,0.0,0.0,0.0,0.0,0.0,0.0,0.0,0.036010082823190494,0.024006721882126995,0.0,0.0,0.0,0.0,0.0,0.0,0.0,0.0,0.0,0.0,99.93998319529467,0.0,0.0
2024,73,0.0,0.0,0.0,0.0,0.0,0.0,0.024006721882126995,0.0,0.12003360941063498,0.13203697035169848,0.0,0.036010082823190494,98.55959668707239,1.1163125675189054,0.0,0.0,0.0,0.0,0.0,0.0,0.0,0.0,0.012003360941063497
2024,74,0.0,0.0,0.0,0.0,0.0,0.0,0.0,93.84227583723442,0.0,0.0,0.0,0.0,0.0,0.0,0.0,0.0,6.145720801824511,0.0,0.0,0.0,0.0,0.0,0.012003360941063497
2024,75,0.036010082823190494,0.0,0.0,0.0,0.0,0.0,0.0,0.0,0.0,99.95198655623575,0.0,0.0,0.0,0.0,0.0,0.0,0.0,0.0,0.0,0.0,0.0,0.0,0.012003360941063497
2024,76,0.0,0.0,99.95198655623575,0.0,0.0,0.036010082823190494,0.0,0.0,0.0,0.0,0.0,0.0,0.0,0.0,0.0,0.0,0.0,0.0,0.0,0.0,0.0,0.0,0.012003360941063497
2024,78,0.0,0.0,0.0,94.2143800264074,0.0,4.201176329372224,0.0,0.3841075501140319,1.1403192894010323,0.0,0.04801344376425399,0.0,0.0,0.0,0.0,0.0,0.0,0.0,0.0,0.0,0.0,0.0,0.012003360941063497
2024,79,0.0,0.0,0.09602688752850798,0.0,0.0,0.0,0.0,0.0,0.012003360941063497,0.036010082823190494,0.0,99.807946224943,0.0,0.0,0.0,0.0,0.0,0.0,0.0,0.0,0.0,0.0,0.04801344376425399
2024,94,0.0,0.0,0.8882487096386988,0.0,0.0,97.92341855719602,0.0,0.0,0.0,0.0,0.0,0.0,0.0,0.0,1.1643260112831593,0.0,0.012003360941063497,0.0,0.0,0.0,0.0,0.0,0.012003360941063497
2024,95,0.0,0.0,0.0,0.0,99.7359260592966,0.0,0.0,0.0,0.0,0.15604369223382547,0.0,0.0,0.0,0.0,0.0,0.0,0.06001680470531749,0.036010082823190494,0.0,0.0,0.0,0.0,0.012003360941063497
2024,98,0.0,0.0,0.0,1.1523226503420958,0.0,0.012003360941063497,0.0,0.0,98.77565718401152,0.0,0.0,0.024006721882126995,0.0,0.0,0.0,0.024006721882126995,0.0,0.0,0.0,0.0,0.0,0.0,0.012003360941063497
2024,106,0.0,0.0,0.0,0.0,0.0,0.0,0.0,0.0,0.0,0.0,0.0,0.0,0.0,99.95198655623575,0.0,0.036010082823190494,0.0,0.0,0.0,0.0,0.0,0.0,0.012003360941063497
2024,108,0.0,0.0,0.0,0.0,0.0,0.0,0.0,0.012003360941063497,83.47137198415557,0.0,0.0,0.012003360941063497,0.0,16.43260112831593,0.0,0.024006721882126995,0.0,0.036010082823190494,0.0,0.0,0.0,0.0,0.012003360941063497
2024,289,0.0,0.0,0.0,0.0,0.0,0.0,0.012003360941063497,0.0,0.0,0.13203697035169848,0.0,0.0,0.0,0.0,0.036010082823190494,0.07202016564638099,0.036010082823190494,0.0,0.0,0.0,99.6999159764734,0.0,0.012003360941063497
2024,290,0.0,0.0,0.0,0.0,0.012003360941063497,0.0,0.036010082823190494,99.67590925459129,0.0,0.0,0.24006721882126997,0.0,0.0,0.0,0.0,0.0,0.012003360941063497,0.0,0.0,0.0,0.0,0.0,0.024006721882126995
2024,291,0.0,0.0,0.07202016564638099,0.0,0.0,99.83195294682511,0.0,0.0,0.0,0.0,0.0,0.0,0.0,0.0,0.04801344376425399,0.0,0.036010082823190494,0.0,0.0,0.0,0.0,0.0,0.012003360941063497
2024,292,0.0,0.036010082823190494,0.0,0.7922218221101909,0.0,0.0,0.0,0.012003360941063497,97.61133117272837,0.0,0.0,0.28808066258552395,0.06001680470531749,0.08402352658744448,0.0,1.104309206577842,0.0,0.0,0.0,0.0,0.0,0.0,0.012003360941063497
2024,293,0.0,99.95198655623575,0.0,0.0,0.0,0.0,0.0,0.0,0.0,0.0,0.0,0.036010082823190494,0.0,0.0,0.0,0.0,0.0,0.0,0.0,0.0,0.0,0.0,0.012003360941063497
2024,294,0.0,0.0,0.0,0.036010082823190494,0.0,0.0,0.0,0.07202016564638099,98.45156643860281,0.0,0.07202016564638099,0.24006721882126997,0.0,0.04801344376425399,1.0322890409314607,0.036010082823190494,0.0,0.0,0.0,0.0,0.0,0.0,0.012003360941063497
2025,66,0.010308215647871353,0.0,0.0,97.1549324811875,0.0,0.17523966601381302,0.0,0.0,2.3708895990104115,0.0,0.0,0.0,0.010308215647871353,0.2473971755489125,0.0,0.010308215647871353,0.010308215647871353,0.0,0.0,0.0,0.010308215647871353,0.0,0.0
2025,69,0.0,0.0,82.77497165240698,0.1546232347180703,0.0,0.11339037212658488,0.0,0.0,0.020616431295742706,0.010308215647871353,0.0,16.874549015565403,0.0,0.0,0.020616431295742706,0.0,0.0,0.010308215647871353,0.020616431295742706,0.0,0.0,0.0,0.0
2025,70,0.0,0.0,0.0,0.0,0.0,0.061849293887228124,0.0,0.0,0.0,0.0,0.0,1.5668487784764458,0.0,0.12369858777445625,98.237295124214,0.010308215647871353,0.0,0.0,0.0,0.0,0.0,0.0,0.0
2025,71,0.0,0.0,0.0,0.0,0.0,0.0,0.04123286259148541,0.0,0.010308215647871353,0.0,0.0,0.0,0.0,0.0,0.0,0.0,0.0,0.0,0.0,0.0,99.94845892176065,0.0,0.0
2025,73,0.0,0.0,0.0,0.0,0.0,0.0,1.051437996082878,0.0,0.4329450572105969,0.05154107823935677,0.0,0.010308215647871353,96.72198742397691,1.7111637975466447,0.0,0.0,0.0,0.0,0.0,0.0,0.0,0.0,0.020616431295742706
2025,74,0.0,0.0,0.0,0.0,0.0,0.0,0.0,99.6392124523245,0.0,0.0,0.0,0.0,0.0,0.0,0.0,0.0,0.36078754767549737,0.0,0.0,0.0,0.0,0.0,0.0
2025,75,0.010308215647871353,0.0,0.0,0.0,0.010308215647871353,0.0,0.0,0.35047933202762604,0.0,99.62890423667663,0.0,0.0,0.0,0.0,0.0,0.0,0.0,0.0,0.0,0.0,0.0,0.0,0.0
2025,76,0.0,0.0,99.98969178435213,0.0,0.0,0.010308215647871353,0.0,0.0,0.0,0.0,0.0,0.0,0.0,0.0,0.0,0.0,0.0,0.0,0.0,0.0,0.0,0.0,0.0
2025,78,0.030924646943614062,0.0,0.020616431295742706,91.32048242449233,0.0,0.29893825378826927,0.0,1.515307700237089,5.885991134934542,0.010308215647871353,0.04123286259148541,0.0,0.0,0.0,0.0,0.0,0.8555818987733224,0.0,0.0,0.0,0.0,0.0,0.020616431295742706
2025,79,0.0,0.0,1.1235955056179776,0.0,0.0,0.0,0.0,0.0,0.020616431295742706,0.010308215647871353,0.0,98.79393876919906,0.0,0.0,0.04123286259148541,0.0,0.0,0.0,0.010308215647871353,0.0,0.0,0.0,0.0
2025,94,0.0,0.0,1.1029790743222347,0.0,0.0,97.79404185135553,0.0,0.0,0.0,0.0,0.0,0.0,0.0,0.0,0.09277394083084219,0.0,1.0102051334913926,0.0,0.0,0.0,0.0,0.0,0.0
2025,95,0.0,0.0,0.0,0.0,99.82476033398619,0.0,0.0,0.0,0.0,0.1546232347180703,0.0,0.0,0.0,0.0,0.010308215647871353,0.0,0.0,0.010308215647871353,0.0,0.0,0.0,0.0,0.0
2025,98,0.0,0.0,0.0,1.463766621997732,0.0,0.0,0.0,0.0,98.44345943717143,0.0,0.0,0.04123286259148541,0.0,0.020616431295742706,0.0,0.010308215647871353,0.0,0.0,0.0,0.0,0.0,0.0,0.020616431295742706
2025,106,0.0,0.0,0.0,0.0,0.0,0.0,0.0,0.0,0.0,0.0,0.0,0.0,0.010308215647871353,99.97938356870426,0.0,0.010308215647871353,0.0,0.0,0.0,0.0,0.0,0.0,0.0
2025,108,0.0,0.0,0.010308215647871353,0.11339037212658488,0.0,0.0,0.0,0.020616431295742706,97.9795897330172,0.0,0.0,0.030924646943614062,0.0,1.5049994845892176,0.0,0.3092464694361406,0.0,0.010308215647871353,0.0,0.0,0.0,0.0,0.020616431295742706
2025,289,0.0,0.0,0.0,0.0,0.0,0.0,0.20616431295742707,0.0,0.0,0.010308215647871353,0.0,0.0,0.0,0.0,0.05154107823935677,0.010308215647871353,0.010308215647871353,0.0,0.0,0.0,99.70106174621172,0.0,0.010308215647871353
2025,290,0.0,0.0,0.0,0.0,0.0,0.0,0.020616431295742706,99.88660962787341,0.0,0.030924646943614062,0.0,0.0,0.0,0.0,0.0,0.010308215647871353,0.04123286259148541,0.0,0.0,0.0,0.0,0.0,0.010308215647871353
2025,291,0.0,0.0,1.2472940933924337,0.0,0.0,98.6290073188331,0.0,0.0,0.0,0.0,0.0,0.0,0.0,0.0,0.10308215647871354,0.0,0.010308215647871353,0.0,0.0,0.0,0.0,0.0,0.010308215647871353
2025,292,0.010308215647871353,0.010308215647871353,0.0,0.2680136068446552,0.0,0.0,0.0,0.0,98.12390475208741,0.0,0.0,0.030924646943614062,0.0,0.11339037212658488,0.0,1.4328419750541181,0.0,0.0,0.0,0.0,0.0,0.0,0.010308215647871353
2025,293,0.0,99.97938356870426,0.0,0.0,0.0,0.0,0.0,0.0,0.0,0.0,0.0,0.010308215647871353,0.0,0.0,0.0,0.0,0.0,0.0,0.0,0.0,0.0,0.0,0.010308215647871353
2025,294,0.0,0.0,0.0,0.0,0.0,0.0,0.010308215647871353,1.4122255437583755,71.38439336150913,0.0,0.0,27.007524997422944,0.0,0.07215750953509947,0.061849293887228124,0.020616431295742706,0.010308215647871353,0.010308215647871353,0.0,0.0,0.0,0.0,0.010308215647871353
2026,66,0.0,0.0,0.0,95.39505574406203,0.0,0.4847309743092583,0.0,0.0,4.023267086766844,0.0,0.0,0.0,0.0,0.09694619486185167,0.0,0.0,0.0,0.0,0.0,0.0,0.0,0.0,0.0
2026,69,0.0,0.0,89.43286476005817,0.0,0.0,0.3877847794474067,0.0,0.0,0.0,0.0,0.0,10.179350460494426,0.0,0.0,0.0,0.0,0.0,0.0,0.0,0.0,0.0,0.0,0.0
2026,70,0.0,0.0,0.0,0.0,0.0,0.1454192922927775,0.0,0.048473097430925836,0.0,0.0,0.0,3.1022782355792535,0.0,0.0,96.70382937469705,0.0,0.0,0.0,0.0,0.0,0.0,0.0,0.0
2026,71,0.0,0.0,0.0,0.0,0.0,0.0,0.0,0.0,0.0,0.0,0.0,0.0,0.0,0.0,0.0,0.0,0.0,0.0,0.0,0.0,100.0,0.0,0.0
2026,73,0.0,0.0,0.0,0.0,0.0,0.0,0.4847309743092583,0.0,0.048473097430925836,0.0,0.0,0.0,96.75230247212797,2.714493456131847,0.0,0.0,0.0,0.0,0.0,0.0,0.0,0.0,0.0
2026,74,0.0,0.0,0.0,0.0,0.0,0.0,0.0,99.07901114881241,0.0,0.0,0.0,0.0,0.0,0.0,0.0,0.0,0.9209888511875909,0.0,0.0,0.0,0.0,0.0,0.0
2026,75,0.0,0.0,0.0,0.0,0.0,0.0,0.0,0.1454192922927775,0.0,99.85458070770721,0.0,0.0,0.0,0.0,0.0,0.0,0.0,0.0,0.0,0.0,0.0,0.0,0.0
2026,76,0.0,0.0,100.0,0.0,0.0,0.0,0.0,0.0,0.0,0.0,0.0,0.0,0.0,0.0,0.0,0.0,0.0,0.0,0.0,0.0,0.0,0.0,0.0
2026,78,0.0,0.0,0.0,68.39554047503636,0.0,0.8240426563257393,0.0,2.666020358700921,27.96897721764421,0.0,0.0,0.0,0.0,0.0,0.0,0.1454192922927775,0.0,0.0,0.0,0.0,0.0,0.0,0.0
2026,79,0.0,0.0,2.617547261269995,0.0,0.0,0.0,0.0,0.0,0.0,0.0,0.0,97.14008725157538,0.0,0.0,0.19389238972370335,0.0,0.0,0.0,0.0,0.0,0.0,0.0,0.048473097430925836
2026,94,0.0,0.0,0.3393116820164809,0.0,0.0,96.9946679592826,0.0,0.0,0.0,0.0,0.0,0.0,0.0,0.0,0.0,0.0,2.666020358700921,0.0,0.0,0.0,0.0,0.0,0.0
2026,95,0.0,0.0,0.0,0.0,98.3034415899176,0.0,0.0,0.1454192922927775,0.0,1.5511391177896268,0.0,0.0,0.0,0.0,0.0,0.0,0.0,0.0,0.0,0.0,0.0,0.0,0.0
2026,98,0.0,0.0,0.0,2.714493456131847,0.0,0.0,0.0,0.0,97.28550654386815,0.0,0.0,0.0,0.0,0.0,0.0,0.0,0.0,0.0,0.0,0.0,0.0,0.0,0.0
2026,106,0.0,0.0,0.0,0.0,0.0,0.0,0.0,0.0,0.0,0.0,0.0,0.0,0.0,100.0,0.0,0.0,0.0,0.0,0.0,0.0,0.0,0.0,0.0
2026,108,0.0,0.0,0.0,0.048473097430925836,0.0,0.0,0.0,0.0,96.6068831798352,0.0,0.0,0.0,0.1454192922927775,3.1022782355792535,0.0,0.09694619486185167,0.0,0.0,0.0,0.0,0.0,0.0,0.0
2026,289,0.0,0.0,0.0,0.0,0.0,0.0,0.048473097430925836,0.0,0.0,0.09694619486185167,0.0,0.0,0.0,0.0,0.4847309743092583,0.0,0.0,0.0,0.0,0.0,99.36984973339797,0.0,0.0
2026,290,0.0,0.0,0.0,0.0,0.0,0.0,0.0,99.90305380513816,0.0,0.0,0.0,0.0,0.0,0.0,0.0,0.0,0.09694619486185167,0.0,0.0,0.0,0.0,0.0,0.0
2026,291,0.0,0.0,2.8114396509936985,0.0,0.0,96.9946679592826,0.0,0.0,0.0,0.0,0.0,0.0,0.0,0.0,0.19389238972370335,0.0,0.0,0.0,0.0,0.0,0.0,0.0,0.0
2026,292,0.0,0.0,0.0,0.6301502666020359,0.0,0.0,0.0,0.0,96.50993698497334,0.0,0.0,0.09694619486185167,0.0,0.048473097430925836,0.0,2.666020358700921,0.0,0.0,0.0,0.0,0.0,0.0,0.048473097430925836
2026,293,0.048473097430925836,99.90305380513816,0.0,0.0,0.0,0.0,0.0,0.0,0.0,0.0,0.0,0.0,0.0,0.0,0.048473097430925836,0.0,0.0,0.0,0.0,0.0,0.0,0.0,0.0
2026,294,0.0,0.0,0.0,0.0,0.0,0.0,0.048473097430925836,2.714493456131847,0.6786233640329618,0.0,0.0,96.36451769268056,0.0,0.0,0.19389238972370335,0.0,0.0,0.0,0.0,0.0,0.0,0.0,0.0
