year	1	2	3	4	5	6	7	8	9	10	11	12	13	14	15	16	17	18	19	20	21	22	23	24	25	26	27	28	29	30	31	32	33	34	35	36	37	38	39	40	41	42	43	44	45	46	47	48	49	50	51	52	53	54	55	56	57	58	59	60	61	62	63	64	65	66	67	68	69	70	71	72	73	74	75	76	77	78	79	80	81	82	83	84	85	86	87	88	89	90	91	92	93	94	95	96	97	98	99	100	101	102	103	104	105	106	107	108	109	110	111	112	113	114	115	116	117	118	119	120	121	122	123	124	125	126	127	128	129	130	131	132	133	134	135	136	137	138	139	140	141	142	143	144	145	146	147	148	149	150	151	152	153	154	155	156	157	158	159	160	161	162	163	164	165	166	167	168	169	170	171	172	173	174	175	176	177	178	179	180	181	182	183	184	185	186	187	188	189	190	191	192	193	194	195	196	197	198	199	200	201	202	203	204	205	206	207	208	209	210	211	212	213	214	215	216	217	218	219	220	221	222	223	224	225	226	227	228	229	230	231	232	233	234	235	236	237	238	239	240	241	242	243	244	245	246	247	248	249	250	251	252	253	254	255	256	257	258	259	260	261	262	263	264	265	266	267	268	269	270	271	272	273	274	275	276	277	278	279	280	281	282	283	284	285	286	287	288	289	290	291	292	293	294	295	296	297	298	299	300	301	302	303	304	305	306	307	308	309	310	311	312	313	314	315	316	317	318	319	320	321	322	323	324	325	326	327	328	329	330	331	332	333	334	335	336	337	338	339	340	341	342	343	344	345	346	347	348	349	350	351	352	353	354	355	356	357	358	359	360	361	362	363	364	365	366	367	368	369	370	371	372	373	374	375	376	377	378	379	380	381	382	383	384	385	386	387	388	389	390	391	392	393	394	395	396	397	398	399	400	401	402	403	404	405	406	407	408	409	410	411	412	413	414	415	416	417	418	419	420	421	422	423	424	425	426	427	428	429	430	431	432	433	434	435	436	437	438	439	440	441	442	443	444	445	446	447	448	449	450	451	452	453	454	455	456	457	458	459	460	461	462	463	464	465	466	467	468	469	470	471	472	473	474	475	476	477	478	479	480	481	482	483	484	485	486	487	488	489	490	491	492	493	494	495	496	497	498	499	500	501	502	503	504	505	506	507	508	509	510	511	512	513	514	515	516	517	518	519	520	521	522	523	524	525	526	527	528	529	530	531	532	533	534	535	536	537	538	539	540	541	542	543	544	545	546	547	548	549	550	551	552	553	554	555	556	557	558	559	560	561	562	563	564	565	566
1968	100.0	100.0	100.0	100.0	100.0	100.0	100.0	100.0	100.0	100.0	100.0	100.0	100.0	100.0	100.0	100.0	100.0	98.76543209876543	100.0	100.0	100.0	100.0	100.0	100.0	100.0	100.0	100.0	100.0	100.0	100.0	100.0	100.0	100.0	100.0	100.0	100.0	100.0	100.0	100.0	100.0	100.0	100.0	100.0	100.0	100.0	100.0	98.76543209876543	100.0	98.76543209876543	100.0	100.0	100.0	100.0	100.0	100.0	100.0	100.0	100.0	100.0	100.0	100.0	100.0	100.0	100.0	100.0	100.0	100.0	100.0	100.0	98.76543209876543	100.0	100.0	100.0	100.0	100.0	100.0	100.0	100.0	100.0	100.0	100.0	100.0	100.0	100.0	100.0	100.0	100.0	100.0	100.0	100.0	100.0	100.0	98.76543209876543	100.0	100.0	100.0	100.0	100.0	100.0	100.0	100.0	100.0	100.0	100.0	100.0	100.0	100.0	98.76543209876543	100.0	100.0	100.0	100.0	100.0	100.0	100.0	100.0	100.0	100.0	100.0	98.76543209876543	100.0	100.0	100.0	100.0	100.0	100.0	100.0	98.76543209876543	100.0	100.0	100.0	100.0	100.0	100.0	100.0	100.0	100.0	100.0	100.0	98.76543209876543	100.0	100.0	100.0	100.0	100.0	100.0	100.0	100.0	100.0	100.0	100.0	100.0	100.0	100.0	100.0	100.0	100.0	100.0	100.0	100.0	100.0	100.0	100.0	100.0	100.0	100.0	100.0	100.0	100.0	100.0	100.0	100.0	100.0	100.0	100.0	100.0	100.0	100.0	100.0	100.0	100.0	96.29629629629629	100.0	100.0	100.0	100.0	100.0	98.76543209876543	100.0	100.0	100.0	100.0	100.0	100.0	100.0	100.0	100.0	100.0	100.0	100.0	100.0	100.0	100.0	100.0	100.0	100.0	100.0	100.0	100.0	100.0	100.0	100.0	100.0	100.0	100.0	100.0	100.0	100.0	100.0	98.76543209876543	98.76543209876543	100.0	100.0	100.0	100.0	100.0	100.0	100.0	100.0	100.0	100.0	100.0	100.0	100.0	100.0	100.0	100.0	100.0	98.76543209876543	100.0	100.0	100.0	100.0	100.0	100.0	100.0	100.0	100.0	100.0	100.0	100.0	100.0	100.0	100.0	100.0	100.0	100.0	91.35802469135803	100.0	98.76543209876543	100.0	100.0	100.0	100.0	100.0	100.0	100.0	100.0	100.0	100.0	100.0	100.0	100.0	100.0	100.0	100.0	100.0	100.0	100.0	100.0	100.0	100.0	100.0	100.0	100.0	100.0	100.0	98.76543209876543	100.0	100.0	100.0	100.0	100.0	100.0	100.0	100.0	100.0	100.0	100.0	100.0	98.76543209876543	100.0	100.0	100.0	98.76543209876543	100.0	100.0	100.0	100.0	100.0	100.0	100.0	100.0	100.0	100.0	98.76543209876543	100.0	100.0	100.0	100.0	100.0	100.0	100.0	100.0	100.0	100.0	100.0	100.0	100.0	100.0	100.0	100.0	100.0	100.0	100.0	100.0	100.0	100.0	100.0	100.0	100.0	100.0	100.0	98.76543209876543	100.0	100.0	100.0	100.0	100.0	100.0	100.0	100.0	100.0	100.0	100.0	100.0	100.0	100.0	100.0	100.0	100.0	100.0	100.0	100.0	100.0	100.0	100.0	100.0	100.0	100.0	100.0	100.0	100.0	100.0	100.0	100.0	100.0	100.0	100.0	100.0	100.0	100.0	100.0	100.0	100.0	100.0	100.0	100.0	100.0	100.0	100.0	100.0	100.0	100.0	98.76543209876543	100.0	100.0	100.0	100.0	100.0	100.0	100.0	100.0	100.0	100.0	100.0	100.0	100.0	100.0	100.0	100.0	100.0	100.0	100.0	100.0	100.0	100.0	100.0	100.0	100.0	100.0	98.76543209876543	100.0	100.0	100.0	100.0	100.0	100.0	100.0	100.0	100.0	100.0	100.0	98.76543209876543	100.0	100.0	100.0	100.0	100.0	100.0	100.0	100.0	100.0	100.0	100.0	100.0	100.0	100.0	100.0	100.0	100.0	100.0	100.0	100.0	100.0	100.0	100.0	100.0	100.0	100.0	100.0	100.0	100.0	100.0	100.0	100.0	100.0	100.0	100.0	100.0	100.0	100.0	100.0	100.0	100.0	100.0	100.0	100.0	100.0	100.0	100.0	100.0	100.0	100.0	100.0	100.0	100.0	98.76543209876543	100.0	100.0	100.0	100.0	100.0	100.0	100.0	100.0	100.0	100.0	100.0	100.0	100.0	100.0	100.0	100.0	100.0	100.0	100.0	100.0	100.0	100.0	100.0	100.0	100.0	100.0	100.0	100.0	100.0	100.0	100.0	100.0	100.0	100.0	100.0	100.0	100.0	100.0	100.0	100.0	100.0	100.0	100.0	100.0	100.0	100.0	100.0	100.0	100.0	100.0	100.0	100.0	100.0	100.0	100.0	100.0	100.0	100.0	100.0	100.0	100.0	100.0	100.0	100.0	100.0	100.0	100.0	100.0	100.0	100.0	100.0	100.0	100.0	100.0	100.0	100.0	100.0	100.0
1969	100.0	100.0	100.0	100.0	100.0	100.0	100.0	100.0	100.0	100.0	100.0	100.0	100.0	100.0	100.0	100.0	100.0	100.0	100.0	100.0	100.0	100.0	100.0	100.0	100.0	100.0	100.0	100.0	100.0	100.0	100.0	100.0	100.0	100.0	100.0	100.0	100.0	100.0	100.0	100.0	100.0	100.0	100.0	100.0	100.0	100.0	100.0	100.0	100.0	100.0	100.0	100.0	100.0	100.0	100.0	100.0	100.0	100.0	100.0	100.0	100.0	100.0	100.0	100.0	100.0	100.0	100.0	100.0	100.0	100.0	100.0	100.0	100.0	100.0	100.0	100.0	100.0	100.0	100.0	100.0	100.0	100.0	100.0	100.0	100.0	100.0	100.0	100.0	100.0	100.0	100.0	100.0	100.0	100.0	100.0	100.0	100.0	100.0	100.0	100.0	100.0	100.0	100.0	100.0	100.0	100.0	100.0	100.0	100.0	100.0	100.0	100.0	100.0	100.0	100.0	100.0	100.0	100.0	100.0	100.0	100.0	100.0	100.0	100.0	100.0	100.0	100.0	100.0	100.0	100.0	100.0	100.0	100.0	100.0	100.0	100.0	100.0	100.0	100.0	100.0	100.0	100.0	100.0	100.0	100.0	100.0	100.0	100.0	100.0	100.0	100.0	100.0	100.0	100.0	100.0	100.0	100.0	100.0	100.0	100.0	100.0	100.0	100.0	100.0	100.0	100.0	100.0	100.0	100.0	100.0	100.0	100.0	100.0	100.0	100.0	100.0	100.0	100.0	100.0	100.0	100.0	100.0	100.0	100.0	100.0	100.0	100.0	100.0	100.0	100.0	100.0	100.0	100.0	100.0	100.0	100.0	100.0	100.0	100.0	100.0	100.0	100.0	100.0	100.0	100.0	100.0	100.0	100.0	100.0	100.0	100.0	100.0	100.0	100.0	100.0	100.0	100.0	100.0	100.0	100.0	100.0	100.0	100.0	100.0	100.0	100.0	100.0	100.0	100.0	100.0	100.0	100.0	100.0	100.0	100.0	100.0	100.0	100.0	100.0	100.0	100.0	100.0	100.0	100.0	100.0	100.0	100.0	100.0	100.0	100.0	100.0	100.0	100.0	100.0	100.0	100.0	100.0	100.0	100.0	100.0	100.0	100.0	100.0	100.0	100.0	100.0	100.0	100.0	100.0	100.0	100.0	100.0	100.0	100.0	100.0	100.0	100.0	100.0	100.0	100.0	100.0	100.0	100.0	100.0	100.0	100.0	100.0	100.0	100.0	100.0	100.0	100.0	100.0	100.0	100.0	100.0	100.0	100.0	100.0	100.0	100.0	100.0	100.0	100.0	100.0	100.0	100.0	100.0	100.0	100.0	100.0	100.0	100.0	100.0	100.0	100.0	100.0	100.0	100.0	100.0	100.0	100.0	100.0	100.0	100.0	100.0	100.0	100.0	100.0	100.0	100.0	100.0	100.0	100.0	100.0	100.0	100.0	100.0	100.0	100.0	100.0	100.0	100.0	100.0	100.0	100.0	100.0	100.0	100.0	100.0	100.0	100.0	100.0	100.0	100.0	100.0	100.0	100.0	100.0	100.0	100.0	100.0	100.0	100.0	100.0	100.0	100.0	100.0	100.0	100.0	100.0	100.0	100.0	100.0	100.0	100.0	100.0	100.0	100.0	100.0	100.0	100.0	100.0	100.0	100.0	100.0	100.0	100.0	100.0	100.0	100.0	100.0	100.0	100.0	100.0	100.0	100.0	100.0	100.0	100.0	100.0	100.0	100.0	100.0	100.0	100.0	100.0	100.0	100.0	100.0	100.0	100.0	100.0	100.0	100.0	100.0	100.0	100.0	100.0	100.0	100.0	100.0	100.0	100.0	100.0	100.0	100.0	100.0	100.0	100.0	100.0	100.0	100.0	100.0	100.0	100.0	100.0	100.0	100.0	100.0	100.0	100.0	100.0	100.0	100.0	100.0	100.0	100.0	100.0	100.0	100.0	100.0	100.0	100.0	100.0	100.0	100.0	100.0	100.0	100.0	100.0	100.0	100.0	100.0	100.0	100.0	100.0	100.0	100.0	100.0	100.0	100.0	100.0	100.0	100.0	100.0	100.0	100.0	100.0	100.0	100.0	100.0	100.0	100.0	100.0	100.0	100.0	100.0	100.0	100.0	100.0	100.0	100.0	100.0	100.0	100.0	100.0	100.0	100.0	100.0	100.0	100.0	100.0	100.0	100.0	100.0	100.0	100.0	100.0	100.0	100.0	100.0	100.0	100.0	100.0	100.0	100.0	100.0	100.0	100.0	100.0	100.0	100.0	100.0	100.0	100.0	100.0	100.0	100.0	100.0	100.0	100.0	100.0	100.0	100.0	100.0	100.0	100.0	100.0	100.0	100.0	100.0	100.0	100.0	100.0	100.0	100.0	100.0	100.0	100.0	100.0	100.0	100.0	100.0	100.0	100.0	100.0	100.0	100.0	100.0	100.0	100.0	100.0	100.0	100.0	100.0
1970	100.0	100.0	100.0	100.0	100.0	100.0	100.0	100.0	100.0	100.0	100.0	100.0	100.0	100.0	100.0	100.0	100.0	100.0	100.0	100.0	100.0	100.0	100.0	100.0	100.0	100.0	100.0	100.0	100.0	100.0	100.0	100.0	100.0	100.0	100.0	100.0	100.0	100.0	100.0	100.0	100.0	100.0	100.0	100.0	100.0	100.0	100.0	100.0	100.0	100.0	100.0	100.0	100.0	100.0	100.0	100.0	100.0	100.0	100.0	100.0	100.0	100.0	100.0	100.0	100.0	100.0	100.0	100.0	100.0	100.0	100.0	100.0	100.0	100.0	100.0	100.0	100.0	100.0	100.0	100.0	100.0	100.0	100.0	100.0	100.0	100.0	100.0	100.0	100.0	100.0	100.0	100.0	100.0	100.0	100.0	100.0	100.0	100.0	100.0	100.0	100.0	100.0	100.0	100.0	100.0	100.0	100.0	100.0	100.0	100.0	100.0	100.0	100.0	100.0	100.0	100.0	100.0	100.0	100.0	100.0	100.0	100.0	100.0	100.0	100.0	100.0	100.0	100.0	100.0	100.0	100.0	100.0	100.0	100.0	100.0	100.0	100.0	100.0	100.0	100.0	100.0	100.0	100.0	100.0	100.0	100.0	100.0	100.0	100.0	100.0	100.0	100.0	100.0	100.0	100.0	100.0	100.0	100.0	100.0	100.0	100.0	100.0	100.0	100.0	100.0	100.0	100.0	100.0	100.0	100.0	100.0	100.0	100.0	100.0	100.0	100.0	100.0	100.0	100.0	100.0	100.0	100.0	100.0	100.0	100.0	100.0	100.0	100.0	100.0	100.0	100.0	100.0	100.0	100.0	100.0	100.0	100.0	100.0	100.0	100.0	100.0	100.0	100.0	100.0	100.0	100.0	100.0	100.0	100.0	100.0	100.0	100.0	100.0	100.0	100.0	100.0	100.0	100.0	100.0	100.0	100.0	100.0	100.0	100.0	100.0	100.0	100.0	100.0	100.0	100.0	100.0	100.0	100.0	100.0	100.0	100.0	100.0	100.0	100.0	100.0	100.0	100.0	100.0	100.0	100.0	100.0	100.0	100.0	100.0	100.0	100.0	100.0	100.0	100.0	100.0	100.0	100.0	100.0	100.0	100.0	100.0	100.0	100.0	100.0	100.0	100.0	100.0	100.0	100.0	100.0	100.0	100.0	100.0	100.0	100.0	100.0	100.0	100.0	100.0	100.0	100.0	100.0	100.0	100.0	100.0	100.0	100.0	100.0	100.0	100.0	100.0	100.0	100.0	100.0	100.0	100.0	100.0	100.0	100.0	100.0	100.0	100.0	100.0	100.0	100.0	100.0	100.0	100.0	100.0	100.0	100.0	100.0	100.0	100.0	100.0	100.0	100.0	100.0	100.0	100.0	100.0	100.0	100.0	100.0	100.0	100.0	100.0	100.0	100.0	100.0	100.0	100.0	100.0	100.0	100.0	100.0	100.0	100.0	100.0	100.0	100.0	100.0	100.0	100.0	100.0	100.0	100.0	100.0	100.0	100.0	100.0	100.0	100.0	100.0	100.0	100.0	100.0	100.0	100.0	100.0	100.0	100.0	100.0	100.0	100.0	100.0	100.0	100.0	100.0	100.0	100.0	100.0	100.0	100.0	100.0	100.0	100.0	100.0	100.0	100.0	100.0	100.0	100.0	100.0	100.0	100.0	100.0	100.0	100.0	100.0	100.0	100.0	100.0	100.0	100.0	100.0	100.0	100.0	100.0	100.0	100.0	100.0	100.0	100.0	100.0	100.0	100.0	100.0	100.0	100.0	100.0	100.0	100.0	100.0	100.0	100.0	100.0	100.0	100.0	100.0	100.0	100.0	100.0	100.0	100.0	100.0	100.0	100.0	100.0	100.0	100.0	100.0	100.0	100.0	100.0	100.0	100.0	100.0	100.0	100.0	100.0	100.0	100.0	100.0	100.0	100.0	100.0	100.0	100.0	100.0	100.0	100.0	100.0	100.0	100.0	100.0	100.0	100.0	100.0	100.0	100.0	100.0	100.0	100.0	100.0	100.0	100.0	100.0	100.0	100.0	100.0	100.0	100.0	100.0	100.0	100.0	100.0	100.0	100.0	100.0	100.0	100.0	100.0	100.0	100.0	100.0	100.0	100.0	100.0	100.0	100.0	100.0	100.0	100.0	100.0	100.0	100.0	100.0	100.0	100.0	100.0	100.0	100.0	100.0	100.0	100.0	100.0	100.0	100.0	100.0	100.0	100.0	100.0	100.0	100.0	100.0	100.0	100.0	100.0	100.0	100.0	100.0	100.0	100.0	100.0	100.0	100.0	100.0	100.0	100.0	100.0	100.0	100.0	100.0	100.0	100.0	100.0	100.0	100.0	100.0	100.0	100.0	100.0	100.0	100.0	100.0	100.0	100.0	100.0	100.0	100.0	100.0	100.0	100.0	100.0	100.0	100.0	100.0	100.0	100.0	100.0	100.0	100.0	100.0	100.0	100.0
1971	100.0	100.0	100.0	100.0	100.0	100.0	100.0	100.0	100.0	100.0	100.0	100.0	100.0	100.0	100.0	100.0	100.0	100.0	100.0	100.0	100.0	100.0	100.0	100.0	100.0	100.0	100.0	100.0	100.0	100.0	100.0	100.0	100.0	100.0	100.0	100.0	100.0	100.0	100.0	100.0	100.0	100.0	100.0	100.0	100.0	100.0	100.0	100.0	100.0	100.0	100.0	100.0	100.0	100.0	100.0	100.0	100.0	100.0	100.0	100.0	100.0	100.0	100.0	100.0	100.0	100.0	100.0	100.0	100.0	100.0	100.0	100.0	100.0	100.0	100.0	100.0	100.0	100.0	100.0	100.0	100.0	100.0	100.0	100.0	100.0	100.0	100.0	100.0	100.0	100.0	100.0	100.0	100.0	100.0	100.0	100.0	100.0	100.0	100.0	100.0	100.0	100.0	100.0	100.0	100.0	100.0	100.0	100.0	100.0	100.0	100.0	100.0	100.0	100.0	100.0	100.0	100.0	100.0	100.0	100.0	100.0	100.0	100.0	100.0	100.0	100.0	100.0	100.0	100.0	100.0	100.0	100.0	100.0	100.0	100.0	100.0	100.0	100.0	100.0	100.0	100.0	100.0	100.0	100.0	100.0	100.0	100.0	100.0	100.0	100.0	100.0	100.0	100.0	100.0	100.0	100.0	100.0	100.0	100.0	100.0	100.0	100.0	100.0	100.0	100.0	100.0	100.0	100.0	100.0	100.0	100.0	100.0	100.0	100.0	100.0	100.0	100.0	100.0	100.0	100.0	100.0	85.71428571428571	100.0	100.0	100.0	100.0	100.0	100.0	100.0	100.0	100.0	100.0	100.0	100.0	100.0	100.0	100.0	100.0	100.0	100.0	100.0	100.0	100.0	100.0	100.0	100.0	100.0	100.0	100.0	100.0	100.0	100.0	100.0	100.0	100.0	100.0	100.0	100.0	100.0	100.0	100.0	100.0	100.0	100.0	100.0	100.0	100.0	100.0	100.0	100.0	100.0	100.0	100.0	100.0	100.0	100.0	100.0	100.0	100.0	100.0	100.0	100.0	100.0	100.0	100.0	100.0	100.0	100.0	100.0	100.0	100.0	100.0	100.0	100.0	100.0	100.0	100.0	100.0	100.0	100.0	100.0	100.0	100.0	100.0	100.0	100.0	100.0	100.0	100.0	100.0	100.0	100.0	100.0	100.0	100.0	100.0	100.0	100.0	100.0	100.0	100.0	100.0	100.0	100.0	100.0	100.0	100.0	100.0	85.71428571428571	100.0	100.0	100.0	100.0	100.0	100.0	100.0	100.0	100.0	100.0	100.0	100.0	100.0	100.0	100.0	100.0	100.0	100.0	100.0	100.0	100.0	100.0	100.0	100.0	100.0	100.0	100.0	100.0	100.0	100.0	100.0	100.0	100.0	100.0	100.0	100.0	100.0	100.0	100.0	100.0	100.0	100.0	100.0	100.0	100.0	100.0	100.0	100.0	100.0	100.0	100.0	100.0	100.0	100.0	100.0	100.0	100.0	100.0	100.0	100.0	100.0	100.0	100.0	100.0	100.0	100.0	100.0	100.0	100.0	100.0	100.0	100.0	100.0	100.0	100.0	100.0	100.0	100.0	100.0	100.0	100.0	100.0	100.0	100.0	100.0	100.0	100.0	100.0	100.0	100.0	100.0	100.0	100.0	100.0	100.0	100.0	100.0	100.0	100.0	100.0	100.0	100.0	100.0	100.0	100.0	100.0	100.0	100.0	100.0	100.0	100.0	100.0	100.0	100.0	100.0	100.0	100.0	100.0	100.0	100.0	100.0	100.0	100.0	100.0	100.0	100.0	100.0	100.0	100.0	100.0	100.0	100.0	100.0	100.0	100.0	100.0	100.0	100.0	100.0	100.0	100.0	100.0	100.0	100.0	100.0	100.0	100.0	100.0	100.0	100.0	100.0	100.0	100.0	100.0	100.0	100.0	100.0	100.0	100.0	100.0	100.0	100.0	100.0	100.0	100.0	100.0	100.0	100.0	100.0	100.0	100.0	100.0	100.0	100.0	100.0	100.0	100.0	100.0	100.0	100.0	100.0	100.0	100.0	100.0	100.0	100.0	100.0	100.0	100.0	100.0	100.0	100.0	100.0	100.0	100.0	100.0	100.0	100.0	100.0	100.0	100.0	100.0	100.0	100.0	100.0	100.0	100.0	100.0	100.0	100.0	100.0	100.0	100.0	100.0	100.0	100.0	100.0	100.0	100.0	100.0	100.0	100.0	100.0	100.0	100.0	100.0	100.0	100.0	100.0	100.0	100.0	100.0	100.0	100.0	100.0	100.0	100.0	100.0	100.0	100.0	100.0	100.0	100.0	100.0	100.0	100.0	100.0	100.0	100.0	100.0	100.0	100.0	100.0	100.0	100.0	100.0	100.0	100.0	100.0	100.0	100.0	100.0	100.0	100.0	100.0	100.0	100.0	100.0	100.0	100.0	100.0	100.0	100.0	100.0	100.0	100.0	100.0
1972	100.0	100.0	100.0	100.0	100.0	100.0	100.0	100.0	100.0	100.0	100.0	100.0	100.0	100.0	100.0	100.0	100.0	100.0	100.0	100.0	100.0	100.0	100.0	100.0	100.0	100.0	100.0	100.0	100.0	100.0	100.0	100.0	100.0	100.0	100.0	100.0	100.0	100.0	100.0	100.0	100.0	100.0	100.0	100.0	100.0	100.0	100.0	100.0	100.0	100.0	100.0	100.0	100.0	100.0	100.0	100.0	100.0	100.0	100.0	100.0	100.0	100.0	100.0	100.0	100.0	100.0	100.0	100.0	100.0	100.0	100.0	100.0	100.0	100.0	100.0	100.0	100.0	100.0	100.0	100.0	100.0	100.0	100.0	100.0	100.0	100.0	100.0	100.0	100.0	100.0	100.0	100.0	100.0	94.44444444444444	100.0	100.0	100.0	100.0	100.0	100.0	100.0	100.0	100.0	100.0	100.0	100.0	100.0	100.0	100.0	100.0	100.0	100.0	100.0	100.0	100.0	100.0	100.0	100.0	100.0	100.0	100.0	100.0	100.0	100.0	100.0	100.0	100.0	100.0	100.0	100.0	100.0	100.0	100.0	100.0	100.0	100.0	100.0	100.0	100.0	100.0	100.0	100.0	100.0	100.0	100.0	100.0	100.0	100.0	100.0	100.0	100.0	100.0	100.0	100.0	100.0	100.0	100.0	100.0	100.0	100.0	100.0	100.0	100.0	100.0	100.0	100.0	100.0	100.0	100.0	100.0	100.0	100.0	100.0	100.0	100.0	100.0	100.0	100.0	100.0	100.0	100.0	100.0	100.0	100.0	100.0	100.0	100.0	100.0	100.0	100.0	100.0	100.0	100.0	100.0	100.0	100.0	100.0	100.0	100.0	100.0	100.0	100.0	100.0	100.0	100.0	100.0	100.0	100.0	100.0	100.0	100.0	100.0	100.0	100.0	100.0	100.0	100.0	100.0	100.0	100.0	100.0	100.0	100.0	100.0	94.44444444444444	100.0	100.0	100.0	100.0	100.0	100.0	100.0	100.0	100.0	100.0	100.0	100.0	100.0	100.0	100.0	100.0	100.0	100.0	100.0	100.0	100.0	100.0	100.0	100.0	100.0	100.0	100.0	100.0	100.0	100.0	100.0	100.0	100.0	100.0	100.0	100.0	100.0	100.0	100.0	100.0	100.0	100.0	100.0	100.0	100.0	100.0	100.0	100.0	100.0	100.0	100.0	100.0	100.0	100.0	100.0	100.0	100.0	100.0	100.0	100.0	100.0	100.0	100.0	100.0	100.0	100.0	100.0	100.0	100.0	100.0	100.0	100.0	100.0	100.0	100.0	100.0	100.0	100.0	100.0	100.0	100.0	100.0	100.0	100.0	100.0	100.0	100.0	100.0	100.0	100.0	100.0	100.0	100.0	100.0	100.0	100.0	100.0	100.0	100.0	100.0	100.0	100.0	100.0	100.0	100.0	100.0	100.0	100.0	100.0	100.0	100.0	100.0	100.0	100.0	100.0	100.0	100.0	100.0	100.0	100.0	100.0	100.0	100.0	100.0	100.0	100.0	100.0	100.0	100.0	100.0	100.0	100.0	100.0	100.0	100.0	100.0	100.0	100.0	100.0	100.0	100.0	100.0	100.0	100.0	100.0	100.0	100.0	100.0	100.0	100.0	100.0	100.0	100.0	100.0	100.0	100.0	100.0	100.0	100.0	100.0	100.0	100.0	100.0	100.0	100.0	100.0	100.0	100.0	100.0	100.0	100.0	100.0	100.0	100.0	100.0	100.0	100.0	100.0	100.0	100.0	100.0	100.0	100.0	100.0	100.0	100.0	100.0	100.0	100.0	100.0	100.0	100.0	100.0	100.0	100.0	100.0	100.0	100.0	100.0	100.0	100.0	100.0	100.0	100.0	100.0	100.0	100.0	100.0	100.0	100.0	100.0	100.0	100.0	100.0	100.0	100.0	100.0	100.0	100.0	100.0	100.0	100.0	100.0	100.0	100.0	100.0	100.0	100.0	100.0	100.0	100.0	100.0	100.0	100.0	100.0	100.0	100.0	100.0	100.0	100.0	100.0	100.0	100.0	100.0	100.0	100.0	100.0	100.0	100.0	100.0	100.0	100.0	100.0	100.0	100.0	100.0	100.0	100.0	100.0	100.0	100.0	100.0	100.0	100.0	100.0	100.0	100.0	100.0	100.0	100.0	100.0	100.0	100.0	100.0	100.0	100.0	100.0	100.0	100.0	100.0	100.0	100.0	100.0	100.0	100.0	100.0	100.0	100.0	100.0	100.0	100.0	100.0	100.0	100.0	100.0	100.0	100.0	100.0	100.0	100.0	100.0	100.0	100.0	100.0	100.0	100.0	100.0	100.0	100.0	100.0	100.0	100.0	100.0	100.0	100.0	100.0	100.0	100.0	100.0	100.0	100.0	100.0	100.0	100.0	100.0	100.0	100.0	100.0	100.0	100.0	100.0	100.0	100.0	100.0	100.0	100.0	100.0	100.0	100.0	100.0	100.0
1973	100.0	100.0	100.0	100.0	100.0	100.0	100.0	100.0	100.0	100.0	100.0	100.0	100.0	100.0	100.0	100.0	100.0	100.0	100.0	100.0	100.0	100.0	100.0	100.0	100.0	100.0	100.0	100.0	100.0	100.0	100.0	100.0	100.0	100.0	100.0	100.0	100.0	100.0	100.0	100.0	100.0	100.0	100.0	100.0	100.0	100.0	100.0	100.0	100.0	100.0	100.0	100.0	100.0	100.0	100.0	100.0	100.0	100.0	100.0	100.0	100.0	100.0	100.0	100.0	100.0	100.0	100.0	100.0	100.0	100.0	100.0	100.0	100.0	100.0	100.0	100.0	100.0	100.0	100.0	100.0	100.0	100.0	100.0	100.0	100.0	100.0	100.0	100.0	100.0	100.0	100.0	100.0	100.0	100.0	100.0	100.0	100.0	100.0	100.0	100.0	100.0	100.0	100.0	100.0	100.0	100.0	100.0	100.0	100.0	100.0	100.0	100.0	100.0	100.0	100.0	100.0	100.0	100.0	100.0	100.0	100.0	100.0	100.0	100.0	100.0	100.0	100.0	100.0	100.0	100.0	100.0	100.0	100.0	100.0	100.0	100.0	100.0	100.0	100.0	100.0	100.0	100.0	100.0	100.0	100.0	100.0	100.0	100.0	100.0	100.0	100.0	100.0	100.0	100.0	100.0	100.0	100.0	100.0	100.0	100.0	100.0	100.0	100.0	100.0	100.0	100.0	100.0	100.0	100.0	100.0	100.0	100.0	100.0	100.0	100.0	100.0	100.0	100.0	100.0	100.0	100.0	100.0	100.0	100.0	100.0	100.0	100.0	100.0	100.0	100.0	90.0	100.0	100.0	100.0	100.0	100.0	100.0	100.0	100.0	100.0	100.0	100.0	100.0	100.0	100.0	100.0	100.0	100.0	100.0	100.0	100.0	100.0	100.0	100.0	100.0	100.0	100.0	100.0	100.0	100.0	100.0	100.0	100.0	100.0	100.0	100.0	100.0	100.0	100.0	100.0	100.0	100.0	100.0	100.0	100.0	100.0	100.0	100.0	100.0	100.0	100.0	100.0	100.0	100.0	100.0	100.0	100.0	100.0	100.0	100.0	100.0	100.0	100.0	100.0	100.0	100.0	100.0	100.0	100.0	100.0	100.0	100.0	100.0	100.0	100.0	100.0	100.0	100.0	100.0	100.0	100.0	100.0	100.0	100.0	100.0	100.0	100.0	100.0	100.0	100.0	100.0	100.0	100.0	100.0	100.0	100.0	100.0	100.0	100.0	100.0	100.0	100.0	100.0	100.0	100.0	100.0	100.0	100.0	100.0	100.0	100.0	100.0	100.0	100.0	100.0	100.0	100.0	100.0	100.0	100.0	100.0	100.0	100.0	100.0	100.0	100.0	100.0	100.0	100.0	100.0	100.0	100.0	100.0	100.0	100.0	100.0	100.0	100.0	100.0	100.0	100.0	100.0	100.0	100.0	100.0	100.0	100.0	100.0	100.0	100.0	100.0	100.0	100.0	100.0	100.0	100.0	100.0	100.0	100.0	100.0	100.0	100.0	100.0	100.0	100.0	100.0	100.0	100.0	100.0	100.0	100.0	100.0	100.0	100.0	100.0	100.0	100.0	100.0	100.0	100.0	100.0	100.0	100.0	100.0	100.0	100.0	100.0	100.0	100.0	100.0	100.0	100.0	100.0	100.0	100.0	100.0	100.0	100.0	100.0	100.0	100.0	100.0	100.0	100.0	100.0	100.0	100.0	100.0	100.0	100.0	100.0	100.0	100.0	100.0	100.0	100.0	100.0	100.0	100.0	100.0	100.0	100.0	100.0	100.0	100.0	100.0	100.0	100.0	100.0	100.0	100.0	100.0	100.0	100.0	100.0	100.0	100.0	100.0	100.0	100.0	100.0	100.0	100.0	100.0	100.0	100.0	100.0	100.0	100.0	100.0	100.0	100.0	90.0	100.0	100.0	100.0	100.0	100.0	100.0	100.0	100.0	100.0	100.0	100.0	100.0	100.0	100.0	100.0	100.0	100.0	100.0	100.0	100.0	100.0	100.0	100.0	100.0	100.0	100.0	100.0	100.0	100.0	100.0	100.0	100.0	100.0	100.0	100.0	100.0	100.0	100.0	100.0	100.0	100.0	100.0	100.0	100.0	100.0	100.0	100.0	100.0	100.0	100.0	100.0	100.0	100.0	100.0	100.0	100.0	100.0	100.0	100.0	100.0	100.0	100.0	100.0	100.0	100.0	100.0	100.0	100.0	100.0	100.0	100.0	100.0	100.0	100.0	100.0	100.0	100.0	100.0	100.0	100.0	100.0	100.0	100.0	100.0	100.0	100.0	100.0	100.0	100.0	100.0	100.0	100.0	100.0	100.0	100.0	100.0	100.0	100.0	100.0	100.0	100.0	100.0	100.0	100.0	100.0	100.0	100.0	100.0	100.0	100.0	100.0	100.0	100.0	100.0	100.0	100.0	100.0	100.0	100.0	100.0	100.0	100.0	100.0
1974	100.0	100.0	100.0	100.0	100.0	100.0	100.0	100.0	100.0	100.0	100.0	100.0	100.0	100.0	100.0	100.0	100.0	100.0	100.0	100.0	100.0	100.0	100.0	100.0	100.0	100.0	100.0	100.0	100.0	100.0	100.0	100.0	100.0	100.0	100.0	100.0	100.0	100.0	100.0	100.0	100.0	100.0	100.0	100.0	100.0	100.0	100.0	100.0	100.0	100.0	100.0	100.0	100.0	100.0	100.0	100.0	100.0	100.0	100.0	100.0	100.0	100.0	100.0	100.0	100.0	100.0	100.0	100.0	100.0	100.0	100.0	100.0	100.0	100.0	100.0	100.0	100.0	100.0	100.0	100.0	100.0	100.0	100.0	100.0	100.0	100.0	100.0	100.0	100.0	100.0	100.0	100.0	100.0	100.0	100.0	100.0	100.0	100.0	100.0	100.0	100.0	100.0	100.0	100.0	100.0	100.0	100.0	100.0	100.0	100.0	100.0	100.0	100.0	100.0	100.0	100.0	100.0	100.0	100.0	100.0	100.0	100.0	100.0	100.0	100.0	100.0	100.0	100.0	100.0	100.0	100.0	100.0	100.0	100.0	100.0	100.0	100.0	100.0	100.0	100.0	100.0	100.0	100.0	100.0	100.0	100.0	100.0	100.0	100.0	100.0	100.0	100.0	100.0	100.0	100.0	100.0	100.0	100.0	100.0	100.0	100.0	100.0	100.0	100.0	100.0	100.0	100.0	100.0	100.0	100.0	100.0	100.0	100.0	100.0	100.0	100.0	100.0	100.0	100.0	100.0	100.0	100.0	100.0	100.0	100.0	100.0	100.0	100.0	100.0	100.0	100.0	100.0	100.0	100.0	100.0	100.0	100.0	100.0	100.0	100.0	100.0	100.0	100.0	100.0	100.0	100.0	100.0	100.0	100.0	100.0	100.0	100.0	100.0	100.0	100.0	100.0	100.0	100.0	100.0	100.0	100.0	100.0	100.0	100.0	100.0	100.0	100.0	100.0	100.0	100.0	100.0	100.0	100.0	100.0	100.0	100.0	100.0	100.0	100.0	100.0	100.0	100.0	100.0	100.0	100.0	100.0	100.0	100.0	100.0	100.0	100.0	100.0	100.0	100.0	100.0	100.0	100.0	100.0	100.0	100.0	100.0	100.0	100.0	100.0	100.0	100.0	100.0	100.0	100.0	100.0	100.0	100.0	100.0	100.0	100.0	100.0	100.0	100.0	100.0	100.0	100.0	100.0	100.0	100.0	100.0	100.0	100.0	100.0	100.0	100.0	100.0	100.0	100.0	100.0	100.0	100.0	100.0	100.0	100.0	100.0	100.0	100.0	90.9090909090909	100.0	100.0	100.0	100.0	100.0	100.0	100.0	100.0	100.0	100.0	100.0	100.0	100.0	100.0	100.0	100.0	100.0	90.9090909090909	100.0	100.0	100.0	100.0	100.0	100.0	100.0	100.0	100.0	100.0	100.0	100.0	100.0	100.0	100.0	100.0	100.0	100.0	100.0	100.0	100.0	100.0	100.0	100.0	100.0	100.0	100.0	100.0	100.0	100.0	100.0	100.0	100.0	100.0	100.0	100.0	100.0	100.0	100.0	100.0	100.0	100.0	100.0	100.0	100.0	100.0	100.0	100.0	100.0	100.0	100.0	100.0	100.0	100.0	100.0	100.0	100.0	100.0	100.0	100.0	100.0	100.0	100.0	100.0	100.0	100.0	100.0	100.0	100.0	100.0	100.0	100.0	100.0	100.0	100.0	100.0	100.0	100.0	100.0	100.0	100.0	100.0	100.0	100.0	100.0	100.0	100.0	100.0	100.0	100.0	100.0	100.0	100.0	100.0	100.0	100.0	100.0	100.0	100.0	100.0	100.0	100.0	100.0	100.0	100.0	100.0	100.0	100.0	100.0	100.0	100.0	100.0	100.0	100.0	100.0	100.0	100.0	100.0	100.0	100.0	100.0	100.0	100.0	100.0	100.0	100.0	100.0	100.0	100.0	100.0	100.0	100.0	100.0	100.0	100.0	100.0	100.0	100.0	100.0	100.0	100.0	100.0	100.0	100.0	100.0	100.0	100.0	100.0	100.0	100.0	100.0	100.0	100.0	100.0	100.0	100.0	100.0	100.0	100.0	100.0	100.0	100.0	100.0	100.0	100.0	100.0	100.0	100.0	100.0	100.0	100.0	100.0	100.0	100.0	100.0	100.0	100.0	100.0	100.0	100.0	100.0	100.0	100.0	100.0	100.0	100.0	100.0	100.0	100.0	100.0	100.0	100.0	100.0	100.0	100.0	100.0	100.0	100.0	100.0	100.0	100.0	100.0	100.0	100.0	100.0	100.0	100.0	100.0	100.0	100.0	100.0	100.0	100.0	100.0	100.0	100.0	100.0	100.0	100.0	100.0	100.0	100.0	100.0	100.0	100.0	100.0	100.0	100.0	100.0	100.0	100.0	100.0	100.0	100.0	100.0	100.0	100.0	100.0	100.0	100.0	100.0	100.0	100.0	100.0	100.0
1975	100.0	100.0	100.0	100.0	100.0	100.0	100.0	100.0	100.0	100.0	100.0	100.0	100.0	100.0	100.0	100.0	100.0	100.0	100.0	100.0	100.0	100.0	100.0	100.0	100.0	100.0	100.0	100.0	100.0	100.0	100.0	100.0	100.0	100.0	100.0	100.0	100.0	100.0	100.0	100.0	100.0	100.0	100.0	100.0	100.0	100.0	100.0	100.0	100.0	100.0	100.0	100.0	100.0	100.0	100.0	100.0	100.0	100.0	100.0	100.0	100.0	100.0	100.0	100.0	100.0	100.0	100.0	100.0	100.0	100.0	100.0	100.0	100.0	100.0	100.0	100.0	100.0	100.0	100.0	100.0	100.0	100.0	100.0	100.0	100.0	100.0	100.0	100.0	100.0	100.0	100.0	100.0	100.0	100.0	100.0	100.0	100.0	100.0	100.0	100.0	100.0	100.0	100.0	100.0	100.0	100.0	100.0	100.0	100.0	100.0	100.0	100.0	100.0	100.0	100.0	100.0	100.0	100.0	100.0	100.0	100.0	100.0	100.0	100.0	100.0	100.0	100.0	100.0	100.0	100.0	100.0	100.0	100.0	100.0	100.0	100.0	100.0	100.0	100.0	100.0	100.0	100.0	100.0	100.0	100.0	100.0	100.0	100.0	100.0	100.0	100.0	100.0	100.0	100.0	100.0	100.0	100.0	100.0	100.0	100.0	100.0	100.0	100.0	100.0	100.0	100.0	100.0	100.0	100.0	100.0	100.0	100.0	100.0	100.0	100.0	100.0	100.0	100.0	100.0	100.0	100.0	87.5	100.0	100.0	100.0	100.0	100.0	100.0	100.0	100.0	100.0	100.0	100.0	100.0	100.0	100.0	100.0	100.0	100.0	100.0	100.0	100.0	100.0	100.0	100.0	100.0	100.0	100.0	100.0	100.0	100.0	100.0	100.0	100.0	100.0	100.0	100.0	100.0	100.0	100.0	100.0	100.0	100.0	100.0	100.0	100.0	100.0	100.0	100.0	100.0	100.0	100.0	100.0	100.0	100.0	100.0	100.0	100.0	100.0	100.0	100.0	100.0	100.0	100.0	100.0	100.0	100.0	100.0	100.0	100.0	100.0	100.0	100.0	100.0	100.0	100.0	100.0	100.0	100.0	100.0	100.0	100.0	100.0	100.0	100.0	100.0	100.0	100.0	100.0	100.0	100.0	100.0	100.0	100.0	100.0	100.0	100.0	100.0	100.0	100.0	100.0	100.0	100.0	100.0	100.0	100.0	100.0	100.0	100.0	100.0	100.0	100.0	100.0	100.0	100.0	100.0	100.0	100.0	100.0	100.0	100.0	100.0	100.0	100.0	100.0	100.0	100.0	100.0	100.0	100.0	100.0	100.0	100.0	100.0	100.0	100.0	100.0	100.0	100.0	100.0	100.0	100.0	100.0	100.0	100.0	100.0	100.0	100.0	100.0	100.0	100.0	100.0	100.0	100.0	100.0	100.0	100.0	100.0	100.0	100.0	100.0	100.0	100.0	75.0	100.0	100.0	100.0	100.0	100.0	100.0	100.0	100.0	100.0	100.0	100.0	100.0	100.0	100.0	100.0	100.0	100.0	100.0	100.0	100.0	100.0	100.0	100.0	100.0	100.0	100.0	100.0	100.0	100.0	100.0	100.0	100.0	100.0	100.0	100.0	100.0	100.0	100.0	100.0	100.0	100.0	100.0	100.0	100.0	100.0	100.0	100.0	100.0	100.0	100.0	100.0	100.0	100.0	100.0	100.0	100.0	100.0	100.0	100.0	100.0	100.0	100.0	100.0	100.0	100.0	100.0	100.0	100.0	100.0	100.0	100.0	100.0	100.0	100.0	100.0	100.0	100.0	100.0	100.0	100.0	100.0	100.0	100.0	100.0	100.0	100.0	100.0	100.0	100.0	100.0	100.0	100.0	100.0	100.0	100.0	100.0	100.0	100.0	100.0	100.0	100.0	100.0	100.0	100.0	100.0	100.0	100.0	100.0	100.0	100.0	100.0	100.0	100.0	100.0	100.0	100.0	100.0	100.0	100.0	100.0	100.0	100.0	100.0	100.0	100.0	100.0	100.0	100.0	100.0	100.0	100.0	100.0	100.0	100.0	100.0	100.0	100.0	100.0	100.0	100.0	100.0	100.0	100.0	100.0	100.0	100.0	100.0	100.0	100.0	100.0	100.0	100.0	100.0	100.0	100.0	100.0	100.0	100.0	100.0	100.0	100.0	100.0	100.0	100.0	100.0	100.0	100.0	100.0	100.0	100.0	100.0	100.0	100.0	100.0	100.0	100.0	100.0	100.0	100.0	100.0	100.0	100.0	100.0	100.0	100.0	100.0	100.0	100.0	100.0	100.0	100.0	100.0	100.0	100.0	100.0	100.0	100.0	100.0	100.0	100.0	100.0	100.0	100.0	100.0	100.0	100.0	100.0	100.0	100.0	100.0	100.0	100.0	100.0	100.0	100.0	100.0	100.0	100.0	100.0	100.0	100.0	100.0
1976	100.0	100.0	100.0	100.0	100.0	100.0	100.0	100.0	100.0	100.0	100.0	100.0	100.0	100.0	100.0	100.0	100.0	100.0	100.0	100.0	100.0	100.0	100.0	100.0	100.0	100.0	100.0	100.0	100.0	100.0	100.0	100.0	100.0	100.0	100.0	100.0	100.0	100.0	100.0	100.0	100.0	100.0	100.0	100.0	100.0	100.0	100.0	100.0	100.0	100.0	100.0	100.0	100.0	100.0	100.0	100.0	100.0	100.0	100.0	100.0	100.0	100.0	100.0	100.0	100.0	100.0	100.0	100.0	100.0	100.0	100.0	100.0	100.0	100.0	100.0	100.0	100.0	100.0	100.0	100.0	100.0	100.0	100.0	100.0	100.0	100.0	100.0	100.0	100.0	100.0	100.0	100.0	100.0	100.0	100.0	100.0	100.0	100.0	100.0	100.0	100.0	100.0	100.0	100.0	100.0	100.0	100.0	100.0	100.0	100.0	100.0	100.0	100.0	100.0	100.0	100.0	100.0	100.0	100.0	100.0	100.0	100.0	100.0	100.0	100.0	100.0	100.0	100.0	100.0	100.0	100.0	100.0	100.0	100.0	100.0	100.0	100.0	100.0	100.0	100.0	100.0	100.0	100.0	100.0	100.0	100.0	100.0	100.0	100.0	100.0	100.0	100.0	100.0	100.0	100.0	100.0	100.0	100.0	100.0	100.0	100.0	100.0	100.0	100.0	100.0	100.0	100.0	100.0	100.0	100.0	100.0	100.0	100.0	100.0	100.0	100.0	100.0	100.0	100.0	100.0	100.0	94.44444444444444	100.0	100.0	100.0	100.0	100.0	100.0	100.0	100.0	100.0	100.0	100.0	100.0	100.0	100.0	100.0	100.0	100.0	100.0	100.0	100.0	100.0	100.0	100.0	100.0	100.0	100.0	100.0	100.0	100.0	100.0	100.0	100.0	100.0	100.0	100.0	100.0	100.0	100.0	100.0	100.0	100.0	100.0	100.0	100.0	100.0	100.0	100.0	100.0	100.0	100.0	100.0	100.0	100.0	100.0	100.0	100.0	100.0	100.0	100.0	100.0	100.0	100.0	100.0	100.0	100.0	100.0	100.0	100.0	100.0	100.0	94.44444444444444	100.0	100.0	100.0	100.0	100.0	100.0	100.0	100.0	100.0	100.0	100.0	100.0	100.0	100.0	100.0	100.0	100.0	100.0	100.0	100.0	100.0	100.0	100.0	100.0	100.0	100.0	100.0	100.0	100.0	100.0	100.0	100.0	100.0	100.0	100.0	100.0	100.0	100.0	100.0	100.0	100.0	100.0	100.0	100.0	100.0	100.0	100.0	100.0	100.0	100.0	100.0	100.0	100.0	100.0	100.0	100.0	100.0	100.0	100.0	100.0	100.0	100.0	100.0	100.0	100.0	100.0	100.0	100.0	100.0	100.0	100.0	100.0	100.0	100.0	100.0	100.0	100.0	100.0	100.0	100.0	100.0	100.0	100.0	100.0	100.0	100.0	100.0	100.0	100.0	100.0	100.0	100.0	100.0	100.0	100.0	100.0	100.0	100.0	100.0	100.0	100.0	100.0	100.0	100.0	100.0	100.0	100.0	100.0	100.0	100.0	100.0	100.0	100.0	100.0	100.0	100.0	100.0	100.0	100.0	100.0	100.0	100.0	100.0	100.0	100.0	100.0	100.0	100.0	100.0	100.0	100.0	100.0	100.0	100.0	100.0	100.0	100.0	100.0	100.0	100.0	100.0	100.0	100.0	100.0	100.0	100.0	100.0	100.0	100.0	100.0	100.0	100.0	100.0	100.0	100.0	100.0	100.0	100.0	100.0	100.0	100.0	100.0	100.0	100.0	100.0	100.0	100.0	100.0	100.0	100.0	100.0	100.0	100.0	100.0	100.0	100.0	100.0	100.0	100.0	100.0	100.0	100.0	100.0	100.0	100.0	100.0	100.0	100.0	100.0	100.0	100.0	100.0	88.88888888888889	100.0	100.0	100.0	100.0	100.0	100.0	100.0	100.0	100.0	100.0	100.0	100.0	100.0	100.0	100.0	100.0	100.0	100.0	100.0	100.0	100.0	100.0	100.0	100.0	100.0	100.0	100.0	100.0	100.0	100.0	100.0	100.0	100.0	100.0	100.0	100.0	100.0	100.0	100.0	100.0	100.0	100.0	100.0	100.0	100.0	100.0	100.0	100.0	100.0	100.0	100.0	100.0	100.0	100.0	100.0	100.0	100.0	100.0	100.0	100.0	100.0	100.0	100.0	100.0	100.0	100.0	100.0	100.0	100.0	100.0	100.0	100.0	100.0	100.0	100.0	100.0	100.0	100.0	100.0	100.0	100.0	100.0	100.0	100.0	100.0	100.0	100.0	100.0	100.0	100.0	100.0	100.0	100.0	100.0	100.0	100.0	100.0	100.0	100.0	100.0	100.0	100.0	100.0	100.0	100.0	100.0	100.0	100.0	100.0	100.0	100.0	100.0	100.0	100.0	100.0	100.0	100.0	100.0	100.0	100.0
1977	100.0	100.0	100.0	100.0	100.0	100.0	100.0	100.0	100.0	100.0	100.0	100.0	100.0	92.3076923076923	100.0	100.0	100.0	100.0	100.0	100.0	100.0	100.0	100.0	100.0	100.0	100.0	100.0	100.0	100.0	100.0	92.3076923076923	100.0	100.0	100.0	100.0	100.0	100.0	100.0	100.0	100.0	100.0	100.0	100.0	100.0	100.0	100.0	100.0	100.0	92.3076923076923	100.0	100.0	100.0	100.0	100.0	100.0	100.0	100.0	100.0	100.0	100.0	100.0	100.0	100.0	92.3076923076923	100.0	100.0	100.0	100.0	100.0	100.0	100.0	100.0	100.0	100.0	100.0	100.0	100.0	100.0	100.0	100.0	100.0	100.0	100.0	100.0	100.0	100.0	100.0	100.0	100.0	100.0	100.0	100.0	100.0	100.0	100.0	100.0	100.0	100.0	100.0	100.0	100.0	100.0	100.0	100.0	100.0	100.0	100.0	100.0	100.0	100.0	100.0	100.0	100.0	100.0	100.0	100.0	100.0	100.0	100.0	100.0	100.0	100.0	100.0	100.0	100.0	100.0	100.0	100.0	100.0	100.0	100.0	100.0	100.0	100.0	100.0	100.0	100.0	100.0	100.0	100.0	100.0	100.0	100.0	100.0	100.0	100.0	100.0	100.0	100.0	100.0	92.3076923076923	100.0	100.0	92.3076923076923	100.0	100.0	100.0	100.0	100.0	100.0	100.0	100.0	100.0	100.0	100.0	100.0	100.0	100.0	100.0	100.0	100.0	100.0	100.0	92.3076923076923	100.0	100.0	100.0	100.0	100.0	100.0	100.0	100.0	100.0	100.0	100.0	100.0	100.0	100.0	100.0	100.0	100.0	100.0	100.0	100.0	100.0	100.0	100.0	100.0	100.0	100.0	100.0	100.0	100.0	100.0	100.0	100.0	100.0	100.0	100.0	100.0	100.0	100.0	100.0	100.0	100.0	100.0	100.0	92.3076923076923	100.0	100.0	100.0	100.0	92.3076923076923	100.0	100.0	100.0	100.0	100.0	100.0	100.0	100.0	100.0	100.0	100.0	100.0	100.0	100.0	92.3076923076923	92.3076923076923	100.0	100.0	100.0	100.0	100.0	100.0	100.0	100.0	100.0	100.0	100.0	100.0	100.0	100.0	100.0	100.0	100.0	100.0	100.0	100.0	100.0	100.0	100.0	100.0	100.0	100.0	100.0	100.0	100.0	100.0	100.0	100.0	100.0	100.0	100.0	100.0	100.0	100.0	100.0	100.0	100.0	100.0	100.0	100.0	100.0	100.0	100.0	100.0	100.0	100.0	100.0	100.0	100.0	100.0	100.0	100.0	100.0	100.0	100.0	100.0	100.0	100.0	100.0	100.0	100.0	100.0	100.0	100.0	100.0	100.0	100.0	100.0	100.0	100.0	100.0	100.0	100.0	100.0	100.0	100.0	100.0	100.0	100.0	100.0	100.0	100.0	100.0	100.0	100.0	100.0	100.0	100.0	100.0	100.0	100.0	100.0	100.0	100.0	100.0	100.0	100.0	100.0	100.0	100.0	100.0	100.0	100.0	100.0	100.0	100.0	100.0	100.0	100.0	100.0	100.0	100.0	100.0	100.0	100.0	100.0	100.0	100.0	100.0	100.0	100.0	100.0	100.0	100.0	100.0	100.0	100.0	100.0	100.0	100.0	100.0	100.0	100.0	100.0	100.0	100.0	100.0	100.0	100.0	100.0	100.0	100.0	100.0	100.0	100.0	100.0	100.0	100.0	100.0	100.0	100.0	100.0	100.0	100.0	100.0	100.0	100.0	100.0	100.0	100.0	100.0	100.0	100.0	100.0	100.0	100.0	100.0	100.0	100.0	100.0	100.0	100.0	100.0	100.0	100.0	100.0	100.0	100.0	100.0	100.0	100.0	100.0	100.0	100.0	100.0	100.0	100.0	100.0	100.0	100.0	100.0	100.0	100.0	100.0	100.0	100.0	100.0	100.0	100.0	100.0	100.0	100.0	100.0	100.0	100.0	100.0	100.0	100.0	100.0	100.0	100.0	100.0	100.0	100.0	100.0	100.0	100.0	100.0	100.0	100.0	100.0	100.0	100.0	100.0	100.0	100.0	100.0	100.0	100.0	100.0	100.0	100.0	100.0	100.0	100.0	100.0	100.0	100.0	100.0	100.0	100.0	100.0	100.0	100.0	100.0	100.0	100.0	100.0	100.0	100.0	100.0	100.0	100.0	100.0	100.0	100.0	100.0	100.0	100.0	100.0	100.0	100.0	100.0	100.0	100.0	100.0	100.0	100.0	100.0	100.0	100.0	100.0	100.0	100.0	100.0	100.0	100.0	100.0	100.0	100.0	100.0	100.0	100.0	100.0	92.3076923076923	100.0	100.0	100.0	100.0	100.0	100.0	100.0	100.0	100.0	100.0	100.0	100.0	100.0	100.0	100.0	100.0	100.0	100.0	100.0	100.0	100.0	100.0	100.0	100.0	100.0	100.0	100.0	100.0	100.0	100.0	100.0	100.0	100.0	100.0	100.0	100.0	100.0	100.0
1978	100.0	100.0	100.0	100.0	100.0	100.0	100.0	100.0	100.0	100.0	100.0	100.0	100.0	100.0	100.0	100.0	100.0	100.0	100.0	100.0	100.0	100.0	100.0	100.0	100.0	100.0	100.0	100.0	100.0	100.0	100.0	100.0	100.0	100.0	100.0	100.0	100.0	100.0	100.0	100.0	83.33333333333334	100.0	100.0	100.0	100.0	100.0	100.0	100.0	83.33333333333334	100.0	100.0	100.0	100.0	100.0	100.0	100.0	100.0	100.0	100.0	100.0	100.0	100.0	100.0	100.0	100.0	100.0	100.0	100.0	100.0	100.0	100.0	100.0	100.0	100.0	100.0	100.0	100.0	100.0	100.0	100.0	100.0	100.0	100.0	100.0	100.0	100.0	100.0	100.0	100.0	100.0	100.0	100.0	100.0	100.0	100.0	100.0	100.0	100.0	100.0	100.0	100.0	100.0	100.0	100.0	100.0	100.0	100.0	100.0	100.0	100.0	100.0	83.33333333333334	100.0	100.0	100.0	100.0	100.0	100.0	100.0	100.0	100.0	100.0	100.0	100.0	100.0	100.0	100.0	100.0	100.0	100.0	100.0	100.0	100.0	100.0	100.0	100.0	100.0	100.0	100.0	83.33333333333334	100.0	100.0	100.0	100.0	100.0	100.0	100.0	100.0	100.0	100.0	100.0	100.0	100.0	100.0	100.0	100.0	100.0	100.0	100.0	100.0	100.0	100.0	100.0	100.0	100.0	100.0	100.0	100.0	100.0	100.0	100.0	100.0	100.0	100.0	100.0	100.0	100.0	100.0	100.0	100.0	100.0	100.0	100.0	100.0	100.0	100.0	83.33333333333334	100.0	100.0	100.0	100.0	100.0	100.0	100.0	100.0	100.0	100.0	100.0	100.0	100.0	100.0	100.0	100.0	100.0	100.0	100.0	100.0	100.0	100.0	100.0	100.0	100.0	100.0	100.0	100.0	100.0	100.0	100.0	100.0	100.0	100.0	100.0	66.66666666666666	100.0	100.0	100.0	100.0	100.0	100.0	100.0	100.0	100.0	100.0	100.0	100.0	100.0	100.0	100.0	100.0	100.0	100.0	100.0	100.0	100.0	100.0	100.0	100.0	100.0	100.0	100.0	100.0	100.0	100.0	100.0	100.0	100.0	100.0	100.0	100.0	100.0	100.0	100.0	100.0	100.0	100.0	100.0	100.0	100.0	100.0	100.0	100.0	100.0	100.0	100.0	100.0	100.0	100.0	100.0	100.0	100.0	100.0	100.0	100.0	100.0	100.0	100.0	100.0	100.0	100.0	100.0	100.0	100.0	100.0	100.0	100.0	100.0	100.0	100.0	100.0	100.0	100.0	100.0	100.0	100.0	100.0	100.0	100.0	100.0	100.0	100.0	100.0	100.0	100.0	100.0	100.0	100.0	100.0	100.0	100.0	100.0	100.0	100.0	100.0	100.0	83.33333333333334	100.0	100.0	100.0	100.0	100.0	100.0	100.0	100.0	100.0	100.0	100.0	100.0	100.0	100.0	100.0	100.0	100.0	100.0	100.0	100.0	100.0	100.0	100.0	100.0	100.0	100.0	100.0	100.0	100.0	100.0	100.0	100.0	100.0	100.0	100.0	100.0	100.0	100.0	100.0	100.0	100.0	100.0	100.0	100.0	100.0	100.0	100.0	100.0	100.0	100.0	100.0	100.0	100.0	100.0	100.0	100.0	100.0	100.0	100.0	100.0	100.0	100.0	100.0	100.0	100.0	100.0	100.0	100.0	100.0	100.0	100.0	100.0	100.0	100.0	100.0	100.0	100.0	100.0	100.0	100.0	100.0	100.0	100.0	100.0	100.0	100.0	100.0	100.0	100.0	100.0	100.0	100.0	100.0	100.0	100.0	100.0	100.0	100.0	100.0	100.0	100.0	100.0	100.0	100.0	100.0	100.0	100.0	100.0	100.0	100.0	100.0	100.0	100.0	100.0	100.0	100.0	100.0	100.0	100.0	100.0	100.0	100.0	100.0	100.0	100.0	100.0	100.0	100.0	100.0	100.0	100.0	100.0	100.0	100.0	100.0	100.0	100.0	100.0	100.0	100.0	100.0	100.0	100.0	100.0	100.0	100.0	100.0	100.0	100.0	100.0	100.0	100.0	100.0	100.0	100.0	100.0	100.0	100.0	100.0	100.0	100.0	100.0	100.0	100.0	100.0	100.0	83.33333333333334	100.0	100.0	100.0	100.0	100.0	100.0	100.0	100.0	100.0	100.0	100.0	100.0	100.0	100.0	100.0	100.0	100.0	100.0	100.0	100.0	100.0	100.0	100.0	100.0	100.0	100.0	100.0	100.0	100.0	100.0	100.0	100.0	100.0	100.0	100.0	100.0	100.0	100.0	100.0	100.0	100.0	100.0	100.0	100.0	100.0	100.0	100.0	100.0	100.0	100.0	100.0	100.0	100.0	100.0	100.0	100.0	100.0	100.0	100.0	100.0	100.0	100.0	100.0	100.0	100.0	100.0	100.0	100.0	100.0	100.0	100.0	100.0	100.0	100.0
1979	100.0	100.0	100.0	100.0	100.0	100.0	100.0	100.0	100.0	100.0	100.0	100.0	100.0	100.0	100.0	100.0	100.0	100.0	100.0	100.0	100.0	100.0	100.0	100.0	100.0	100.0	100.0	100.0	100.0	100.0	100.0	100.0	100.0	100.0	100.0	100.0	100.0	100.0	100.0	100.0	100.0	100.0	100.0	100.0	100.0	100.0	100.0	100.0	100.0	100.0	100.0	100.0	100.0	100.0	100.0	100.0	100.0	100.0	100.0	100.0	100.0	100.0	100.0	100.0	100.0	100.0	100.0	100.0	100.0	100.0	100.0	100.0	100.0	100.0	100.0	100.0	100.0	100.0	100.0	100.0	100.0	100.0	100.0	100.0	100.0	100.0	100.0	100.0	100.0	100.0	100.0	100.0	100.0	100.0	100.0	100.0	100.0	100.0	100.0	100.0	100.0	100.0	100.0	100.0	100.0	100.0	100.0	100.0	100.0	100.0	100.0	100.0	100.0	100.0	100.0	100.0	100.0	100.0	100.0	100.0	100.0	100.0	100.0	100.0	100.0	100.0	100.0	100.0	100.0	100.0	100.0	100.0	100.0	100.0	100.0	100.0	100.0	100.0	100.0	100.0	100.0	100.0	100.0	100.0	100.0	100.0	100.0	100.0	100.0	100.0	100.0	100.0	100.0	100.0	100.0	100.0	100.0	100.0	100.0	100.0	100.0	100.0	100.0	100.0	100.0	100.0	100.0	100.0	100.0	100.0	100.0	100.0	100.0	100.0	100.0	100.0	100.0	100.0	100.0	100.0	100.0	100.0	100.0	100.0	100.0	100.0	100.0	100.0	100.0	100.0	100.0	100.0	100.0	100.0	100.0	100.0	100.0	100.0	100.0	100.0	100.0	100.0	100.0	100.0	100.0	100.0	100.0	100.0	100.0	100.0	100.0	100.0	100.0	100.0	100.0	100.0	100.0	100.0	100.0	100.0	100.0	100.0	50.0	100.0	100.0	100.0	100.0	100.0	100.0	100.0	100.0	100.0	100.0	100.0	100.0	100.0	100.0	100.0	100.0	100.0	100.0	100.0	100.0	100.0	100.0	100.0	100.0	100.0	100.0	100.0	100.0	100.0	100.0	100.0	50.0	100.0	100.0	100.0	100.0	100.0	100.0	100.0	100.0	100.0	100.0	100.0	100.0	100.0	100.0	100.0	100.0	100.0	100.0	100.0	100.0	100.0	100.0	100.0	100.0	100.0	100.0	100.0	100.0	100.0	100.0	100.0	100.0	100.0	100.0	100.0	100.0	100.0	100.0	100.0	100.0	100.0	100.0	100.0	100.0	100.0	100.0	100.0	100.0	100.0	100.0	100.0	100.0	100.0	100.0	100.0	100.0	100.0	100.0	100.0	100.0	100.0	100.0	100.0	100.0	100.0	100.0	100.0	100.0	100.0	100.0	100.0	100.0	100.0	100.0	100.0	100.0	100.0	100.0	100.0	100.0	100.0	100.0	100.0	100.0	100.0	100.0	100.0	100.0	100.0	100.0	100.0	100.0	100.0	100.0	100.0	100.0	100.0	100.0	100.0	100.0	100.0	100.0	100.0	100.0	100.0	100.0	100.0	100.0	100.0	100.0	100.0	100.0	100.0	100.0	100.0	100.0	100.0	100.0	100.0	100.0	100.0	100.0	100.0	100.0	100.0	100.0	100.0	100.0	100.0	100.0	100.0	100.0	100.0	100.0	100.0	100.0	100.0	100.0	100.0	100.0	100.0	100.0	100.0	100.0	100.0	100.0	100.0	100.0	100.0	100.0	100.0	100.0	100.0	100.0	100.0	100.0	100.0	100.0	100.0	100.0	100.0	100.0	100.0	100.0	100.0	100.0	100.0	100.0	100.0	100.0	100.0	100.0	100.0	100.0	100.0	100.0	100.0	100.0	100.0	100.0	100.0	100.0	100.0	100.0	100.0	100.0	100.0	100.0	100.0	100.0	100.0	100.0	100.0	100.0	100.0	100.0	100.0	100.0	100.0	100.0	100.0	100.0	100.0	100.0	100.0	100.0	100.0	100.0	100.0	100.0	100.0	100.0	100.0	100.0	100.0	100.0	100.0	100.0	100.0	100.0	100.0	100.0	100.0	100.0	100.0	100.0	100.0	100.0	100.0	100.0	100.0	100.0	100.0	100.0	100.0	100.0	100.0	100.0	100.0	100.0	100.0	100.0	100.0	100.0	100.0	100.0	100.0	100.0	100.0	100.0	100.0	100.0	100.0	100.0	100.0	100.0	100.0	100.0	100.0	100.0	100.0	100.0	100.0	100.0	100.0	100.0	100.0	100.0	100.0	50.0	100.0	100.0	100.0	100.0	100.0	100.0	100.0	100.0	100.0	100.0	100.0	100.0	100.0	100.0	100.0	100.0	100.0	100.0	100.0	100.0	100.0	100.0	100.0	100.0	100.0	100.0	100.0	100.0	100.0	100.0	100.0	100.0	100.0	100.0	100.0	100.0	100.0	100.0	50.0	100.0	100.0
1980	100.0	100.0	100.0	100.0	100.0	100.0	100.0	100.0	100.0	100.0	100.0	100.0	100.0	100.0	100.0	100.0	100.0	88.88888888888889	100.0	100.0	100.0	88.88888888888889	100.0	100.0	100.0	100.0	100.0	100.0	100.0	100.0	100.0	100.0	100.0	100.0	100.0	100.0	100.0	100.0	100.0	100.0	100.0	100.0	100.0	100.0	100.0	100.0	100.0	100.0	100.0	100.0	100.0	100.0	100.0	100.0	100.0	100.0	100.0	100.0	100.0	100.0	100.0	100.0	100.0	100.0	100.0	100.0	100.0	100.0	100.0	100.0	100.0	100.0	100.0	100.0	100.0	100.0	100.0	100.0	100.0	100.0	66.66666666666666	100.0	100.0	100.0	100.0	100.0	100.0	100.0	100.0	100.0	100.0	100.0	100.0	100.0	100.0	100.0	100.0	100.0	100.0	100.0	100.0	100.0	100.0	100.0	100.0	100.0	88.88888888888889	88.88888888888889	100.0	100.0	100.0	100.0	100.0	100.0	100.0	100.0	100.0	100.0	100.0	100.0	100.0	100.0	100.0	100.0	100.0	100.0	100.0	100.0	100.0	100.0	100.0	100.0	100.0	100.0	100.0	100.0	100.0	100.0	100.0	100.0	100.0	100.0	100.0	55.55555555555556	100.0	100.0	100.0	100.0	100.0	100.0	88.88888888888889	100.0	100.0	100.0	100.0	100.0	100.0	100.0	100.0	88.88888888888889	88.88888888888889	100.0	100.0	100.0	100.0	100.0	100.0	100.0	100.0	100.0	100.0	100.0	100.0	88.88888888888889	100.0	88.88888888888889	100.0	100.0	100.0	100.0	100.0	100.0	100.0	100.0	100.0	100.0	100.0	100.0	88.88888888888889	100.0	100.0	100.0	100.0	100.0	100.0	100.0	100.0	100.0	100.0	100.0	100.0	100.0	100.0	100.0	100.0	100.0	100.0	100.0	100.0	100.0	100.0	100.0	100.0	100.0	100.0	100.0	100.0	100.0	100.0	100.0	100.0	100.0	100.0	100.0	100.0	100.0	100.0	100.0	100.0	100.0	100.0	100.0	100.0	100.0	100.0	100.0	100.0	100.0	100.0	100.0	100.0	100.0	100.0	100.0	100.0	100.0	100.0	100.0	100.0	100.0	100.0	100.0	100.0	100.0	100.0	100.0	100.0	100.0	100.0	100.0	100.0	100.0	100.0	100.0	100.0	100.0	100.0	100.0	100.0	100.0	100.0	100.0	100.0	100.0	100.0	100.0	88.88888888888889	100.0	100.0	100.0	100.0	100.0	100.0	77.77777777777779	100.0	100.0	100.0	100.0	100.0	100.0	100.0	100.0	100.0	100.0	100.0	100.0	100.0	100.0	100.0	100.0	100.0	100.0	100.0	100.0	100.0	100.0	100.0	100.0	100.0	100.0	100.0	100.0	100.0	100.0	100.0	100.0	100.0	100.0	100.0	100.0	100.0	100.0	100.0	100.0	100.0	100.0	100.0	100.0	100.0	100.0	100.0	100.0	100.0	100.0	100.0	100.0	100.0	100.0	100.0	100.0	100.0	100.0	100.0	88.88888888888889	100.0	100.0	100.0	100.0	100.0	100.0	100.0	100.0	100.0	100.0	100.0	100.0	100.0	100.0	100.0	100.0	100.0	100.0	88.88888888888889	100.0	100.0	100.0	100.0	100.0	100.0	100.0	100.0	100.0	100.0	100.0	100.0	100.0	100.0	100.0	100.0	100.0	100.0	100.0	100.0	100.0	100.0	100.0	100.0	100.0	100.0	100.0	100.0	100.0	100.0	88.88888888888889	100.0	100.0	100.0	100.0	100.0	100.0	100.0	100.0	100.0	100.0	100.0	100.0	100.0	100.0	100.0	100.0	100.0	100.0	100.0	100.0	100.0	100.0	100.0	100.0	100.0	100.0	100.0	100.0	100.0	100.0	100.0	100.0	100.0	100.0	100.0	100.0	100.0	100.0	100.0	100.0	100.0	100.0	100.0	100.0	100.0	100.0	100.0	100.0	100.0	100.0	100.0	100.0	100.0	100.0	100.0	100.0	100.0	100.0	100.0	100.0	100.0	100.0	100.0	100.0	100.0	100.0	100.0	100.0	100.0	100.0	100.0	100.0	100.0	100.0	100.0	100.0	100.0	100.0	100.0	100.0	100.0	100.0	100.0	100.0	100.0	100.0	100.0	100.0	100.0	100.0	100.0	100.0	100.0	100.0	100.0	100.0	100.0	100.0	100.0	100.0	100.0	100.0	100.0	100.0	100.0	100.0	100.0	100.0	100.0	100.0	100.0	100.0	100.0	100.0	100.0	100.0	100.0	100.0	100.0	100.0	100.0	100.0	100.0	100.0	100.0	100.0	100.0	100.0	100.0	100.0	100.0	100.0	100.0	100.0	100.0	100.0	100.0	100.0	100.0	100.0	100.0	100.0	100.0	100.0	100.0	100.0	100.0	100.0	100.0	100.0	100.0	100.0	100.0	100.0	100.0	100.0	100.0	100.0	100.0	100.0	100.0	100.0	100.0	100.0	100.0	100.0	100.0	100.0	100.0	100.0	100.0	100.0
1981	100.0	100.0	100.0	100.0	100.0	100.0	100.0	100.0	100.0	100.0	100.0	100.0	100.0	100.0	100.0	100.0	100.0	66.66666666666666	100.0	100.0	100.0	100.0	100.0	100.0	100.0	100.0	100.0	100.0	100.0	100.0	100.0	100.0	100.0	100.0	100.0	100.0	100.0	100.0	100.0	100.0	100.0	100.0	100.0	100.0	100.0	100.0	100.0	100.0	100.0	100.0	100.0	100.0	100.0	100.0	100.0	100.0	100.0	100.0	100.0	100.0	100.0	100.0	100.0	100.0	100.0	100.0	100.0	100.0	100.0	100.0	100.0	100.0	100.0	100.0	100.0	100.0	100.0	100.0	100.0	100.0	100.0	100.0	100.0	100.0	100.0	100.0	100.0	100.0	100.0	100.0	100.0	100.0	100.0	100.0	100.0	100.0	100.0	100.0	100.0	100.0	100.0	100.0	100.0	100.0	100.0	100.0	100.0	100.0	100.0	100.0	100.0	100.0	100.0	100.0	100.0	100.0	100.0	100.0	100.0	100.0	100.0	100.0	100.0	100.0	100.0	100.0	100.0	100.0	100.0	100.0	100.0	100.0	100.0	100.0	100.0	100.0	100.0	100.0	100.0	100.0	100.0	100.0	100.0	100.0	100.0	100.0	100.0	100.0	100.0	100.0	66.66666666666666	100.0	100.0	100.0	100.0	100.0	100.0	100.0	100.0	66.66666666666666	66.66666666666666	100.0	100.0	100.0	100.0	100.0	100.0	100.0	100.0	100.0	100.0	100.0	100.0	66.66666666666666	100.0	66.66666666666666	100.0	100.0	100.0	100.0	100.0	100.0	100.0	100.0	100.0	100.0	100.0	100.0	66.66666666666666	100.0	100.0	100.0	100.0	100.0	100.0	100.0	100.0	100.0	100.0	100.0	100.0	100.0	100.0	100.0	100.0	100.0	100.0	100.0	100.0	100.0	100.0	100.0	100.0	100.0	100.0	100.0	100.0	100.0	100.0	100.0	100.0	100.0	100.0	100.0	100.0	100.0	100.0	100.0	100.0	100.0	100.0	100.0	100.0	100.0	100.0	100.0	100.0	100.0	100.0	100.0	100.0	100.0	100.0	100.0	100.0	100.0	100.0	100.0	100.0	100.0	100.0	100.0	100.0	100.0	100.0	100.0	100.0	100.0	100.0	100.0	100.0	100.0	100.0	100.0	100.0	100.0	100.0	100.0	100.0	100.0	100.0	100.0	100.0	100.0	100.0	100.0	100.0	66.66666666666666	100.0	100.0	100.0	100.0	100.0	100.0	100.0	100.0	100.0	100.0	100.0	100.0	100.0	100.0	100.0	100.0	100.0	100.0	100.0	100.0	100.0	100.0	100.0	100.0	100.0	100.0	100.0	100.0	100.0	100.0	100.0	100.0	100.0	100.0	100.0	100.0	100.0	100.0	100.0	100.0	100.0	100.0	100.0	100.0	100.0	100.0	100.0	100.0	100.0	100.0	100.0	100.0	100.0	100.0	100.0	100.0	100.0	100.0	100.0	100.0	100.0	100.0	100.0	100.0	100.0	66.66666666666666	100.0	100.0	100.0	100.0	100.0	100.0	100.0	100.0	100.0	100.0	100.0	100.0	100.0	100.0	100.0	100.0	100.0	100.0	100.0	100.0	100.0	100.0	100.0	100.0	100.0	100.0	100.0	100.0	100.0	100.0	100.0	100.0	100.0	100.0	100.0	100.0	100.0	100.0	100.0	100.0	100.0	100.0	100.0	100.0	100.0	100.0	100.0	100.0	100.0	100.0	100.0	100.0	100.0	100.0	100.0	100.0	100.0	100.0	100.0	100.0	100.0	100.0	100.0	100.0	100.0	100.0	100.0	100.0	100.0	100.0	100.0	100.0	100.0	100.0	100.0	100.0	100.0	100.0	100.0	100.0	100.0	100.0	100.0	100.0	66.66666666666666	100.0	100.0	100.0	100.0	100.0	100.0	100.0	100.0	100.0	100.0	100.0	100.0	100.0	100.0	100.0	100.0	100.0	100.0	100.0	100.0	100.0	100.0	100.0	100.0	100.0	100.0	100.0	100.0	100.0	100.0	100.0	100.0	100.0	100.0	100.0	100.0	100.0	100.0	100.0	100.0	100.0	100.0	100.0	100.0	100.0	100.0	100.0	100.0	100.0	100.0	100.0	100.0	100.0	100.0	100.0	100.0	100.0	100.0	100.0	100.0	100.0	100.0	100.0	100.0	100.0	100.0	100.0	100.0	100.0	100.0	100.0	100.0	100.0	100.0	100.0	100.0	100.0	100.0	100.0	100.0	100.0	100.0	100.0	66.66666666666666	100.0	100.0	100.0	100.0	100.0	100.0	100.0	100.0	100.0	100.0	100.0	100.0	100.0	100.0	100.0	100.0	100.0	100.0	100.0	100.0	100.0	100.0	100.0	100.0	100.0	100.0	100.0	100.0	100.0	100.0	100.0	100.0	100.0	100.0	100.0	100.0	100.0	100.0	100.0	100.0	100.0	100.0	100.0	100.0	100.0	100.0	100.0	100.0	100.0	100.0	100.0	100.0	100.0
1982	100.0	100.0	100.0	100.0	100.0	100.0	100.0	100.0	100.0	100.0	100.0	100.0	100.0	100.0	100.0	100.0	100.0	100.0	100.0	100.0	100.0	100.0	100.0	100.0	100.0	100.0	100.0	100.0	100.0	100.0	100.0	100.0	100.0	100.0	100.0	100.0	100.0	100.0	100.0	100.0	100.0	100.0	100.0	100.0	100.0	100.0	100.0	100.0	100.0	100.0	100.0	100.0	100.0	100.0	100.0	100.0	100.0	100.0	100.0	100.0	100.0	100.0	100.0	100.0	100.0	100.0	100.0	100.0	100.0	100.0	100.0	100.0	100.0	100.0	100.0	100.0	100.0	90.9090909090909	100.0	100.0	100.0	100.0	100.0	100.0	100.0	100.0	100.0	100.0	100.0	100.0	100.0	100.0	100.0	100.0	100.0	100.0	100.0	100.0	100.0	100.0	100.0	100.0	100.0	100.0	100.0	100.0	100.0	100.0	100.0	100.0	100.0	100.0	100.0	100.0	100.0	100.0	100.0	100.0	100.0	100.0	100.0	100.0	100.0	100.0	100.0	100.0	100.0	100.0	100.0	100.0	100.0	100.0	100.0	100.0	100.0	100.0	100.0	100.0	100.0	100.0	100.0	100.0	100.0	100.0	100.0	100.0	100.0	100.0	100.0	100.0	100.0	100.0	100.0	100.0	100.0	100.0	100.0	100.0	100.0	100.0	90.9090909090909	100.0	100.0	100.0	100.0	100.0	100.0	100.0	100.0	100.0	100.0	100.0	100.0	100.0	100.0	100.0	100.0	100.0	100.0	100.0	100.0	100.0	100.0	100.0	100.0	100.0	100.0	100.0	100.0	100.0	100.0	100.0	100.0	100.0	100.0	100.0	100.0	100.0	100.0	100.0	100.0	100.0	100.0	100.0	100.0	100.0	100.0	100.0	100.0	100.0	100.0	100.0	100.0	100.0	100.0	100.0	100.0	100.0	100.0	100.0	100.0	100.0	100.0	100.0	100.0	100.0	100.0	100.0	100.0	100.0	100.0	100.0	100.0	100.0	100.0	100.0	100.0	100.0	100.0	100.0	100.0	100.0	100.0	100.0	100.0	100.0	100.0	100.0	100.0	100.0	100.0	100.0	100.0	100.0	100.0	100.0	100.0	100.0	100.0	100.0	100.0	100.0	100.0	100.0	100.0	100.0	100.0	100.0	100.0	100.0	100.0	100.0	100.0	100.0	100.0	100.0	100.0	100.0	100.0	100.0	100.0	100.0	100.0	100.0	100.0	100.0	100.0	100.0	90.9090909090909	100.0	100.0	100.0	100.0	100.0	100.0	100.0	100.0	100.0	100.0	100.0	100.0	100.0	100.0	100.0	100.0	100.0	100.0	100.0	100.0	100.0	100.0	100.0	100.0	100.0	100.0	100.0	100.0	100.0	100.0	100.0	100.0	100.0	100.0	100.0	100.0	100.0	100.0	100.0	100.0	100.0	100.0	100.0	100.0	100.0	100.0	100.0	100.0	100.0	100.0	100.0	100.0	100.0	100.0	90.9090909090909	100.0	100.0	100.0	100.0	100.0	100.0	100.0	100.0	100.0	100.0	100.0	100.0	100.0	100.0	100.0	100.0	100.0	100.0	100.0	100.0	100.0	100.0	100.0	100.0	100.0	100.0	100.0	100.0	100.0	100.0	100.0	100.0	100.0	100.0	100.0	100.0	100.0	100.0	100.0	100.0	100.0	100.0	100.0	100.0	100.0	100.0	100.0	100.0	100.0	100.0	100.0	100.0	100.0	100.0	100.0	100.0	100.0	100.0	100.0	100.0	100.0	100.0	100.0	100.0	100.0	90.9090909090909	100.0	100.0	100.0	100.0	100.0	100.0	100.0	100.0	100.0	100.0	100.0	100.0	100.0	100.0	100.0	100.0	100.0	100.0	81.81818181818183	100.0	100.0	100.0	100.0	100.0	100.0	100.0	100.0	100.0	100.0	100.0	100.0	100.0	100.0	100.0	100.0	100.0	100.0	100.0	100.0	100.0	100.0	100.0	100.0	100.0	100.0	100.0	100.0	100.0	100.0	100.0	100.0	100.0	100.0	100.0	100.0	100.0	100.0	100.0	100.0	100.0	100.0	100.0	100.0	100.0	100.0	100.0	100.0	100.0	100.0	100.0	100.0	100.0	100.0	100.0	100.0	100.0	100.0	100.0	100.0	100.0	100.0	100.0	100.0	100.0	100.0	100.0	100.0	100.0	100.0	100.0	100.0	100.0	100.0	100.0	90.9090909090909	100.0	100.0	100.0	100.0	100.0	100.0	100.0	90.9090909090909	100.0	100.0	100.0	100.0	100.0	100.0	100.0	100.0	100.0	100.0	100.0	100.0	100.0	100.0	100.0	100.0	100.0	100.0	100.0	100.0	100.0	100.0	100.0	100.0	100.0	100.0	100.0	100.0	100.0	100.0	100.0	100.0	100.0	100.0	100.0	100.0	100.0	100.0	100.0	100.0	100.0	100.0	100.0	100.0	100.0	100.0	100.0	100.0	100.0	100.0	100.0	100.0	100.0
1983	100.0	100.0	100.0	100.0	100.0	100.0	100.0	100.0	100.0	100.0	100.0	100.0	83.33333333333334	100.0	100.0	100.0	100.0	100.0	100.0	100.0	100.0	100.0	100.0	100.0	100.0	100.0	100.0	100.0	100.0	100.0	100.0	100.0	100.0	100.0	100.0	100.0	100.0	100.0	100.0	100.0	100.0	100.0	100.0	100.0	100.0	100.0	100.0	100.0	66.66666666666666	100.0	100.0	100.0	100.0	100.0	100.0	100.0	100.0	100.0	100.0	100.0	100.0	100.0	100.0	100.0	100.0	100.0	100.0	100.0	100.0	100.0	100.0	100.0	100.0	100.0	100.0	100.0	100.0	100.0	83.33333333333334	100.0	83.33333333333334	100.0	100.0	100.0	100.0	100.0	100.0	100.0	100.0	100.0	100.0	100.0	100.0	100.0	100.0	100.0	100.0	100.0	100.0	100.0	100.0	100.0	100.0	100.0	100.0	100.0	100.0	100.0	100.0	100.0	100.0	83.33333333333334	100.0	100.0	100.0	100.0	100.0	100.0	100.0	100.0	100.0	100.0	100.0	100.0	100.0	100.0	100.0	100.0	100.0	100.0	100.0	100.0	100.0	100.0	100.0	100.0	100.0	100.0	100.0	66.66666666666666	100.0	100.0	100.0	83.33333333333334	100.0	100.0	100.0	100.0	100.0	100.0	100.0	100.0	100.0	100.0	100.0	100.0	100.0	100.0	100.0	100.0	100.0	100.0	100.0	100.0	100.0	100.0	100.0	100.0	100.0	100.0	100.0	100.0	100.0	100.0	100.0	100.0	100.0	100.0	100.0	100.0	100.0	100.0	100.0	100.0	100.0	100.0	100.0	100.0	100.0	100.0	100.0	100.0	100.0	100.0	100.0	100.0	100.0	100.0	100.0	100.0	100.0	100.0	100.0	100.0	100.0	100.0	100.0	100.0	100.0	100.0	100.0	100.0	100.0	100.0	100.0	100.0	100.0	100.0	100.0	100.0	100.0	100.0	100.0	100.0	100.0	100.0	100.0	100.0	100.0	100.0	100.0	100.0	100.0	100.0	100.0	100.0	100.0	100.0	83.33333333333334	100.0	100.0	100.0	100.0	100.0	100.0	100.0	100.0	100.0	100.0	100.0	100.0	100.0	100.0	100.0	100.0	100.0	100.0	100.0	100.0	100.0	100.0	100.0	100.0	100.0	100.0	100.0	100.0	100.0	100.0	100.0	100.0	100.0	100.0	100.0	100.0	100.0	100.0	100.0	100.0	100.0	100.0	100.0	100.0	100.0	100.0	100.0	100.0	100.0	83.33333333333334	100.0	100.0	100.0	100.0	100.0	100.0	100.0	100.0	100.0	100.0	100.0	100.0	100.0	100.0	100.0	100.0	100.0	100.0	100.0	100.0	100.0	100.0	100.0	100.0	100.0	100.0	100.0	100.0	100.0	100.0	100.0	100.0	100.0	100.0	100.0	100.0	100.0	100.0	100.0	100.0	100.0	100.0	100.0	100.0	100.0	100.0	100.0	100.0	100.0	100.0	100.0	100.0	100.0	100.0	100.0	100.0	100.0	100.0	100.0	100.0	100.0	100.0	100.0	100.0	100.0	100.0	100.0	100.0	100.0	100.0	100.0	100.0	100.0	100.0	100.0	100.0	100.0	100.0	100.0	100.0	100.0	100.0	100.0	100.0	100.0	100.0	100.0	100.0	100.0	100.0	100.0	100.0	100.0	100.0	100.0	100.0	100.0	100.0	100.0	100.0	100.0	100.0	100.0	100.0	100.0	100.0	100.0	100.0	100.0	100.0	100.0	100.0	100.0	100.0	100.0	100.0	100.0	100.0	100.0	100.0	100.0	100.0	100.0	100.0	100.0	100.0	100.0	100.0	100.0	100.0	100.0	100.0	100.0	100.0	100.0	100.0	100.0	100.0	100.0	100.0	100.0	100.0	100.0	100.0	100.0	100.0	100.0	100.0	100.0	100.0	100.0	100.0	100.0	100.0	100.0	100.0	100.0	100.0	100.0	100.0	100.0	100.0	100.0	100.0	100.0	100.0	100.0	100.0	100.0	100.0	100.0	100.0	100.0	100.0	100.0	100.0	100.0	100.0	100.0	100.0	100.0	100.0	100.0	100.0	100.0	100.0	100.0	100.0	100.0	100.0	100.0	100.0	100.0	100.0	100.0	100.0	100.0	100.0	100.0	100.0	100.0	100.0	83.33333333333334	100.0	100.0	100.0	100.0	100.0	100.0	100.0	100.0	100.0	100.0	100.0	100.0	100.0	100.0	100.0	100.0	100.0	100.0	100.0	100.0	100.0	100.0	100.0	100.0	100.0	100.0	100.0	100.0	100.0	100.0	100.0	100.0	100.0	100.0	100.0	100.0	100.0	100.0	100.0	100.0	100.0	100.0	100.0	100.0	100.0	100.0	100.0	100.0	100.0	100.0	100.0	100.0	100.0	100.0	100.0	100.0	100.0	100.0	100.0	100.0	100.0	100.0	100.0	100.0	100.0	100.0	100.0	100.0	100.0	100.0	100.0	100.0	100.0	100.0
1984	100.0	100.0	100.0	100.0	100.0	100.0	100.0	100.0	100.0	100.0	100.0	100.0	100.0	100.0	100.0	100.0	100.0	100.0	100.0	100.0	100.0	100.0	100.0	100.0	100.0	100.0	100.0	100.0	100.0	100.0	100.0	100.0	100.0	100.0	100.0	100.0	100.0	100.0	100.0	100.0	100.0	100.0	100.0	100.0	100.0	100.0	100.0	100.0	100.0	100.0	100.0	100.0	100.0	100.0	100.0	100.0	100.0	100.0	100.0	100.0	100.0	100.0	100.0	100.0	100.0	100.0	100.0	100.0	100.0	100.0	100.0	100.0	100.0	100.0	100.0	100.0	100.0	100.0	100.0	100.0	75.0	100.0	100.0	100.0	100.0	100.0	100.0	100.0	100.0	100.0	100.0	100.0	100.0	50.0	100.0	100.0	100.0	100.0	100.0	100.0	100.0	100.0	100.0	100.0	100.0	100.0	100.0	100.0	100.0	100.0	50.0	75.0	100.0	100.0	100.0	100.0	100.0	100.0	100.0	100.0	100.0	100.0	100.0	100.0	100.0	100.0	100.0	100.0	100.0	100.0	100.0	100.0	100.0	100.0	100.0	100.0	100.0	100.0	100.0	100.0	100.0	100.0	100.0	75.0	100.0	100.0	100.0	100.0	100.0	100.0	100.0	100.0	100.0	100.0	100.0	100.0	100.0	100.0	100.0	100.0	100.0	100.0	100.0	100.0	100.0	100.0	100.0	100.0	100.0	100.0	100.0	100.0	100.0	100.0	100.0	100.0	100.0	100.0	100.0	100.0	100.0	100.0	100.0	100.0	100.0	100.0	100.0	100.0	100.0	100.0	100.0	100.0	100.0	100.0	100.0	100.0	100.0	100.0	100.0	100.0	100.0	100.0	100.0	100.0	100.0	100.0	100.0	100.0	100.0	100.0	100.0	100.0	100.0	100.0	100.0	100.0	100.0	100.0	100.0	100.0	100.0	100.0	100.0	100.0	100.0	100.0	100.0	100.0	100.0	100.0	100.0	100.0	100.0	100.0	100.0	100.0	100.0	100.0	100.0	100.0	100.0	100.0	100.0	100.0	100.0	100.0	100.0	100.0	100.0	100.0	100.0	100.0	100.0	100.0	50.0	100.0	100.0	100.0	100.0	100.0	100.0	100.0	100.0	100.0	100.0	100.0	100.0	100.0	100.0	100.0	100.0	100.0	100.0	100.0	100.0	100.0	100.0	100.0	100.0	100.0	100.0	100.0	100.0	100.0	100.0	100.0	100.0	100.0	100.0	100.0	100.0	100.0	100.0	100.0	100.0	100.0	100.0	100.0	100.0	100.0	100.0	100.0	100.0	100.0	100.0	100.0	100.0	100.0	100.0	100.0	100.0	100.0	100.0	100.0	100.0	100.0	100.0	100.0	100.0	100.0	100.0	100.0	100.0	100.0	75.0	100.0	100.0	100.0	100.0	100.0	100.0	100.0	100.0	100.0	100.0	100.0	100.0	100.0	100.0	100.0	100.0	100.0	100.0	100.0	100.0	100.0	100.0	100.0	100.0	100.0	100.0	100.0	100.0	100.0	100.0	100.0	100.0	100.0	100.0	100.0	100.0	100.0	75.0	100.0	100.0	100.0	100.0	100.0	100.0	100.0	100.0	100.0	100.0	100.0	100.0	100.0	100.0	100.0	100.0	100.0	100.0	100.0	100.0	100.0	100.0	100.0	100.0	100.0	100.0	100.0	100.0	100.0	100.0	100.0	100.0	100.0	100.0	100.0	100.0	100.0	100.0	100.0	100.0	100.0	100.0	100.0	100.0	100.0	100.0	100.0	100.0	100.0	100.0	100.0	100.0	100.0	100.0	100.0	100.0	100.0	100.0	50.0	100.0	100.0	100.0	100.0	100.0	100.0	100.0	100.0	100.0	100.0	100.0	100.0	100.0	100.0	100.0	100.0	100.0	100.0	100.0	100.0	100.0	100.0	100.0	100.0	100.0	100.0	100.0	100.0	100.0	100.0	100.0	100.0	100.0	100.0	100.0	100.0	100.0	100.0	100.0	100.0	100.0	100.0	100.0	100.0	100.0	100.0	100.0	100.0	100.0	100.0	100.0	100.0	100.0	100.0	100.0	100.0	100.0	100.0	100.0	100.0	100.0	100.0	100.0	100.0	100.0	100.0	100.0	100.0	100.0	100.0	100.0	100.0	100.0	100.0	100.0	100.0	100.0	100.0	100.0	100.0	100.0	100.0	100.0	100.0	100.0	100.0	100.0	100.0	100.0	100.0	100.0	100.0	100.0	100.0	100.0	100.0	100.0	100.0	50.0	100.0	100.0	100.0	100.0	100.0	100.0	100.0	100.0	100.0	100.0	100.0	100.0	100.0	100.0	100.0	100.0	100.0	100.0	100.0	100.0	100.0	100.0	100.0	100.0	100.0	100.0	100.0	100.0	100.0	100.0	100.0	100.0	100.0	100.0	100.0	100.0	100.0	100.0	100.0	100.0	100.0	100.0	100.0	100.0	100.0
1985	100.0	100.0	100.0	100.0	100.0	100.0	100.0	100.0	100.0	100.0	100.0	100.0	100.0	100.0	100.0	100.0	100.0	92.3076923076923	100.0	100.0	100.0	100.0	100.0	100.0	100.0	100.0	100.0	100.0	100.0	100.0	92.3076923076923	100.0	100.0	100.0	100.0	100.0	100.0	100.0	100.0	100.0	100.0	100.0	100.0	100.0	100.0	100.0	92.3076923076923	100.0	100.0	100.0	100.0	100.0	100.0	100.0	100.0	100.0	100.0	100.0	100.0	92.3076923076923	100.0	100.0	100.0	100.0	100.0	100.0	100.0	100.0	100.0	100.0	100.0	100.0	100.0	100.0	100.0	100.0	100.0	84.61538461538461	100.0	100.0	61.53846153846154	100.0	100.0	100.0	100.0	100.0	100.0	100.0	100.0	100.0	100.0	100.0	100.0	100.0	100.0	100.0	100.0	100.0	100.0	100.0	100.0	100.0	100.0	100.0	100.0	100.0	100.0	100.0	100.0	100.0	100.0	100.0	100.0	100.0	100.0	100.0	100.0	100.0	100.0	100.0	100.0	92.3076923076923	100.0	100.0	100.0	100.0	100.0	100.0	100.0	100.0	100.0	100.0	100.0	100.0	100.0	100.0	100.0	100.0	100.0	100.0	100.0	100.0	100.0	61.53846153846154	100.0	100.0	100.0	100.0	100.0	100.0	92.3076923076923	100.0	100.0	100.0	100.0	100.0	100.0	100.0	100.0	92.3076923076923	84.61538461538461	100.0	100.0	100.0	100.0	100.0	100.0	100.0	100.0	100.0	100.0	100.0	100.0	92.3076923076923	100.0	100.0	100.0	100.0	100.0	100.0	100.0	100.0	100.0	100.0	100.0	100.0	100.0	100.0	92.3076923076923	100.0	100.0	100.0	100.0	100.0	100.0	100.0	100.0	100.0	100.0	100.0	100.0	100.0	100.0	100.0	100.0	100.0	100.0	100.0	100.0	100.0	100.0	100.0	100.0	100.0	100.0	100.0	100.0	100.0	100.0	100.0	92.3076923076923	100.0	100.0	100.0	100.0	100.0	100.0	100.0	100.0	100.0	100.0	100.0	100.0	100.0	100.0	100.0	100.0	100.0	100.0	100.0	100.0	100.0	100.0	100.0	100.0	100.0	100.0	100.0	100.0	100.0	100.0	100.0	100.0	100.0	100.0	100.0	100.0	100.0	100.0	92.3076923076923	100.0	100.0	100.0	100.0	100.0	100.0	100.0	100.0	100.0	100.0	100.0	100.0	100.0	100.0	100.0	100.0	100.0	100.0	100.0	100.0	100.0	100.0	100.0	100.0	100.0	100.0	100.0	100.0	100.0	100.0	100.0	100.0	100.0	100.0	100.0	100.0	100.0	100.0	100.0	100.0	100.0	100.0	100.0	100.0	100.0	100.0	100.0	100.0	100.0	100.0	100.0	100.0	100.0	100.0	100.0	100.0	100.0	100.0	100.0	100.0	100.0	100.0	100.0	100.0	100.0	100.0	100.0	100.0	100.0	100.0	100.0	100.0	100.0	100.0	100.0	100.0	100.0	100.0	100.0	100.0	100.0	100.0	100.0	92.3076923076923	100.0	100.0	100.0	100.0	100.0	100.0	100.0	100.0	100.0	100.0	100.0	100.0	100.0	100.0	100.0	100.0	100.0	100.0	100.0	100.0	100.0	100.0	100.0	100.0	100.0	100.0	100.0	100.0	100.0	100.0	100.0	100.0	100.0	100.0	100.0	100.0	100.0	100.0	100.0	100.0	100.0	100.0	100.0	100.0	100.0	100.0	100.0	100.0	100.0	92.3076923076923	100.0	100.0	100.0	100.0	100.0	100.0	100.0	100.0	100.0	100.0	100.0	100.0	100.0	100.0	100.0	100.0	100.0	100.0	100.0	100.0	100.0	100.0	100.0	100.0	100.0	100.0	100.0	100.0	100.0	100.0	100.0	100.0	100.0	100.0	100.0	100.0	100.0	100.0	100.0	100.0	100.0	100.0	100.0	100.0	100.0	100.0	100.0	100.0	100.0	100.0	100.0	100.0	100.0	100.0	100.0	100.0	100.0	100.0	100.0	100.0	100.0	100.0	100.0	100.0	100.0	100.0	100.0	100.0	100.0	100.0	100.0	100.0	100.0	100.0	100.0	100.0	100.0	100.0	100.0	100.0	100.0	100.0	100.0	100.0	100.0	100.0	100.0	100.0	100.0	100.0	100.0	100.0	100.0	100.0	100.0	100.0	100.0	92.3076923076923	100.0	100.0	100.0	100.0	100.0	100.0	100.0	100.0	100.0	100.0	100.0	100.0	100.0	100.0	100.0	100.0	100.0	100.0	100.0	100.0	100.0	100.0	100.0	100.0	100.0	100.0	100.0	100.0	100.0	100.0	100.0	100.0	92.3076923076923	100.0	100.0	100.0	100.0	100.0	100.0	100.0	100.0	100.0	100.0	100.0	100.0	100.0	100.0	100.0	100.0	100.0	100.0	100.0	100.0	100.0	100.0	100.0	100.0	100.0	100.0	100.0	100.0	100.0	100.0	100.0	100.0	100.0	100.0	100.0	100.0	100.0	100.0	100.0	100.0	100.0
1986	100.0	100.0	100.0	100.0	100.0	100.0	100.0	100.0	100.0	100.0	100.0	100.0	100.0	100.0	100.0	100.0	100.0	87.5	100.0	100.0	100.0	100.0	100.0	100.0	100.0	100.0	100.0	100.0	100.0	100.0	75.0	100.0	100.0	100.0	100.0	100.0	100.0	100.0	100.0	100.0	100.0	100.0	100.0	100.0	100.0	100.0	100.0	100.0	100.0	100.0	100.0	100.0	100.0	100.0	100.0	100.0	100.0	100.0	100.0	100.0	100.0	100.0	100.0	100.0	100.0	100.0	100.0	100.0	100.0	100.0	100.0	100.0	100.0	100.0	100.0	100.0	100.0	100.0	100.0	100.0	100.0	100.0	100.0	100.0	100.0	100.0	100.0	100.0	100.0	100.0	100.0	100.0	100.0	100.0	100.0	100.0	100.0	100.0	100.0	100.0	100.0	100.0	100.0	100.0	100.0	100.0	100.0	100.0	100.0	100.0	100.0	87.5	100.0	100.0	100.0	100.0	100.0	100.0	100.0	100.0	100.0	100.0	100.0	100.0	100.0	100.0	100.0	100.0	100.0	100.0	100.0	100.0	100.0	100.0	100.0	100.0	100.0	100.0	100.0	100.0	100.0	100.0	100.0	100.0	100.0	100.0	100.0	100.0	100.0	100.0	87.5	100.0	100.0	100.0	100.0	100.0	100.0	100.0	100.0	87.5	87.5	100.0	100.0	100.0	100.0	100.0	100.0	100.0	100.0	100.0	100.0	100.0	100.0	87.5	100.0	87.5	100.0	100.0	100.0	100.0	100.0	100.0	100.0	100.0	100.0	100.0	100.0	100.0	87.5	100.0	100.0	100.0	100.0	100.0	100.0	100.0	100.0	100.0	100.0	100.0	87.5	87.5	87.5	87.5	87.5	87.5	87.5	87.5	87.5	87.5	87.5	87.5	87.5	87.5	87.5	87.5	87.5	87.5	87.5	87.5	87.5	87.5	87.5	87.5	87.5	87.5	87.5	87.5	87.5	87.5	87.5	87.5	87.5	87.5	87.5	87.5	87.5	87.5	87.5	87.5	87.5	87.5	87.5	87.5	87.5	87.5	87.5	87.5	87.5	87.5	87.5	87.5	87.5	87.5	87.5	87.5	87.5	87.5	87.5	87.5	87.5	87.5	87.5	87.5	100.0	100.0	100.0	100.0	100.0	100.0	100.0	100.0	100.0	100.0	100.0	100.0	100.0	87.5	100.0	100.0	100.0	100.0	100.0	100.0	100.0	100.0	100.0	100.0	100.0	100.0	100.0	100.0	100.0	100.0	87.5	100.0	100.0	100.0	100.0	100.0	100.0	100.0	100.0	100.0	100.0	100.0	100.0	100.0	100.0	100.0	100.0	100.0	100.0	87.5	100.0	100.0	100.0	100.0	100.0	100.0	100.0	100.0	100.0	100.0	100.0	100.0	100.0	87.5	100.0	100.0	100.0	100.0	100.0	100.0	100.0	100.0	100.0	100.0	100.0	100.0	100.0	100.0	100.0	87.5	100.0	100.0	100.0	100.0	100.0	100.0	87.5	100.0	100.0	100.0	100.0	100.0	100.0	100.0	100.0	100.0	100.0	100.0	100.0	100.0	100.0	100.0	100.0	100.0	100.0	100.0	100.0	100.0	100.0	100.0	100.0	100.0	100.0	100.0	100.0	100.0	100.0	100.0	100.0	100.0	100.0	100.0	100.0	100.0	100.0	100.0	100.0	100.0	100.0	100.0	100.0	100.0	100.0	100.0	100.0	100.0	100.0	100.0	100.0	100.0	100.0	100.0	100.0	100.0	100.0	100.0	100.0	100.0	100.0	100.0	100.0	100.0	100.0	100.0	100.0	100.0	100.0	100.0	100.0	100.0	100.0	100.0	100.0	100.0	100.0	100.0	100.0	100.0	100.0	100.0	100.0	100.0	100.0	100.0	100.0	100.0	100.0	100.0	100.0	100.0	100.0	100.0	100.0	100.0	100.0	100.0	100.0	100.0	100.0	100.0	100.0	100.0	100.0	100.0	100.0	100.0	100.0	100.0	100.0	100.0	100.0	100.0	100.0	100.0	100.0	100.0	100.0	100.0	100.0	100.0	100.0	100.0	100.0	100.0	100.0	100.0	100.0	100.0	100.0	100.0	100.0	100.0	100.0	100.0	100.0	100.0	100.0	100.0	100.0	100.0	100.0	100.0	100.0	100.0	100.0	100.0	100.0	100.0	100.0	100.0	100.0	100.0	100.0	100.0	100.0	100.0	100.0	100.0	100.0	100.0	100.0	100.0	100.0	100.0	100.0	100.0	100.0	100.0	100.0	100.0	100.0	100.0	100.0	100.0	100.0	100.0	87.5	100.0	100.0	100.0	100.0	100.0	100.0	100.0	100.0	100.0	100.0	100.0	100.0	100.0	100.0	100.0	100.0	100.0	100.0	100.0	100.0	100.0	100.0	100.0	100.0	100.0	100.0	100.0	100.0	100.0	100.0	100.0	100.0	100.0	100.0	100.0
1987	100.0	100.0	100.0	100.0	100.0	100.0	100.0	100.0	100.0	100.0	100.0	100.0	100.0	100.0	100.0	80.0	100.0	100.0	100.0	100.0	100.0	100.0	100.0	100.0	100.0	100.0	100.0	100.0	100.0	100.0	100.0	100.0	100.0	100.0	100.0	100.0	100.0	100.0	100.0	100.0	100.0	100.0	100.0	100.0	100.0	100.0	100.0	100.0	80.0	100.0	100.0	100.0	100.0	100.0	100.0	100.0	100.0	100.0	100.0	100.0	100.0	100.0	100.0	100.0	100.0	100.0	100.0	100.0	100.0	100.0	100.0	100.0	100.0	100.0	100.0	100.0	100.0	100.0	100.0	100.0	100.0	100.0	100.0	100.0	100.0	100.0	100.0	100.0	100.0	100.0	100.0	100.0	100.0	100.0	100.0	100.0	100.0	100.0	100.0	100.0	100.0	100.0	100.0	100.0	100.0	100.0	100.0	100.0	100.0	100.0	100.0	80.0	100.0	100.0	100.0	100.0	100.0	100.0	80.0	100.0	100.0	100.0	100.0	100.0	100.0	100.0	100.0	100.0	100.0	100.0	100.0	100.0	100.0	100.0	100.0	100.0	100.0	100.0	100.0	60.0	100.0	100.0	100.0	100.0	100.0	100.0	100.0	100.0	100.0	100.0	100.0	100.0	100.0	100.0	100.0	100.0	100.0	100.0	100.0	100.0	100.0	100.0	100.0	100.0	100.0	100.0	100.0	100.0	100.0	100.0	100.0	100.0	100.0	100.0	100.0	100.0	100.0	100.0	100.0	100.0	100.0	100.0	100.0	100.0	100.0	100.0	100.0	100.0	100.0	100.0	60.0	100.0	100.0	100.0	100.0	100.0	100.0	60.0	100.0	100.0	100.0	100.0	100.0	100.0	100.0	100.0	100.0	100.0	100.0	100.0	100.0	100.0	100.0	100.0	100.0	100.0	100.0	100.0	100.0	100.0	100.0	100.0	100.0	100.0	100.0	100.0	100.0	100.0	100.0	100.0	100.0	100.0	100.0	100.0	100.0	100.0	100.0	100.0	80.0	100.0	100.0	100.0	100.0	100.0	100.0	100.0	100.0	100.0	100.0	100.0	100.0	100.0	100.0	100.0	100.0	100.0	100.0	100.0	100.0	100.0	100.0	100.0	100.0	100.0	100.0	100.0	100.0	100.0	100.0	100.0	100.0	100.0	100.0	100.0	100.0	100.0	100.0	100.0	100.0	100.0	100.0	100.0	100.0	100.0	100.0	100.0	100.0	80.0	100.0	100.0	100.0	100.0	100.0	100.0	100.0	100.0	100.0	100.0	100.0	100.0	100.0	100.0	100.0	100.0	100.0	100.0	100.0	100.0	100.0	100.0	100.0	100.0	100.0	100.0	100.0	100.0	100.0	100.0	100.0	100.0	100.0	100.0	100.0	100.0	100.0	100.0	100.0	100.0	100.0	100.0	100.0	100.0	100.0	100.0	100.0	100.0	100.0	100.0	100.0	100.0	100.0	100.0	100.0	100.0	100.0	100.0	100.0	100.0	100.0	100.0	100.0	100.0	100.0	100.0	100.0	100.0	100.0	100.0	100.0	100.0	100.0	100.0	100.0	100.0	100.0	100.0	100.0	100.0	100.0	100.0	100.0	100.0	100.0	100.0	100.0	100.0	100.0	100.0	100.0	100.0	100.0	100.0	100.0	100.0	100.0	100.0	100.0	100.0	100.0	100.0	80.0	100.0	100.0	100.0	100.0	100.0	100.0	100.0	100.0	100.0	100.0	100.0	100.0	100.0	100.0	100.0	100.0	100.0	100.0	100.0	100.0	100.0	100.0	100.0	100.0	100.0	100.0	100.0	100.0	100.0	100.0	100.0	100.0	100.0	100.0	100.0	100.0	100.0	100.0	100.0	100.0	100.0	100.0	100.0	100.0	100.0	100.0	100.0	100.0	100.0	100.0	100.0	100.0	100.0	100.0	100.0	100.0	100.0	100.0	100.0	100.0	100.0	100.0	100.0	100.0	100.0	100.0	100.0	100.0	100.0	100.0	100.0	100.0	100.0	100.0	100.0	100.0	100.0	100.0	100.0	100.0	100.0	100.0	100.0	100.0	100.0	100.0	100.0	100.0	100.0	100.0	100.0	100.0	100.0	100.0	100.0	100.0	100.0	100.0	100.0	100.0	100.0	100.0	100.0	100.0	100.0	100.0	100.0	100.0	100.0	100.0	100.0	100.0	100.0	100.0	100.0	100.0	100.0	100.0	100.0	100.0	100.0	100.0	100.0	100.0	100.0	100.0	100.0	100.0	100.0	100.0	100.0	100.0	100.0	100.0	100.0	100.0	100.0	100.0	100.0	100.0	100.0	100.0	100.0	100.0	100.0	100.0	100.0	100.0	100.0	100.0	100.0	100.0	100.0	100.0	100.0	100.0	100.0	100.0	100.0	100.0	100.0	100.0	100.0	100.0	100.0	100.0	100.0	100.0	100.0	100.0	100.0	100.0	100.0	100.0	100.0
1988	100.0	100.0	100.0	92.3076923076923	100.0	100.0	100.0	100.0	100.0	100.0	100.0	100.0	100.0	100.0	100.0	100.0	100.0	100.0	100.0	100.0	100.0	100.0	100.0	100.0	100.0	100.0	100.0	100.0	100.0	100.0	100.0	100.0	100.0	100.0	92.3076923076923	100.0	100.0	100.0	100.0	100.0	100.0	100.0	100.0	100.0	100.0	100.0	100.0	100.0	100.0	100.0	100.0	100.0	100.0	100.0	100.0	100.0	100.0	100.0	100.0	100.0	100.0	100.0	100.0	100.0	100.0	100.0	100.0	100.0	100.0	100.0	100.0	100.0	100.0	100.0	100.0	100.0	100.0	100.0	100.0	100.0	100.0	100.0	100.0	100.0	100.0	100.0	100.0	100.0	100.0	100.0	100.0	100.0	100.0	100.0	100.0	100.0	100.0	100.0	100.0	100.0	100.0	100.0	100.0	100.0	100.0	100.0	100.0	100.0	100.0	100.0	100.0	100.0	100.0	100.0	100.0	100.0	100.0	100.0	100.0	100.0	100.0	100.0	100.0	100.0	100.0	100.0	100.0	100.0	100.0	100.0	100.0	100.0	100.0	100.0	100.0	100.0	100.0	100.0	100.0	100.0	100.0	100.0	100.0	100.0	100.0	100.0	100.0	100.0	100.0	100.0	100.0	100.0	100.0	100.0	100.0	100.0	100.0	100.0	92.3076923076923	100.0	100.0	92.3076923076923	100.0	100.0	100.0	100.0	100.0	100.0	100.0	100.0	100.0	100.0	100.0	100.0	100.0	100.0	100.0	100.0	100.0	100.0	100.0	100.0	100.0	100.0	100.0	100.0	100.0	100.0	100.0	100.0	76.92307692307693	100.0	100.0	100.0	100.0	100.0	100.0	76.92307692307693	100.0	100.0	100.0	100.0	100.0	100.0	100.0	100.0	100.0	100.0	100.0	100.0	100.0	100.0	100.0	100.0	100.0	100.0	100.0	100.0	100.0	100.0	100.0	100.0	100.0	100.0	100.0	100.0	100.0	100.0	100.0	100.0	100.0	100.0	100.0	100.0	100.0	100.0	100.0	92.3076923076923	100.0	100.0	100.0	100.0	100.0	100.0	100.0	100.0	100.0	100.0	100.0	100.0	100.0	100.0	100.0	100.0	100.0	100.0	100.0	100.0	100.0	100.0	100.0	100.0	100.0	100.0	100.0	100.0	100.0	100.0	100.0	100.0	100.0	100.0	100.0	100.0	100.0	100.0	100.0	100.0	100.0	100.0	100.0	100.0	100.0	100.0	100.0	100.0	100.0	100.0	100.0	100.0	100.0	100.0	100.0	100.0	100.0	100.0	100.0	100.0	100.0	100.0	100.0	100.0	100.0	100.0	100.0	100.0	100.0	100.0	100.0	100.0	100.0	100.0	100.0	100.0	100.0	100.0	100.0	100.0	100.0	100.0	100.0	100.0	100.0	100.0	100.0	84.61538461538461	100.0	100.0	100.0	100.0	100.0	100.0	100.0	100.0	100.0	100.0	100.0	100.0	100.0	100.0	100.0	100.0	100.0	92.3076923076923	100.0	100.0	100.0	100.0	100.0	100.0	92.3076923076923	100.0	100.0	100.0	100.0	100.0	100.0	100.0	100.0	100.0	100.0	100.0	100.0	100.0	100.0	100.0	100.0	100.0	100.0	100.0	100.0	100.0	100.0	100.0	100.0	100.0	100.0	100.0	100.0	100.0	100.0	100.0	100.0	100.0	100.0	100.0	100.0	100.0	100.0	100.0	100.0	100.0	100.0	100.0	100.0	100.0	100.0	100.0	100.0	100.0	100.0	100.0	100.0	100.0	100.0	100.0	100.0	100.0	100.0	100.0	100.0	100.0	100.0	100.0	100.0	100.0	100.0	100.0	100.0	100.0	100.0	100.0	100.0	100.0	100.0	100.0	100.0	100.0	100.0	100.0	100.0	100.0	100.0	100.0	100.0	100.0	100.0	100.0	100.0	100.0	100.0	100.0	100.0	100.0	100.0	100.0	100.0	100.0	100.0	100.0	100.0	100.0	100.0	100.0	100.0	100.0	100.0	100.0	100.0	100.0	100.0	100.0	100.0	100.0	100.0	100.0	100.0	100.0	100.0	100.0	100.0	100.0	100.0	100.0	100.0	100.0	100.0	100.0	100.0	100.0	100.0	100.0	100.0	100.0	100.0	100.0	100.0	100.0	100.0	100.0	100.0	100.0	100.0	100.0	100.0	100.0	100.0	100.0	100.0	100.0	100.0	100.0	100.0	100.0	100.0	100.0	100.0	100.0	100.0	100.0	100.0	100.0	100.0	100.0	100.0	100.0	100.0	100.0	100.0	100.0	100.0	100.0	100.0	100.0	100.0	100.0	100.0	100.0	100.0	100.0	100.0	100.0	100.0	100.0	100.0	100.0	100.0	100.0	100.0	100.0	100.0	100.0	100.0	100.0	100.0	100.0	100.0	100.0	100.0	100.0	100.0	92.3076923076923	100.0	92.3076923076923	100.0	100.0	100.0	100.0	100.0	100.0	100.0	100.0	100.0	100.0	100.0	100.0
1989	100.0	100.0	100.0	100.0	100.0	95.0	100.0	100.0	100.0	100.0	100.0	100.0	100.0	100.0	100.0	100.0	100.0	100.0	100.0	100.0	100.0	100.0	100.0	100.0	100.0	100.0	100.0	100.0	100.0	100.0	100.0	100.0	100.0	100.0	100.0	100.0	100.0	100.0	100.0	100.0	90.0	100.0	100.0	100.0	100.0	100.0	100.0	100.0	80.0	100.0	100.0	100.0	95.0	100.0	100.0	100.0	100.0	100.0	100.0	95.0	100.0	100.0	100.0	100.0	100.0	100.0	100.0	100.0	100.0	100.0	100.0	100.0	95.0	100.0	100.0	100.0	100.0	90.0	100.0	100.0	100.0	100.0	100.0	100.0	100.0	100.0	100.0	100.0	100.0	100.0	100.0	100.0	100.0	95.0	100.0	100.0	100.0	100.0	100.0	100.0	100.0	100.0	100.0	100.0	100.0	100.0	100.0	100.0	100.0	100.0	95.0	95.0	100.0	100.0	100.0	100.0	100.0	100.0	100.0	100.0	100.0	100.0	100.0	100.0	100.0	100.0	100.0	100.0	100.0	100.0	100.0	100.0	100.0	100.0	100.0	100.0	100.0	100.0	100.0	80.0	100.0	100.0	100.0	100.0	100.0	100.0	100.0	100.0	100.0	100.0	95.0	100.0	100.0	100.0	100.0	100.0	100.0	100.0	100.0	100.0	80.0	100.0	100.0	100.0	100.0	100.0	100.0	100.0	100.0	100.0	100.0	100.0	100.0	100.0	100.0	100.0	100.0	100.0	100.0	100.0	100.0	100.0	100.0	100.0	100.0	100.0	100.0	100.0	100.0	100.0	95.0	100.0	100.0	100.0	100.0	100.0	100.0	95.0	100.0	100.0	100.0	100.0	100.0	100.0	100.0	100.0	100.0	100.0	100.0	100.0	100.0	100.0	100.0	100.0	100.0	100.0	100.0	100.0	100.0	100.0	100.0	100.0	100.0	100.0	100.0	100.0	100.0	100.0	100.0	100.0	100.0	100.0	100.0	100.0	100.0	100.0	100.0	100.0	95.0	100.0	100.0	100.0	100.0	100.0	100.0	100.0	100.0	100.0	100.0	100.0	100.0	100.0	100.0	100.0	100.0	100.0	100.0	100.0	100.0	95.0	100.0	100.0	95.0	100.0	100.0	100.0	100.0	100.0	100.0	100.0	100.0	100.0	100.0	100.0	100.0	100.0	100.0	100.0	100.0	100.0	100.0	100.0	100.0	100.0	100.0	100.0	100.0	95.0	100.0	100.0	100.0	100.0	100.0	100.0	100.0	100.0	100.0	100.0	100.0	100.0	100.0	100.0	100.0	100.0	100.0	100.0	100.0	100.0	100.0	100.0	100.0	100.0	100.0	100.0	100.0	100.0	100.0	100.0	100.0	100.0	100.0	100.0	100.0	100.0	100.0	100.0	100.0	100.0	100.0	100.0	100.0	100.0	100.0	100.0	100.0	100.0	100.0	100.0	100.0	100.0	100.0	100.0	100.0	95.0	100.0	100.0	100.0	100.0	100.0	100.0	100.0	100.0	100.0	100.0	100.0	100.0	100.0	100.0	100.0	100.0	100.0	100.0	100.0	100.0	100.0	100.0	100.0	100.0	100.0	100.0	100.0	100.0	100.0	100.0	100.0	100.0	100.0	100.0	100.0	100.0	100.0	100.0	100.0	100.0	100.0	100.0	100.0	100.0	95.0	100.0	100.0	100.0	100.0	100.0	100.0	100.0	100.0	100.0	100.0	100.0	100.0	100.0	100.0	100.0	100.0	100.0	100.0	100.0	100.0	100.0	100.0	100.0	100.0	100.0	100.0	100.0	100.0	100.0	100.0	100.0	100.0	100.0	100.0	100.0	100.0	100.0	100.0	100.0	100.0	100.0	100.0	100.0	100.0	100.0	100.0	100.0	100.0	100.0	100.0	100.0	100.0	100.0	100.0	100.0	100.0	100.0	100.0	100.0	100.0	100.0	100.0	100.0	100.0	100.0	100.0	100.0	100.0	100.0	100.0	100.0	100.0	100.0	100.0	100.0	100.0	100.0	100.0	100.0	100.0	100.0	100.0	100.0	100.0	100.0	100.0	100.0	100.0	100.0	100.0	100.0	100.0	100.0	100.0	100.0	100.0	100.0	100.0	100.0	100.0	100.0	100.0	100.0	100.0	100.0	100.0	100.0	100.0	100.0	100.0	100.0	100.0	100.0	100.0	100.0	100.0	100.0	100.0	100.0	100.0	100.0	100.0	100.0	100.0	100.0	100.0	100.0	100.0	90.0	100.0	100.0	100.0	100.0	100.0	100.0	100.0	100.0	100.0	100.0	100.0	100.0	90.0	100.0	100.0	100.0	100.0	100.0	100.0	100.0	100.0	100.0	100.0	100.0	100.0	100.0	100.0	100.0	100.0	100.0	100.0	100.0	100.0	100.0	100.0	100.0	100.0	100.0	100.0	100.0	100.0	100.0	100.0	100.0	100.0	100.0	100.0	100.0
1990	100.0	100.0	100.0	100.0	100.0	100.0	100.0	100.0	100.0	100.0	100.0	100.0	90.9090909090909	100.0	100.0	100.0	100.0	100.0	100.0	100.0	100.0	100.0	100.0	100.0	100.0	81.81818181818183	100.0	100.0	100.0	100.0	100.0	100.0	100.0	100.0	100.0	100.0	100.0	100.0	100.0	100.0	100.0	100.0	100.0	100.0	100.0	100.0	100.0	100.0	90.9090909090909	100.0	100.0	100.0	100.0	100.0	100.0	100.0	100.0	100.0	100.0	100.0	100.0	100.0	100.0	100.0	100.0	100.0	100.0	100.0	100.0	100.0	100.0	100.0	100.0	100.0	100.0	100.0	100.0	81.81818181818183	100.0	100.0	90.9090909090909	100.0	100.0	100.0	100.0	90.9090909090909	100.0	100.0	100.0	100.0	100.0	100.0	100.0	90.9090909090909	100.0	100.0	100.0	100.0	90.9090909090909	100.0	100.0	100.0	100.0	90.9090909090909	100.0	100.0	100.0	100.0	100.0	100.0	100.0	100.0	100.0	100.0	100.0	100.0	100.0	100.0	100.0	100.0	100.0	100.0	100.0	100.0	100.0	100.0	100.0	100.0	100.0	100.0	100.0	100.0	100.0	100.0	100.0	100.0	100.0	100.0	100.0	81.81818181818183	100.0	100.0	100.0	100.0	90.9090909090909	100.0	100.0	100.0	100.0	100.0	100.0	100.0	100.0	100.0	100.0	100.0	100.0	100.0	100.0	100.0	81.81818181818183	100.0	100.0	100.0	100.0	100.0	100.0	100.0	100.0	100.0	100.0	100.0	100.0	100.0	100.0	100.0	100.0	100.0	100.0	100.0	100.0	100.0	100.0	100.0	100.0	100.0	100.0	100.0	81.81818181818183	100.0	100.0	100.0	100.0	100.0	100.0	100.0	100.0	100.0	100.0	100.0	100.0	100.0	100.0	100.0	100.0	100.0	100.0	100.0	100.0	100.0	100.0	100.0	100.0	100.0	100.0	100.0	100.0	100.0	100.0	100.0	100.0	100.0	100.0	100.0	100.0	100.0	100.0	100.0	100.0	100.0	100.0	100.0	100.0	100.0	100.0	100.0	100.0	90.9090909090909	100.0	100.0	100.0	100.0	100.0	100.0	100.0	100.0	100.0	100.0	100.0	100.0	100.0	100.0	100.0	100.0	100.0	100.0	100.0	100.0	100.0	100.0	100.0	100.0	100.0	100.0	100.0	100.0	100.0	100.0	100.0	100.0	100.0	100.0	100.0	100.0	100.0	100.0	100.0	100.0	100.0	100.0	100.0	100.0	100.0	100.0	100.0	100.0	100.0	100.0	100.0	100.0	100.0	100.0	100.0	100.0	100.0	100.0	100.0	100.0	100.0	100.0	100.0	100.0	100.0	100.0	100.0	100.0	100.0	100.0	100.0	100.0	100.0	100.0	100.0	100.0	100.0	100.0	100.0	100.0	100.0	100.0	100.0	100.0	100.0	100.0	81.81818181818183	100.0	100.0	100.0	100.0	100.0	100.0	100.0	100.0	100.0	100.0	100.0	100.0	100.0	100.0	100.0	100.0	100.0	100.0	100.0	100.0	100.0	100.0	100.0	100.0	100.0	100.0	100.0	100.0	100.0	100.0	100.0	100.0	100.0	100.0	100.0	100.0	100.0	100.0	100.0	100.0	100.0	100.0	100.0	100.0	100.0	100.0	100.0	100.0	100.0	100.0	100.0	100.0	100.0	100.0	100.0	100.0	100.0	100.0	100.0	100.0	100.0	100.0	90.9090909090909	100.0	100.0	100.0	100.0	100.0	100.0	100.0	100.0	100.0	100.0	100.0	100.0	100.0	100.0	100.0	100.0	100.0	100.0	100.0	100.0	100.0	100.0	100.0	100.0	100.0	100.0	100.0	100.0	100.0	100.0	100.0	100.0	100.0	100.0	100.0	100.0	100.0	100.0	100.0	100.0	100.0	100.0	100.0	100.0	100.0	100.0	100.0	100.0	100.0	100.0	100.0	100.0	100.0	100.0	100.0	100.0	100.0	100.0	100.0	100.0	100.0	100.0	100.0	100.0	100.0	100.0	100.0	100.0	100.0	100.0	100.0	100.0	100.0	100.0	100.0	100.0	100.0	90.9090909090909	100.0	100.0	100.0	100.0	100.0	100.0	100.0	100.0	100.0	100.0	100.0	100.0	100.0	100.0	100.0	100.0	100.0	100.0	100.0	100.0	100.0	100.0	100.0	100.0	100.0	100.0	100.0	100.0	100.0	100.0	100.0	100.0	100.0	100.0	100.0	100.0	90.9090909090909	100.0	100.0	100.0	100.0	100.0	100.0	100.0	100.0	100.0	100.0	100.0	100.0	100.0	100.0	100.0	100.0	100.0	100.0	100.0	100.0	90.9090909090909	100.0	100.0	100.0	100.0	100.0	100.0	100.0	100.0	100.0	90.9090909090909	100.0	100.0	100.0	100.0	100.0	100.0	100.0	100.0	100.0	100.0	100.0	100.0	100.0	100.0	100.0	100.0	100.0	100.0	100.0	100.0	100.0	100.0	100.0	100.0	100.0	100.0	100.0	100.0	100.0	100.0	100.0	100.0
1991	100.0	100.0	100.0	100.0	100.0	100.0	100.0	100.0	100.0	100.0	100.0	100.0	97.36842105263158	100.0	100.0	100.0	100.0	94.73684210526315	100.0	100.0	100.0	100.0	100.0	100.0	100.0	100.0	100.0	100.0	100.0	100.0	97.36842105263158	100.0	100.0	100.0	100.0	100.0	100.0	100.0	100.0	100.0	100.0	100.0	100.0	100.0	100.0	100.0	100.0	100.0	97.36842105263158	100.0	100.0	100.0	100.0	100.0	100.0	100.0	100.0	100.0	97.36842105263158	100.0	100.0	100.0	100.0	100.0	100.0	100.0	100.0	100.0	100.0	100.0	100.0	100.0	100.0	100.0	100.0	100.0	100.0	97.36842105263158	97.36842105263158	100.0	100.0	100.0	100.0	100.0	100.0	100.0	100.0	100.0	100.0	100.0	100.0	100.0	100.0	97.36842105263158	97.36842105263158	100.0	100.0	100.0	97.36842105263158	100.0	100.0	100.0	100.0	100.0	100.0	100.0	100.0	94.73684210526315	100.0	100.0	100.0	97.36842105263158	100.0	100.0	100.0	100.0	100.0	100.0	97.36842105263158	100.0	100.0	100.0	100.0	100.0	100.0	100.0	100.0	100.0	100.0	100.0	100.0	100.0	100.0	100.0	100.0	100.0	100.0	100.0	100.0	92.10526315789474	100.0	100.0	100.0	100.0	100.0	97.36842105263158	100.0	100.0	100.0	100.0	97.36842105263158	100.0	97.36842105263158	100.0	100.0	100.0	100.0	100.0	100.0	97.36842105263158	97.36842105263158	100.0	100.0	100.0	100.0	100.0	100.0	100.0	100.0	100.0	100.0	100.0	100.0	97.36842105263158	100.0	97.36842105263158	100.0	100.0	100.0	100.0	100.0	100.0	100.0	100.0	100.0	100.0	100.0	100.0	94.73684210526315	100.0	100.0	100.0	100.0	100.0	100.0	100.0	100.0	94.73684210526315	100.0	100.0	97.36842105263158	97.36842105263158	97.36842105263158	97.36842105263158	97.36842105263158	97.36842105263158	97.36842105263158	97.36842105263158	94.73684210526315	94.73684210526315	94.73684210526315	94.73684210526315	94.73684210526315	94.73684210526315	94.73684210526315	94.73684210526315	94.73684210526315	94.73684210526315	94.73684210526315	94.73684210526315	94.73684210526315	94.73684210526315	94.73684210526315	94.73684210526315	94.73684210526315	94.73684210526315	94.73684210526315	94.73684210526315	94.73684210526315	94.73684210526315	94.73684210526315	94.73684210526315	94.73684210526315	94.73684210526315	94.73684210526315	94.73684210526315	94.73684210526315	89.47368421052632	94.73684210526315	94.73684210526315	94.73684210526315	94.73684210526315	94.73684210526315	94.73684210526315	94.73684210526315	94.73684210526315	94.73684210526315	94.73684210526315	94.73684210526315	94.73684210526315	94.73684210526315	94.73684210526315	94.73684210526315	94.73684210526315	92.10526315789474	94.73684210526315	94.73684210526315	94.73684210526315	94.73684210526315	94.73684210526315	94.73684210526315	94.73684210526315	94.73684210526315	94.73684210526315	94.73684210526315	94.73684210526315	94.73684210526315	94.73684210526315	94.73684210526315	94.73684210526315	94.73684210526315	94.73684210526315	94.73684210526315	94.73684210526315	94.73684210526315	94.73684210526315	94.73684210526315	92.10526315789474	97.36842105263158	94.73684210526315	97.36842105263158	97.36842105263158	97.36842105263158	97.36842105263158	94.73684210526315	97.36842105263158	97.36842105263158	97.36842105263158	97.36842105263158	97.36842105263158	97.36842105263158	97.36842105263158	97.36842105263158	97.36842105263158	97.36842105263158	97.36842105263158	97.36842105263158	97.36842105263158	97.36842105263158	97.36842105263158	97.36842105263158	97.36842105263158	97.36842105263158	97.36842105263158	94.73684210526315	97.36842105263158	97.36842105263158	97.36842105263158	97.36842105263158	97.36842105263158	97.36842105263158	97.36842105263158	97.36842105263158	97.36842105263158	100.0	100.0	100.0	100.0	100.0	100.0	100.0	100.0	100.0	100.0	100.0	100.0	100.0	100.0	100.0	100.0	100.0	100.0	100.0	100.0	100.0	100.0	100.0	100.0	100.0	100.0	100.0	100.0	100.0	92.10526315789474	100.0	100.0	100.0	100.0	100.0	100.0	94.73684210526315	100.0	100.0	100.0	100.0	100.0	100.0	100.0	100.0	100.0	100.0	100.0	94.73684210526315	100.0	100.0	100.0	100.0	100.0	100.0	100.0	100.0	100.0	100.0	100.0	100.0	100.0	97.36842105263158	100.0	100.0	100.0	100.0	100.0	100.0	100.0	100.0	100.0	100.0	100.0	100.0	100.0	100.0	100.0	100.0	97.36842105263158	100.0	100.0	100.0	100.0	100.0	100.0	100.0	100.0	100.0	100.0	100.0	100.0	100.0	100.0	100.0	100.0	100.0	100.0	100.0	100.0	100.0	100.0	100.0	100.0	100.0	100.0	100.0	100.0	100.0	100.0	100.0	100.0	100.0	100.0	100.0	100.0	100.0	100.0	100.0	100.0	100.0	100.0	100.0	100.0	100.0	100.0	100.0	100.0	100.0	100.0	100.0	100.0	100.0	100.0	100.0	100.0	100.0	100.0	100.0	100.0	100.0	100.0	100.0	100.0	100.0	100.0	100.0	100.0	100.0	100.0	100.0	100.0	100.0	100.0	100.0	100.0	100.0	100.0	100.0	100.0	100.0	100.0	100.0	100.0	100.0	100.0	100.0	100.0	100.0	100.0	100.0	100.0	100.0	100.0	100.0	100.0	100.0	100.0	100.0	100.0	100.0	100.0	100.0	100.0	100.0	100.0	100.0	100.0	100.0	100.0	100.0	97.36842105263158	100.0	100.0	100.0	100.0	100.0	100.0	100.0	100.0	100.0	100.0	100.0	97.36842105263158	100.0	100.0	100.0	100.0	100.0	100.0	100.0	100.0	100.0	100.0	100.0	100.0	100.0	100.0	100.0	100.0	100.0	100.0	100.0	100.0	100.0	100.0	100.0	100.0	100.0	100.0	100.0	100.0	100.0	100.0	100.0	100.0	100.0	100.0	100.0	100.0	100.0	100.0	100.0	100.0	100.0	100.0	100.0	100.0	100.0	100.0	100.0	100.0
1992	100.0	100.0	100.0	100.0	100.0	100.0	100.0	100.0	100.0	100.0	100.0	100.0	100.0	100.0	100.0	100.0	100.0	94.73684210526315	100.0	100.0	100.0	100.0	100.0	97.36842105263158	97.36842105263158	94.73684210526315	100.0	100.0	100.0	100.0	100.0	100.0	100.0	100.0	97.36842105263158	100.0	100.0	100.0	100.0	100.0	100.0	100.0	100.0	100.0	100.0	100.0	100.0	100.0	94.73684210526315	100.0	100.0	100.0	100.0	100.0	100.0	100.0	100.0	100.0	100.0	100.0	100.0	100.0	100.0	100.0	100.0	100.0	100.0	100.0	100.0	100.0	100.0	100.0	100.0	100.0	100.0	100.0	100.0	92.10526315789474	100.0	100.0	100.0	100.0	100.0	100.0	100.0	100.0	100.0	100.0	100.0	100.0	97.36842105263158	100.0	100.0	97.36842105263158	94.73684210526315	97.36842105263158	100.0	100.0	100.0	100.0	100.0	100.0	100.0	100.0	97.36842105263158	100.0	97.36842105263158	100.0	100.0	100.0	100.0	94.73684210526315	100.0	100.0	100.0	100.0	100.0	100.0	100.0	100.0	100.0	100.0	100.0	100.0	100.0	100.0	100.0	100.0	100.0	100.0	97.36842105263158	100.0	100.0	100.0	100.0	100.0	100.0	100.0	100.0	94.73684210526315	100.0	100.0	100.0	100.0	100.0	100.0	100.0	100.0	100.0	100.0	97.36842105263158	100.0	100.0	100.0	100.0	100.0	100.0	100.0	100.0	97.36842105263158	94.73684210526315	100.0	100.0	100.0	100.0	100.0	100.0	100.0	100.0	100.0	100.0	100.0	100.0	97.36842105263158	100.0	97.36842105263158	100.0	100.0	97.36842105263158	100.0	100.0	100.0	100.0	100.0	100.0	100.0	100.0	100.0	89.47368421052632	100.0	94.73684210526315	100.0	100.0	100.0	100.0	100.0	100.0	94.73684210526315	100.0	100.0	100.0	100.0	100.0	100.0	97.36842105263158	100.0	100.0	100.0	100.0	100.0	100.0	100.0	100.0	100.0	100.0	100.0	100.0	100.0	100.0	100.0	100.0	100.0	94.73684210526315	100.0	100.0	100.0	100.0	100.0	100.0	100.0	100.0	100.0	100.0	100.0	100.0	100.0	100.0	100.0	97.36842105263158	100.0	100.0	100.0	100.0	100.0	100.0	100.0	100.0	100.0	100.0	100.0	100.0	100.0	100.0	100.0	94.73684210526315	100.0	100.0	100.0	100.0	100.0	100.0	100.0	100.0	100.0	100.0	100.0	100.0	100.0	100.0	100.0	97.36842105263158	100.0	100.0	100.0	100.0	100.0	97.36842105263158	100.0	97.36842105263158	100.0	100.0	100.0	100.0	97.36842105263158	100.0	100.0	100.0	89.47368421052632	100.0	100.0	100.0	100.0	100.0	100.0	100.0	100.0	100.0	100.0	100.0	100.0	100.0	100.0	100.0	100.0	100.0	100.0	100.0	100.0	100.0	100.0	100.0	100.0	100.0	100.0	100.0	100.0	100.0	100.0	100.0	100.0	100.0	100.0	100.0	100.0	89.47368421052632	100.0	100.0	89.47368421052632	100.0	100.0	100.0	100.0	100.0	100.0	100.0	100.0	100.0	100.0	100.0	100.0	100.0	100.0	100.0	94.73684210526315	100.0	100.0	100.0	100.0	100.0	100.0	97.36842105263158	100.0	100.0	100.0	100.0	100.0	100.0	100.0	100.0	100.0	100.0	100.0	94.73684210526315	100.0	100.0	100.0	100.0	100.0	100.0	100.0	100.0	100.0	100.0	100.0	100.0	100.0	100.0	100.0	100.0	100.0	100.0	100.0	100.0	100.0	100.0	100.0	100.0	100.0	100.0	100.0	97.36842105263158	100.0	100.0	94.73684210526315	100.0	100.0	100.0	100.0	100.0	100.0	100.0	100.0	100.0	100.0	100.0	100.0	100.0	100.0	100.0	100.0	100.0	100.0	100.0	100.0	100.0	100.0	100.0	100.0	100.0	100.0	100.0	100.0	100.0	100.0	100.0	100.0	100.0	100.0	100.0	100.0	100.0	100.0	100.0	100.0	100.0	100.0	100.0	100.0	100.0	100.0	100.0	100.0	100.0	100.0	100.0	100.0	100.0	100.0	100.0	100.0	100.0	100.0	100.0	100.0	100.0	100.0	100.0	100.0	100.0	100.0	100.0	94.73684210526315	100.0	100.0	100.0	100.0	100.0	100.0	100.0	100.0	100.0	100.0	100.0	100.0	100.0	100.0	100.0	100.0	100.0	100.0	100.0	100.0	100.0	100.0	100.0	100.0	100.0	100.0	100.0	100.0	100.0	97.36842105263158	100.0	100.0	100.0	100.0	100.0	100.0	100.0	100.0	100.0	100.0	100.0	100.0	100.0	100.0	100.0	100.0	97.36842105263158	100.0	100.0	100.0	100.0	100.0	100.0	100.0	100.0	94.73684210526315	100.0	100.0	100.0	100.0	100.0	100.0	100.0	100.0	100.0	100.0	100.0	100.0	100.0	100.0	100.0	100.0	100.0	100.0	100.0	100.0	100.0	100.0	100.0	100.0	100.0	100.0	100.0	100.0	100.0	100.0	100.0	100.0	100.0	100.0	100.0	100.0	100.0	100.0	100.0	100.0	100.0	100.0	100.0	100.0	100.0	100.0	100.0	100.0
1993	100.0	100.0	98.09523809523809	99.04761904761905	100.0	100.0	100.0	100.0	100.0	100.0	100.0	100.0	100.0	100.0	98.09523809523809	100.0	100.0	96.19047619047619	98.09523809523809	100.0	100.0	100.0	100.0	100.0	100.0	99.04761904761905	100.0	100.0	100.0	100.0	99.04761904761905	100.0	100.0	100.0	98.09523809523809	100.0	99.04761904761905	100.0	100.0	100.0	98.09523809523809	100.0	99.04761904761905	100.0	100.0	99.04761904761905	100.0	100.0	96.19047619047619	100.0	100.0	100.0	100.0	100.0	100.0	100.0	100.0	100.0	99.04761904761905	100.0	100.0	100.0	100.0	100.0	99.04761904761905	100.0	100.0	100.0	100.0	100.0	99.04761904761905	100.0	99.04761904761905	100.0	100.0	100.0	100.0	98.09523809523809	99.04761904761905	100.0	100.0	100.0	100.0	100.0	100.0	100.0	100.0	100.0	100.0	100.0	100.0	100.0	100.0	100.0	97.14285714285714	100.0	100.0	100.0	100.0	100.0	100.0	100.0	100.0	100.0	100.0	100.0	98.09523809523809	100.0	99.04761904761905	100.0	100.0	98.09523809523809	100.0	100.0	100.0	100.0	99.04761904761905	100.0	100.0	100.0	100.0	100.0	100.0	100.0	100.0	100.0	100.0	99.04761904761905	100.0	100.0	100.0	100.0	100.0	100.0	100.0	100.0	100.0	100.0	100.0	96.19047619047619	100.0	100.0	100.0	100.0	100.0	98.09523809523809	100.0	100.0	100.0	100.0	99.04761904761905	100.0	100.0	100.0	100.0	100.0	100.0	100.0	100.0	100.0	96.19047619047619	100.0	100.0	100.0	100.0	100.0	100.0	100.0	100.0	100.0	100.0	99.04761904761905	100.0	98.09523809523809	100.0	100.0	100.0	100.0	100.0	100.0	98.09523809523809	100.0	100.0	100.0	100.0	100.0	100.0	100.0	97.14285714285714	100.0	98.09523809523809	100.0	100.0	99.04761904761905	100.0	100.0	100.0	98.09523809523809	100.0	100.0	100.0	100.0	100.0	99.04761904761905	100.0	100.0	100.0	100.0	100.0	100.0	100.0	100.0	100.0	98.09523809523809	100.0	100.0	100.0	100.0	100.0	100.0	100.0	100.0	99.04761904761905	100.0	100.0	100.0	100.0	100.0	99.04761904761905	100.0	100.0	100.0	100.0	100.0	100.0	99.04761904761905	99.04761904761905	100.0	95.23809523809523	100.0	100.0	100.0	100.0	100.0	100.0	100.0	100.0	100.0	100.0	100.0	100.0	98.09523809523809	100.0	99.04761904761905	96.19047619047619	100.0	100.0	100.0	98.09523809523809	99.04761904761905	100.0	100.0	100.0	100.0	100.0	100.0	99.04761904761905	100.0	100.0	100.0	100.0	100.0	100.0	100.0	100.0	100.0	99.04761904761905	99.04761904761905	100.0	100.0	99.04761904761905	100.0	100.0	98.09523809523809	99.04761904761905	100.0	100.0	95.23809523809523	99.04761904761905	100.0	100.0	98.09523809523809	100.0	99.04761904761905	99.04761904761905	100.0	100.0	100.0	100.0	100.0	100.0	100.0	100.0	100.0	100.0	100.0	100.0	99.04761904761905	100.0	100.0	100.0	100.0	100.0	100.0	100.0	100.0	100.0	100.0	100.0	99.04761904761905	100.0	99.04761904761905	99.04761904761905	99.04761904761905	97.14285714285714	100.0	100.0	100.0	100.0	99.04761904761905	100.0	100.0	100.0	100.0	100.0	100.0	100.0	100.0	100.0	99.04761904761905	100.0	100.0	99.04761904761905	95.23809523809523	100.0	100.0	100.0	100.0	100.0	100.0	99.04761904761905	100.0	100.0	100.0	100.0	100.0	100.0	100.0	100.0	100.0	100.0	100.0	100.0	100.0	100.0	100.0	100.0	99.04761904761905	100.0	100.0	100.0	100.0	100.0	100.0	100.0	100.0	99.04761904761905	100.0	100.0	100.0	100.0	100.0	99.04761904761905	100.0	100.0	100.0	100.0	100.0	99.04761904761905	99.04761904761905	100.0	100.0	100.0	97.14285714285714	100.0	100.0	99.04761904761905	99.04761904761905	100.0	100.0	100.0	99.04761904761905	100.0	99.04761904761905	100.0	99.04761904761905	100.0	100.0	100.0	100.0	100.0	100.0	100.0	100.0	100.0	100.0	100.0	99.04761904761905	100.0	100.0	100.0	100.0	100.0	100.0	100.0	100.0	100.0	100.0	100.0	100.0	100.0	100.0	100.0	99.04761904761905	100.0	100.0	100.0	100.0	100.0	100.0	100.0	100.0	100.0	100.0	100.0	100.0	100.0	100.0	100.0	100.0	100.0	100.0	100.0	100.0	100.0	100.0	100.0	100.0	100.0	100.0	100.0	100.0	100.0	100.0	100.0	100.0	100.0	100.0	100.0	100.0	100.0	100.0	100.0	100.0	100.0	100.0	100.0	100.0	100.0	100.0	100.0	100.0	100.0	100.0	100.0	100.0	100.0	98.09523809523809	100.0	100.0	100.0	100.0	100.0	100.0	100.0	100.0	100.0	100.0	100.0	100.0	100.0	100.0	100.0	100.0	100.0	100.0	100.0	100.0	100.0	100.0	100.0	100.0	100.0	100.0	100.0	100.0	100.0	97.14285714285714	100.0	100.0	100.0	100.0	100.0	100.0	99.04761904761905	100.0	100.0	100.0	100.0	100.0	99.04761904761905	100.0	100.0	100.0	100.0	100.0	100.0	100.0	100.0	100.0	98.09523809523809	100.0	100.0	100.0	100.0	99.04761904761905	100.0	100.0	100.0	100.0	100.0	100.0	100.0	100.0	100.0	100.0	100.0	100.0	100.0	100.0	100.0	100.0	100.0	100.0	100.0	100.0
1994	100.0	100.0	100.0	98.64864864864865	100.0	100.0	100.0	100.0	100.0	100.0	100.0	100.0	100.0	100.0	100.0	100.0	100.0	87.83783783783784	100.0	100.0	100.0	100.0	100.0	100.0	100.0	100.0	100.0	97.2972972972973	100.0	100.0	100.0	100.0	100.0	100.0	98.64864864864865	100.0	100.0	100.0	100.0	100.0	100.0	100.0	100.0	100.0	100.0	100.0	98.64864864864865	100.0	95.94594594594594	100.0	100.0	100.0	100.0	100.0	100.0	100.0	100.0	100.0	98.64864864864865	100.0	100.0	100.0	100.0	100.0	100.0	100.0	100.0	100.0	100.0	98.64864864864865	100.0	100.0	100.0	100.0	100.0	100.0	100.0	97.2972972972973	100.0	100.0	97.2972972972973	100.0	100.0	100.0	100.0	100.0	100.0	100.0	100.0	100.0	100.0	100.0	100.0	97.2972972972973	89.1891891891892	100.0	100.0	100.0	100.0	100.0	100.0	100.0	100.0	98.64864864864865	100.0	100.0	100.0	100.0	100.0	100.0	100.0	97.2972972972973	100.0	100.0	100.0	100.0	100.0	100.0	100.0	100.0	100.0	100.0	100.0	100.0	100.0	100.0	100.0	100.0	100.0	100.0	100.0	100.0	100.0	100.0	100.0	100.0	100.0	100.0	100.0	94.5945945945946	100.0	98.64864864864865	100.0	97.2972972972973	100.0	98.64864864864865	98.64864864864865	100.0	100.0	100.0	94.5945945945946	100.0	100.0	100.0	100.0	100.0	100.0	100.0	100.0	97.2972972972973	95.94594594594594	100.0	100.0	100.0	98.64864864864865	100.0	100.0	100.0	100.0	100.0	100.0	100.0	100.0	97.2972972972973	100.0	98.64864864864865	100.0	100.0	100.0	100.0	100.0	100.0	100.0	100.0	100.0	100.0	100.0	100.0	89.1891891891892	100.0	100.0	100.0	100.0	100.0	100.0	100.0	100.0	97.2972972972973	100.0	100.0	100.0	100.0	100.0	100.0	100.0	100.0	100.0	100.0	100.0	98.64864864864865	100.0	100.0	100.0	94.5945945945946	100.0	100.0	100.0	100.0	100.0	100.0	100.0	100.0	100.0	100.0	100.0	100.0	98.64864864864865	98.64864864864865	98.64864864864865	97.2972972972973	98.64864864864865	97.2972972972973	98.64864864864865	97.2972972972973	98.64864864864865	98.64864864864865	98.64864864864865	97.2972972972973	97.2972972972973	98.64864864864865	98.64864864864865	98.64864864864865	98.64864864864865	98.64864864864865	98.64864864864865	98.64864864864865	98.64864864864865	98.64864864864865	98.64864864864865	98.64864864864865	98.64864864864865	98.64864864864865	98.64864864864865	98.64864864864865	98.64864864864865	98.64864864864865	98.64864864864865	98.64864864864865	98.64864864864865	98.64864864864865	97.2972972972973	98.64864864864865	98.64864864864865	100.0	100.0	100.0	100.0	100.0	100.0	100.0	100.0	100.0	100.0	100.0	100.0	98.64864864864865	97.2972972972973	100.0	98.64864864864865	95.94594594594594	98.64864864864865	100.0	100.0	98.64864864864865	100.0	100.0	100.0	97.2972972972973	98.64864864864865	100.0	98.64864864864865	100.0	100.0	100.0	100.0	100.0	100.0	98.64864864864865	100.0	100.0	100.0	100.0	100.0	100.0	100.0	100.0	100.0	100.0	100.0	100.0	100.0	100.0	100.0	100.0	100.0	100.0	100.0	100.0	100.0	100.0	100.0	100.0	100.0	100.0	93.24324324324324	100.0	100.0	100.0	100.0	100.0	100.0	100.0	100.0	100.0	100.0	100.0	100.0	100.0	100.0	100.0	100.0	100.0	100.0	95.94594594594594	100.0	100.0	100.0	100.0	100.0	100.0	98.64864864864865	100.0	100.0	100.0	100.0	100.0	100.0	100.0	100.0	100.0	100.0	100.0	100.0	100.0	100.0	100.0	100.0	100.0	100.0	98.64864864864865	100.0	100.0	100.0	98.64864864864865	100.0	100.0	98.64864864864865	100.0	100.0	100.0	100.0	100.0	100.0	100.0	100.0	100.0	100.0	100.0	100.0	100.0	100.0	100.0	100.0	90.54054054054053	100.0	100.0	100.0	100.0	100.0	100.0	100.0	98.64864864864865	100.0	100.0	100.0	100.0	100.0	100.0	100.0	100.0	100.0	100.0	100.0	100.0	100.0	100.0	100.0	100.0	100.0	97.2972972972973	100.0	100.0	100.0	100.0	100.0	100.0	100.0	100.0	100.0	100.0	100.0	100.0	100.0	98.64864864864865	100.0	100.0	100.0	100.0	100.0	100.0	100.0	100.0	100.0	100.0	100.0	100.0	100.0	100.0	100.0	100.0	100.0	100.0	100.0	100.0	100.0	100.0	100.0	100.0	100.0	100.0	100.0	100.0	100.0	100.0	100.0	98.64864864864865	100.0	100.0	100.0	100.0	100.0	100.0	100.0	100.0	100.0	100.0	100.0	100.0	100.0	100.0	100.0	100.0	100.0	98.64864864864865	100.0	100.0	100.0	95.94594594594594	100.0	100.0	100.0	100.0	100.0	100.0	100.0	100.0	100.0	100.0	100.0	100.0	100.0	100.0	100.0	100.0	100.0	100.0	100.0	100.0	100.0	100.0	100.0	100.0	100.0	100.0	100.0	100.0	100.0	100.0	100.0	100.0	100.0	100.0	100.0	100.0	100.0	100.0	100.0	100.0	100.0	100.0	100.0	100.0	100.0	100.0	100.0	100.0	100.0	100.0	100.0	100.0	100.0	100.0	100.0	100.0	100.0	100.0	100.0	100.0	100.0	100.0	100.0	100.0	100.0	100.0	100.0	100.0	100.0	100.0	100.0	100.0	100.0	100.0	100.0	100.0	100.0	100.0
1995	100.0	100.0	100.0	100.0	100.0	100.0	100.0	100.0	100.0	100.0	100.0	100.0	98.68421052631578	100.0	98.68421052631578	100.0	100.0	96.05263157894737	100.0	100.0	100.0	98.68421052631578	100.0	100.0	100.0	100.0	100.0	100.0	100.0	100.0	100.0	100.0	100.0	100.0	100.0	100.0	98.68421052631578	100.0	100.0	100.0	98.68421052631578	100.0	100.0	100.0	100.0	100.0	98.68421052631578	100.0	93.42105263157895	100.0	100.0	100.0	100.0	100.0	100.0	100.0	100.0	100.0	98.68421052631578	100.0	100.0	100.0	100.0	100.0	98.68421052631578	100.0	100.0	100.0	100.0	98.68421052631578	100.0	100.0	100.0	98.68421052631578	100.0	100.0	100.0	100.0	98.68421052631578	100.0	100.0	100.0	100.0	100.0	100.0	100.0	100.0	100.0	100.0	100.0	100.0	100.0	100.0	98.68421052631578	96.05263157894737	100.0	100.0	98.68421052631578	100.0	100.0	100.0	100.0	100.0	98.68421052631578	100.0	100.0	100.0	100.0	100.0	98.68421052631578	100.0	94.73684210526315	100.0	100.0	100.0	100.0	100.0	100.0	100.0	100.0	100.0	100.0	100.0	100.0	100.0	98.68421052631578	100.0	100.0	100.0	100.0	100.0	100.0	100.0	100.0	100.0	100.0	100.0	100.0	100.0	93.42105263157895	100.0	100.0	100.0	98.68421052631578	100.0	100.0	98.68421052631578	100.0	100.0	100.0	98.68421052631578	100.0	100.0	100.0	100.0	100.0	100.0	100.0	100.0	98.68421052631578	97.36842105263158	100.0	100.0	100.0	100.0	100.0	100.0	100.0	100.0	100.0	100.0	100.0	100.0	98.68421052631578	100.0	98.68421052631578	100.0	100.0	100.0	100.0	100.0	100.0	100.0	100.0	98.68421052631578	100.0	98.68421052631578	100.0	96.05263157894737	100.0	100.0	100.0	100.0	100.0	100.0	100.0	100.0	98.68421052631578	100.0	100.0	100.0	100.0	100.0	100.0	100.0	100.0	100.0	100.0	100.0	100.0	100.0	100.0	100.0	97.36842105263158	100.0	100.0	100.0	100.0	100.0	100.0	100.0	100.0	100.0	100.0	100.0	100.0	100.0	100.0	100.0	98.68421052631578	100.0	98.68421052631578	100.0	100.0	100.0	98.68421052631578	100.0	97.36842105263158	97.36842105263158	100.0	100.0	100.0	100.0	100.0	100.0	100.0	100.0	100.0	100.0	100.0	100.0	100.0	100.0	100.0	100.0	100.0	100.0	100.0	100.0	100.0	98.68421052631578	100.0	100.0	100.0	100.0	100.0	100.0	100.0	100.0	100.0	100.0	100.0	100.0	100.0	100.0	100.0	97.36842105263158	100.0	100.0	97.36842105263158	100.0	100.0	100.0	93.42105263157895	100.0	100.0	100.0	96.05263157894737	100.0	98.68421052631578	100.0	100.0	100.0	100.0	100.0	100.0	100.0	100.0	100.0	100.0	100.0	100.0	100.0	100.0	100.0	100.0	100.0	100.0	100.0	100.0	100.0	100.0	100.0	100.0	100.0	100.0	100.0	100.0	100.0	100.0	100.0	100.0	100.0	100.0	96.05263157894737	100.0	100.0	100.0	100.0	100.0	100.0	100.0	100.0	100.0	100.0	100.0	100.0	100.0	100.0	100.0	100.0	100.0	100.0	98.68421052631578	100.0	100.0	100.0	100.0	100.0	100.0	100.0	100.0	100.0	100.0	100.0	100.0	100.0	100.0	100.0	100.0	100.0	100.0	93.42105263157895	100.0	100.0	100.0	100.0	100.0	100.0	100.0	100.0	100.0	100.0	100.0	100.0	100.0	100.0	100.0	100.0	98.68421052631578	100.0	100.0	100.0	100.0	100.0	100.0	100.0	98.68421052631578	100.0	100.0	100.0	100.0	100.0	97.36842105263158	100.0	100.0	100.0	100.0	98.68421052631578	100.0	100.0	100.0	100.0	100.0	100.0	100.0	100.0	100.0	100.0	100.0	100.0	100.0	100.0	100.0	100.0	98.68421052631578	100.0	100.0	100.0	100.0	100.0	100.0	100.0	98.68421052631578	100.0	100.0	100.0	100.0	100.0	100.0	100.0	100.0	100.0	98.68421052631578	100.0	100.0	100.0	100.0	100.0	100.0	100.0	100.0	100.0	100.0	100.0	100.0	100.0	100.0	100.0	100.0	100.0	100.0	100.0	100.0	100.0	100.0	100.0	100.0	100.0	100.0	100.0	100.0	100.0	100.0	100.0	100.0	100.0	100.0	100.0	100.0	100.0	100.0	100.0	100.0	100.0	100.0	100.0	98.68421052631578	100.0	100.0	100.0	100.0	100.0	100.0	100.0	100.0	100.0	98.68421052631578	100.0	100.0	100.0	98.68421052631578	100.0	100.0	100.0	100.0	100.0	100.0	100.0	100.0	100.0	100.0	100.0	100.0	98.68421052631578	100.0	100.0	100.0	100.0	100.0	100.0	98.68421052631578	100.0	100.0	100.0	100.0	100.0	100.0	100.0	100.0	100.0	100.0	100.0	100.0	100.0	100.0	100.0	100.0	100.0	100.0	100.0	100.0	100.0	98.68421052631578	100.0	100.0	100.0	100.0	100.0	100.0	100.0	100.0	100.0	100.0	100.0	100.0	100.0	100.0	100.0	100.0	100.0	100.0	100.0	100.0	100.0	100.0	100.0	100.0	100.0	100.0	100.0	100.0	100.0	100.0	100.0	100.0
1996	100.0	100.0	97.77777777777777	100.0	100.0	100.0	100.0	100.0	98.88888888888889	98.88888888888889	98.88888888888889	98.88888888888889	100.0	98.88888888888889	100.0	98.88888888888889	100.0	96.66666666666667	100.0	98.88888888888889	100.0	98.88888888888889	100.0	96.66666666666667	100.0	100.0	100.0	100.0	100.0	100.0	100.0	100.0	100.0	100.0	98.88888888888889	100.0	100.0	100.0	100.0	100.0	98.88888888888889	100.0	100.0	100.0	100.0	100.0	100.0	100.0	95.55555555555556	100.0	100.0	100.0	100.0	98.88888888888889	100.0	100.0	100.0	100.0	96.66666666666667	100.0	100.0	100.0	100.0	100.0	98.88888888888889	100.0	100.0	100.0	100.0	98.88888888888889	100.0	100.0	100.0	100.0	100.0	100.0	100.0	98.88888888888889	100.0	100.0	100.0	100.0	98.88888888888889	100.0	100.0	100.0	100.0	100.0	100.0	100.0	100.0	100.0	100.0	97.77777777777777	97.77777777777777	100.0	100.0	98.88888888888889	100.0	100.0	100.0	100.0	100.0	98.88888888888889	100.0	100.0	98.88888888888889	98.88888888888889	100.0	98.88888888888889	100.0	95.55555555555556	100.0	100.0	100.0	100.0	100.0	100.0	100.0	100.0	100.0	98.88888888888889	100.0	100.0	98.88888888888889	100.0	100.0	100.0	100.0	100.0	100.0	100.0	100.0	100.0	100.0	100.0	100.0	100.0	100.0	95.55555555555556	100.0	98.88888888888889	100.0	100.0	100.0	100.0	100.0	100.0	100.0	100.0	97.77777777777777	100.0	100.0	100.0	100.0	100.0	98.88888888888889	100.0	100.0	97.77777777777777	97.77777777777777	100.0	100.0	100.0	100.0	100.0	100.0	100.0	100.0	100.0	100.0	100.0	100.0	97.77777777777777	100.0	97.77777777777777	100.0	100.0	100.0	100.0	100.0	100.0	100.0	100.0	100.0	100.0	100.0	100.0	96.66666666666667	100.0	98.88888888888889	100.0	100.0	100.0	100.0	100.0	100.0	98.88888888888889	100.0	100.0	100.0	100.0	100.0	100.0	98.88888888888889	100.0	100.0	100.0	100.0	100.0	100.0	100.0	98.88888888888889	100.0	100.0	100.0	100.0	100.0	100.0	100.0	100.0	100.0	100.0	100.0	100.0	100.0	100.0	100.0	100.0	98.88888888888889	100.0	97.77777777777777	100.0	100.0	100.0	100.0	100.0	100.0	97.77777777777777	100.0	100.0	100.0	100.0	100.0	100.0	98.88888888888889	100.0	100.0	100.0	100.0	100.0	100.0	100.0	100.0	100.0	100.0	100.0	100.0	98.88888888888889	98.88888888888889	100.0	100.0	100.0	100.0	100.0	100.0	100.0	100.0	100.0	100.0	98.88888888888889	100.0	100.0	100.0	100.0	100.0	100.0	98.88888888888889	98.88888888888889	100.0	96.66666666666667	100.0	100.0	97.77777777777777	98.88888888888889	100.0	100.0	98.88888888888889	100.0	100.0	100.0	100.0	100.0	98.88888888888889	100.0	100.0	100.0	98.88888888888889	100.0	100.0	100.0	100.0	98.88888888888889	100.0	97.77777777777777	100.0	100.0	100.0	100.0	100.0	100.0	100.0	100.0	98.88888888888889	100.0	100.0	100.0	100.0	100.0	100.0	100.0	100.0	100.0	100.0	97.77777777777777	100.0	100.0	98.88888888888889	100.0	100.0	100.0	98.88888888888889	100.0	100.0	100.0	100.0	100.0	100.0	100.0	98.88888888888889	100.0	100.0	100.0	91.11111111111111	98.88888888888889	100.0	100.0	100.0	100.0	100.0	98.88888888888889	100.0	100.0	100.0	100.0	100.0	100.0	100.0	100.0	100.0	100.0	100.0	96.66666666666667	100.0	100.0	100.0	100.0	100.0	100.0	100.0	100.0	100.0	100.0	100.0	100.0	100.0	100.0	100.0	100.0	100.0	100.0	100.0	100.0	100.0	100.0	100.0	100.0	100.0	100.0	100.0	98.88888888888889	100.0	100.0	98.88888888888889	100.0	100.0	100.0	100.0	100.0	100.0	100.0	100.0	100.0	100.0	100.0	100.0	100.0	100.0	100.0	100.0	100.0	100.0	100.0	100.0	100.0	100.0	100.0	98.88888888888889	100.0	100.0	100.0	98.88888888888889	100.0	98.88888888888889	100.0	100.0	100.0	100.0	100.0	100.0	100.0	100.0	100.0	100.0	100.0	100.0	100.0	100.0	100.0	100.0	100.0	100.0	100.0	98.88888888888889	100.0	100.0	100.0	100.0	100.0	100.0	100.0	100.0	100.0	100.0	100.0	100.0	100.0	100.0	100.0	100.0	100.0	100.0	100.0	100.0	100.0	100.0	100.0	100.0	100.0	100.0	100.0	100.0	100.0	100.0	100.0	100.0	100.0	100.0	100.0	100.0	100.0	100.0	100.0	98.88888888888889	100.0	100.0	100.0	100.0	100.0	98.88888888888889	100.0	100.0	100.0	100.0	100.0	100.0	100.0	100.0	100.0	100.0	100.0	100.0	100.0	100.0	100.0	100.0	100.0	100.0	100.0	100.0	100.0	100.0	98.88888888888889	100.0	100.0	100.0	100.0	98.88888888888889	100.0	100.0	100.0	100.0	100.0	100.0	98.88888888888889	100.0	100.0	100.0	100.0	100.0	98.88888888888889	100.0	100.0	100.0	100.0	100.0	100.0	100.0	100.0	100.0	100.0	100.0	100.0	100.0	100.0	100.0	98.88888888888889	100.0	100.0	100.0	100.0	97.77777777777777	100.0	100.0	100.0	100.0	98.88888888888889	100.0	100.0	100.0	100.0	100.0	100.0	100.0	100.0	100.0
1997	100.0	100.0	95.83333333333334	100.0	100.0	100.0	98.61111111111111	100.0	100.0	100.0	100.0	100.0	100.0	98.61111111111111	97.22222222222221	100.0	100.0	95.83333333333334	98.61111111111111	100.0	100.0	98.61111111111111	100.0	100.0	100.0	100.0	100.0	100.0	100.0	100.0	100.0	100.0	100.0	100.0	98.61111111111111	100.0	98.61111111111111	100.0	100.0	100.0	97.22222222222221	100.0	100.0	100.0	100.0	100.0	98.61111111111111	100.0	94.44444444444444	100.0	100.0	100.0	100.0	100.0	100.0	100.0	100.0	100.0	100.0	100.0	100.0	100.0	100.0	98.61111111111111	100.0	100.0	100.0	100.0	100.0	98.61111111111111	100.0	100.0	100.0	100.0	100.0	100.0	100.0	95.83333333333334	98.61111111111111	100.0	100.0	100.0	100.0	100.0	100.0	100.0	100.0	100.0	100.0	100.0	100.0	100.0	100.0	100.0	97.22222222222221	100.0	100.0	100.0	100.0	100.0	98.61111111111111	100.0	100.0	100.0	100.0	100.0	97.22222222222221	100.0	100.0	100.0	100.0	95.83333333333334	100.0	100.0	100.0	100.0	100.0	100.0	100.0	100.0	100.0	100.0	100.0	100.0	100.0	100.0	100.0	100.0	100.0	100.0	100.0	100.0	100.0	100.0	100.0	100.0	100.0	100.0	100.0	93.05555555555556	100.0	100.0	100.0	98.61111111111111	100.0	100.0	100.0	100.0	100.0	100.0	100.0	100.0	100.0	100.0	100.0	100.0	100.0	100.0	100.0	98.61111111111111	97.22222222222221	100.0	100.0	100.0	100.0	100.0	100.0	100.0	100.0	100.0	100.0	100.0	100.0	98.61111111111111	98.61111111111111	100.0	100.0	100.0	100.0	100.0	98.61111111111111	100.0	100.0	100.0	100.0	100.0	100.0	98.61111111111111	95.83333333333334	100.0	100.0	100.0	100.0	100.0	100.0	100.0	100.0	98.61111111111111	100.0	100.0	100.0	100.0	100.0	100.0	100.0	100.0	100.0	98.61111111111111	100.0	100.0	100.0	100.0	100.0	98.61111111111111	100.0	100.0	100.0	100.0	100.0	100.0	100.0	100.0	100.0	100.0	100.0	100.0	100.0	100.0	100.0	100.0	100.0	100.0	100.0	100.0	100.0	100.0	100.0	100.0	97.22222222222221	100.0	100.0	100.0	100.0	100.0	100.0	100.0	100.0	100.0	100.0	100.0	100.0	100.0	100.0	100.0	100.0	100.0	100.0	100.0	100.0	98.61111111111111	100.0	100.0	100.0	100.0	100.0	100.0	100.0	100.0	100.0	100.0	100.0	100.0	100.0	100.0	100.0	95.83333333333334	100.0	100.0	100.0	100.0	100.0	98.61111111111111	100.0	95.83333333333334	100.0	100.0	100.0	97.22222222222221	100.0	100.0	100.0	100.0	100.0	100.0	100.0	100.0	100.0	100.0	100.0	100.0	100.0	100.0	100.0	100.0	98.61111111111111	100.0	100.0	100.0	100.0	100.0	100.0	100.0	100.0	98.61111111111111	100.0	100.0	100.0	100.0	100.0	100.0	100.0	100.0	100.0	100.0	97.22222222222221	100.0	100.0	98.61111111111111	100.0	100.0	100.0	100.0	100.0	100.0	100.0	100.0	100.0	100.0	100.0	100.0	100.0	100.0	100.0	100.0	100.0	100.0	100.0	100.0	100.0	100.0	98.61111111111111	100.0	100.0	100.0	100.0	100.0	100.0	100.0	100.0	100.0	100.0	100.0	94.44444444444444	100.0	100.0	100.0	100.0	100.0	100.0	100.0	100.0	100.0	100.0	100.0	100.0	100.0	100.0	100.0	100.0	100.0	100.0	100.0	100.0	100.0	100.0	100.0	100.0	100.0	100.0	100.0	100.0	100.0	100.0	95.83333333333334	100.0	100.0	100.0	100.0	100.0	100.0	100.0	100.0	100.0	100.0	100.0	100.0	100.0	100.0	100.0	98.61111111111111	100.0	100.0	100.0	100.0	100.0	100.0	100.0	98.61111111111111	100.0	100.0	100.0	100.0	100.0	100.0	100.0	100.0	100.0	100.0	100.0	100.0	100.0	100.0	100.0	100.0	100.0	100.0	100.0	100.0	100.0	100.0	100.0	100.0	100.0	100.0	100.0	100.0	100.0	100.0	100.0	100.0	100.0	100.0	100.0	100.0	100.0	100.0	100.0	100.0	100.0	100.0	100.0	100.0	100.0	100.0	100.0	100.0	100.0	100.0	100.0	98.61111111111111	100.0	100.0	100.0	100.0	100.0	100.0	100.0	100.0	100.0	100.0	100.0	100.0	100.0	100.0	100.0	100.0	100.0	97.22222222222221	100.0	100.0	100.0	98.61111111111111	100.0	100.0	100.0	100.0	100.0	100.0	100.0	100.0	100.0	100.0	100.0	100.0	98.61111111111111	100.0	100.0	100.0	100.0	100.0	100.0	100.0	100.0	100.0	100.0	100.0	100.0	98.61111111111111	100.0	100.0	100.0	100.0	100.0	100.0	100.0	100.0	100.0	100.0	100.0	100.0	98.61111111111111	100.0	100.0	100.0	100.0	100.0	100.0	100.0	100.0	100.0	100.0	100.0	100.0	100.0	100.0	100.0	100.0	100.0	100.0	100.0	100.0	97.22222222222221	98.61111111111111	100.0	100.0	100.0	100.0	100.0	100.0	100.0	100.0	100.0	100.0	100.0	100.0	100.0
1998	100.0	100.0	97.84946236559139	100.0	100.0	100.0	100.0	100.0	100.0	100.0	100.0	100.0	100.0	100.0	98.9247311827957	98.9247311827957	100.0	96.7741935483871	98.9247311827957	100.0	100.0	100.0	98.9247311827957	98.9247311827957	100.0	100.0	100.0	100.0	100.0	100.0	100.0	100.0	100.0	100.0	97.84946236559139	98.9247311827957	100.0	100.0	100.0	100.0	98.9247311827957	100.0	100.0	100.0	100.0	100.0	100.0	100.0	92.47311827956989	100.0	100.0	100.0	100.0	100.0	100.0	100.0	100.0	100.0	100.0	98.9247311827957	100.0	100.0	100.0	100.0	100.0	100.0	100.0	100.0	100.0	96.7741935483871	100.0	100.0	100.0	100.0	100.0	98.9247311827957	100.0	98.9247311827957	100.0	100.0	100.0	100.0	100.0	100.0	100.0	100.0	100.0	100.0	100.0	100.0	100.0	100.0	100.0	98.9247311827957	97.84946236559139	100.0	100.0	100.0	100.0	100.0	100.0	100.0	100.0	100.0	100.0	100.0	100.0	100.0	100.0	100.0	100.0	91.39784946236558	100.0	100.0	100.0	100.0	100.0	100.0	100.0	100.0	100.0	97.84946236559139	100.0	100.0	100.0	98.9247311827957	100.0	98.9247311827957	100.0	100.0	100.0	100.0	100.0	100.0	100.0	100.0	100.0	100.0	100.0	94.6236559139785	100.0	100.0	100.0	97.84946236559139	97.84946236559139	100.0	100.0	100.0	100.0	100.0	97.84946236559139	100.0	96.7741935483871	100.0	100.0	100.0	100.0	98.9247311827957	100.0	97.84946236559139	97.84946236559139	100.0	100.0	100.0	100.0	100.0	100.0	100.0	100.0	100.0	100.0	100.0	100.0	96.7741935483871	100.0	97.84946236559139	100.0	100.0	100.0	100.0	100.0	100.0	98.9247311827957	100.0	100.0	100.0	100.0	100.0	96.7741935483871	100.0	100.0	100.0	100.0	100.0	100.0	100.0	100.0	98.9247311827957	100.0	100.0	100.0	100.0	100.0	100.0	98.9247311827957	100.0	100.0	100.0	100.0	100.0	100.0	100.0	100.0	97.84946236559139	98.9247311827957	100.0	100.0	100.0	100.0	100.0	100.0	100.0	97.84946236559139	100.0	100.0	100.0	100.0	98.9247311827957	98.9247311827957	100.0	100.0	97.84946236559139	100.0	100.0	100.0	100.0	100.0	96.7741935483871	97.84946236559139	100.0	98.9247311827957	100.0	100.0	100.0	100.0	100.0	100.0	98.9247311827957	100.0	100.0	100.0	100.0	100.0	98.9247311827957	98.9247311827957	100.0	100.0	98.9247311827957	100.0	98.9247311827957	100.0	100.0	100.0	100.0	100.0	100.0	100.0	100.0	100.0	100.0	100.0	100.0	100.0	100.0	100.0	100.0	100.0	100.0	98.9247311827957	97.84946236559139	96.7741935483871	100.0	100.0	92.47311827956989	97.84946236559139	100.0	100.0	96.7741935483871	98.9247311827957	100.0	100.0	98.9247311827957	100.0	100.0	100.0	100.0	100.0	98.9247311827957	100.0	100.0	100.0	100.0	100.0	100.0	98.9247311827957	100.0	100.0	100.0	100.0	100.0	100.0	100.0	100.0	100.0	100.0	100.0	100.0	100.0	100.0	100.0	100.0	100.0	100.0	100.0	98.9247311827957	100.0	100.0	96.7741935483871	100.0	100.0	100.0	100.0	100.0	100.0	100.0	100.0	100.0	100.0	100.0	100.0	100.0	100.0	100.0	97.84946236559139	100.0	100.0	100.0	100.0	100.0	100.0	98.9247311827957	100.0	100.0	100.0	100.0	100.0	100.0	100.0	100.0	100.0	100.0	100.0	93.54838709677419	100.0	100.0	100.0	100.0	100.0	100.0	100.0	100.0	100.0	100.0	100.0	100.0	100.0	98.9247311827957	100.0	100.0	100.0	100.0	100.0	100.0	100.0	100.0	100.0	100.0	100.0	100.0	100.0	98.9247311827957	100.0	100.0	97.84946236559139	100.0	100.0	100.0	100.0	100.0	100.0	100.0	100.0	100.0	100.0	100.0	98.9247311827957	100.0	100.0	100.0	100.0	100.0	100.0	100.0	100.0	100.0	100.0	100.0	100.0	100.0	100.0	100.0	98.9247311827957	100.0	100.0	100.0	100.0	98.9247311827957	100.0	100.0	100.0	100.0	100.0	100.0	98.9247311827957	100.0	100.0	100.0	100.0	100.0	100.0	100.0	100.0	100.0	100.0	100.0	100.0	100.0	100.0	100.0	100.0	100.0	100.0	100.0	100.0	100.0	100.0	100.0	100.0	100.0	100.0	98.9247311827957	100.0	100.0	100.0	100.0	100.0	100.0	100.0	100.0	100.0	100.0	100.0	100.0	100.0	100.0	100.0	100.0	100.0	100.0	100.0	100.0	100.0	100.0	100.0	100.0	100.0	100.0	97.84946236559139	100.0	98.9247311827957	100.0	100.0	100.0	100.0	100.0	100.0	100.0	100.0	100.0	100.0	100.0	100.0	100.0	100.0	100.0	100.0	100.0	100.0	100.0	100.0	100.0	100.0	100.0	98.9247311827957	100.0	100.0	100.0	97.84946236559139	100.0	100.0	97.84946236559139	100.0	100.0	100.0	100.0	100.0	100.0	98.9247311827957	98.9247311827957	100.0	98.9247311827957	100.0	100.0	100.0	100.0	100.0	100.0	100.0	100.0	100.0	100.0	100.0	100.0	100.0	100.0	100.0	100.0	100.0	100.0	100.0	100.0	97.84946236559139	100.0	100.0	100.0	100.0	100.0	100.0	100.0	100.0	100.0	100.0	100.0	100.0	100.0	100.0
1999	100.0	100.0	99.4475138121547	99.4475138121547	100.0	100.0	100.0	100.0	100.0	100.0	100.0	100.0	99.4475138121547	99.4475138121547	100.0	99.4475138121547	100.0	92.26519337016575	100.0	99.4475138121547	100.0	99.4475138121547	100.0	100.0	100.0	99.4475138121547	100.0	100.0	100.0	100.0	100.0	100.0	100.0	100.0	100.0	100.0	99.4475138121547	100.0	100.0	100.0	98.34254143646409	100.0	100.0	100.0	100.0	100.0	100.0	99.4475138121547	96.68508287292818	100.0	100.0	100.0	100.0	100.0	100.0	100.0	100.0	100.0	98.34254143646409	100.0	100.0	100.0	100.0	100.0	100.0	100.0	100.0	100.0	100.0	98.89502762430939	100.0	100.0	100.0	100.0	100.0	100.0	100.0	98.89502762430939	98.34254143646409	100.0	99.4475138121547	100.0	100.0	99.4475138121547	100.0	100.0	100.0	100.0	100.0	100.0	100.0	100.0	100.0	98.34254143646409	93.92265193370166	100.0	99.4475138121547	99.4475138121547	99.4475138121547	100.0	100.0	99.4475138121547	100.0	98.89502762430939	100.0	100.0	100.0	100.0	99.4475138121547	100.0	100.0	98.34254143646409	100.0	100.0	100.0	100.0	99.4475138121547	100.0	100.0	99.4475138121547	100.0	99.4475138121547	100.0	100.0	100.0	99.4475138121547	100.0	100.0	99.4475138121547	100.0	99.4475138121547	100.0	100.0	100.0	100.0	100.0	100.0	99.4475138121547	100.0	96.68508287292818	100.0	99.4475138121547	100.0	100.0	100.0	98.89502762430939	100.0	100.0	100.0	100.0	97.79005524861878	100.0	100.0	100.0	100.0	100.0	100.0	100.0	100.0	98.89502762430939	96.68508287292818	100.0	100.0	100.0	100.0	100.0	100.0	100.0	100.0	100.0	100.0	100.0	100.0	97.23756906077348	98.89502762430939	98.89502762430939	100.0	100.0	100.0	100.0	100.0	100.0	99.4475138121547	100.0	100.0	100.0	100.0	100.0	93.37016574585635	100.0	100.0	100.0	100.0	100.0	100.0	100.0	100.0	99.4475138121547	100.0	100.0	100.0	100.0	100.0	98.89502762430939	100.0	100.0	100.0	99.4475138121547	100.0	100.0	100.0	100.0	100.0	96.13259668508287	100.0	100.0	100.0	100.0	100.0	100.0	100.0	100.0	98.89502762430939	100.0	100.0	100.0	100.0	98.89502762430939	99.4475138121547	99.4475138121547	99.4475138121547	98.89502762430939	100.0	100.0	100.0	100.0	100.0	98.34254143646409	100.0	100.0	100.0	100.0	100.0	100.0	100.0	99.4475138121547	100.0	100.0	100.0	100.0	100.0	100.0	100.0	100.0	100.0	100.0	100.0	98.89502762430939	100.0	100.0	100.0	100.0	100.0	100.0	100.0	100.0	100.0	100.0	100.0	100.0	100.0	100.0	100.0	100.0	100.0	99.4475138121547	98.34254143646409	99.4475138121547	99.4475138121547	100.0	100.0	100.0	100.0	96.13259668508287	99.4475138121547	100.0	100.0	99.4475138121547	97.23756906077348	100.0	99.4475138121547	100.0	100.0	100.0	99.4475138121547	99.4475138121547	100.0	100.0	100.0	100.0	100.0	100.0	100.0	99.4475138121547	100.0	100.0	100.0	99.4475138121547	100.0	100.0	100.0	100.0	100.0	99.4475138121547	100.0	100.0	100.0	100.0	100.0	99.4475138121547	100.0	100.0	100.0	100.0	96.13259668508287	100.0	99.4475138121547	98.34254143646409	100.0	100.0	100.0	100.0	100.0	100.0	100.0	100.0	100.0	100.0	99.4475138121547	99.4475138121547	100.0	100.0	100.0	96.13259668508287	100.0	100.0	99.4475138121547	100.0	99.4475138121547	100.0	98.34254143646409	100.0	100.0	100.0	100.0	100.0	100.0	100.0	100.0	100.0	100.0	100.0	94.47513812154696	100.0	100.0	100.0	100.0	100.0	100.0	100.0	100.0	100.0	100.0	100.0	100.0	100.0	100.0	100.0	100.0	100.0	100.0	100.0	100.0	100.0	100.0	100.0	100.0	100.0	99.4475138121547	100.0	100.0	100.0	100.0	95.58011049723757	100.0	100.0	100.0	100.0	100.0	100.0	100.0	100.0	100.0	100.0	100.0	100.0	100.0	100.0	100.0	100.0	100.0	100.0	100.0	100.0	100.0	100.0	100.0	100.0	100.0	100.0	100.0	100.0	100.0	100.0	100.0	99.4475138121547	100.0	100.0	100.0	100.0	100.0	99.4475138121547	100.0	99.4475138121547	100.0	100.0	100.0	100.0	100.0	100.0	100.0	100.0	100.0	100.0	100.0	100.0	99.4475138121547	100.0	100.0	100.0	100.0	100.0	100.0	100.0	100.0	100.0	100.0	100.0	100.0	100.0	100.0	100.0	100.0	100.0	100.0	100.0	100.0	100.0	100.0	100.0	100.0	100.0	100.0	100.0	100.0	100.0	100.0	100.0	100.0	100.0	100.0	100.0	100.0	100.0	100.0	100.0	100.0	98.34254143646409	100.0	100.0	100.0	100.0	100.0	100.0	99.4475138121547	100.0	100.0	100.0	100.0	100.0	100.0	100.0	100.0	100.0	100.0	100.0	100.0	100.0	100.0	100.0	100.0	100.0	100.0	100.0	100.0	100.0	100.0	100.0	100.0	99.4475138121547	99.4475138121547	100.0	100.0	99.4475138121547	99.4475138121547	100.0	100.0	100.0	100.0	100.0	100.0	100.0	100.0	100.0	100.0	100.0	100.0	100.0	100.0	100.0	100.0	100.0	99.4475138121547	100.0	99.4475138121547	98.89502762430939	100.0	100.0	100.0	100.0	100.0	98.89502762430939	100.0	100.0	100.0	100.0	100.0	100.0	100.0	100.0	100.0	100.0	100.0	100.0	100.0	100.0
2000	100.0	100.0	100.0	100.0	100.0	100.0	100.0	100.0	100.0	99.43502824858757	100.0	100.0	99.43502824858757	98.87005649717514	100.0	100.0	100.0	95.48022598870057	99.43502824858757	100.0	100.0	99.43502824858757	100.0	100.0	100.0	100.0	100.0	97.74011299435028	100.0	100.0	99.43502824858757	100.0	100.0	100.0	100.0	100.0	100.0	100.0	100.0	100.0	98.30508474576271	100.0	100.0	100.0	100.0	100.0	98.87005649717514	100.0	93.78531073446328	100.0	100.0	100.0	100.0	100.0	100.0	100.0	99.43502824858757	100.0	99.43502824858757	100.0	99.43502824858757	100.0	100.0	100.0	99.43502824858757	100.0	100.0	100.0	99.43502824858757	97.17514124293785	100.0	100.0	100.0	98.87005649717514	100.0	100.0	99.43502824858757	98.87005649717514	100.0	100.0	99.43502824858757	100.0	100.0	100.0	99.43502824858757	100.0	100.0	100.0	100.0	100.0	100.0	100.0	100.0	99.43502824858757	97.17514124293785	98.30508474576271	100.0	99.43502824858757	99.43502824858757	100.0	99.43502824858757	100.0	100.0	100.0	100.0	100.0	100.0	99.43502824858757	100.0	100.0	100.0	97.74011299435028	100.0	100.0	100.0	100.0	100.0	100.0	100.0	99.43502824858757	100.0	98.87005649717514	100.0	100.0	100.0	100.0	100.0	100.0	100.0	100.0	100.0	100.0	100.0	100.0	100.0	100.0	100.0	100.0	100.0	93.78531073446328	100.0	100.0	100.0	98.87005649717514	100.0	99.43502824858757	100.0	100.0	100.0	100.0	97.74011299435028	100.0	100.0	100.0	100.0	100.0	100.0	100.0	100.0	97.74011299435028	94.91525423728814	100.0	100.0	100.0	100.0	99.43502824858757	100.0	100.0	100.0	100.0	100.0	100.0	100.0	97.17514124293785	100.0	97.74011299435028	100.0	100.0	100.0	99.43502824858757	99.43502824858757	100.0	100.0	99.43502824858757	100.0	100.0	100.0	99.43502824858757	94.91525423728814	100.0	98.30508474576271	99.43502824858757	100.0	100.0	100.0	100.0	100.0	97.74011299435028	99.43502824858757	100.0	100.0	99.43502824858757	99.43502824858757	100.0	99.43502824858757	99.43502824858757	100.0	99.43502824858757	99.43502824858757	100.0	99.43502824858757	100.0	100.0	98.30508474576271	100.0	100.0	100.0	100.0	100.0	100.0	100.0	100.0	100.0	100.0	100.0	100.0	100.0	98.30508474576271	100.0	99.43502824858757	100.0	99.43502824858757	99.43502824858757	100.0	99.43502824858757	100.0	100.0	100.0	98.87005649717514	100.0	100.0	100.0	99.43502824858757	100.0	100.0	100.0	100.0	100.0	100.0	100.0	100.0	100.0	100.0	98.87005649717514	100.0	100.0	99.43502824858757	98.87005649717514	100.0	99.43502824858757	100.0	100.0	100.0	99.43502824858757	100.0	100.0	100.0	100.0	100.0	100.0	100.0	100.0	100.0	100.0	100.0	98.30508474576271	98.87005649717514	100.0	99.43502824858757	96.61016949152543	97.74011299435028	100.0	99.43502824858757	93.22033898305084	100.0	100.0	100.0	97.74011299435028	97.74011299435028	99.43502824858757	100.0	98.87005649717514	100.0	98.87005649717514	98.87005649717514	100.0	100.0	99.43502824858757	100.0	100.0	100.0	100.0	100.0	100.0	97.17514124293785	100.0	100.0	100.0	100.0	99.43502824858757	100.0	99.43502824858757	99.43502824858757	99.43502824858757	100.0	100.0	100.0	100.0	100.0	98.87005649717514	99.43502824858757	100.0	100.0	100.0	100.0	100.0	100.0	99.43502824858757	100.0	100.0	100.0	100.0	100.0	100.0	100.0	100.0	100.0	100.0	100.0	100.0	100.0	100.0	100.0	93.78531073446328	100.0	100.0	100.0	100.0	100.0	100.0	98.30508474576271	100.0	100.0	100.0	100.0	100.0	100.0	100.0	100.0	100.0	100.0	100.0	90.3954802259887	100.0	100.0	100.0	100.0	100.0	100.0	100.0	100.0	99.43502824858757	100.0	98.87005649717514	100.0	100.0	99.43502824858757	100.0	100.0	98.87005649717514	100.0	100.0	100.0	100.0	100.0	100.0	100.0	100.0	100.0	100.0	99.43502824858757	100.0	100.0	97.17514124293785	100.0	100.0	100.0	100.0	100.0	100.0	100.0	99.43502824858757	100.0	100.0	100.0	99.43502824858757	100.0	100.0	100.0	100.0	100.0	100.0	100.0	100.0	100.0	100.0	100.0	100.0	100.0	100.0	99.43502824858757	99.43502824858757	100.0	98.30508474576271	100.0	100.0	100.0	100.0	100.0	100.0	100.0	100.0	100.0	98.30508474576271	100.0	99.43502824858757	100.0	100.0	100.0	100.0	100.0	100.0	100.0	100.0	100.0	100.0	100.0	100.0	100.0	100.0	100.0	100.0	100.0	100.0	100.0	100.0	100.0	100.0	100.0	100.0	100.0	100.0	100.0	100.0	100.0	99.43502824858757	100.0	100.0	100.0	100.0	100.0	100.0	100.0	100.0	100.0	100.0	99.43502824858757	100.0	100.0	100.0	100.0	100.0	100.0	100.0	100.0	100.0	100.0	98.87005649717514	100.0	100.0	100.0	100.0	100.0	100.0	100.0	100.0	100.0	99.43502824858757	100.0	99.43502824858757	100.0	100.0	100.0	100.0	99.43502824858757	100.0	100.0	100.0	100.0	100.0	100.0	100.0	100.0	99.43502824858757	100.0	100.0	100.0	99.43502824858757	100.0	100.0	100.0	100.0	100.0	99.43502824858757	99.43502824858757	98.87005649717514	100.0	100.0	100.0	99.43502824858757	99.43502824858757	100.0	100.0	100.0	100.0	100.0	100.0	100.0	100.0	100.0	100.0	100.0	100.0	100.0	100.0	99.43502824858757	100.0	100.0	100.0	100.0	100.0	100.0	100.0	100.0	100.0	100.0	100.0	100.0	100.0	100.0	100.0	100.0	100.0	100.0	100.0	100.0
2001	100.0	100.0	100.0	100.0	100.0	100.0	100.0	100.0	100.0	100.0	100.0	100.0	100.0	100.0	98.96907216494846	100.0	100.0	91.75257731958763	100.0	100.0	100.0	96.90721649484536	100.0	98.96907216494846	100.0	100.0	100.0	100.0	100.0	100.0	100.0	100.0	100.0	100.0	98.96907216494846	100.0	98.96907216494846	100.0	100.0	100.0	100.0	100.0	100.0	100.0	100.0	100.0	100.0	98.96907216494846	97.9381443298969	100.0	100.0	100.0	100.0	100.0	100.0	100.0	100.0	100.0	98.96907216494846	100.0	100.0	100.0	100.0	100.0	100.0	100.0	100.0	100.0	100.0	93.81443298969072	100.0	100.0	100.0	100.0	98.96907216494846	100.0	100.0	97.9381443298969	100.0	100.0	98.96907216494846	100.0	100.0	100.0	100.0	100.0	100.0	100.0	100.0	100.0	100.0	100.0	100.0	95.87628865979381	96.90721649484536	100.0	100.0	100.0	100.0	100.0	100.0	100.0	100.0	98.96907216494846	100.0	100.0	98.96907216494846	97.9381443298969	100.0	100.0	98.96907216494846	93.81443298969072	100.0	100.0	100.0	100.0	100.0	100.0	100.0	100.0	100.0	97.9381443298969	100.0	100.0	100.0	100.0	100.0	100.0	100.0	100.0	100.0	100.0	100.0	100.0	98.96907216494846	100.0	100.0	100.0	100.0	98.96907216494846	100.0	100.0	100.0	98.96907216494846	100.0	100.0	100.0	100.0	100.0	100.0	94.84536082474226	100.0	100.0	100.0	100.0	100.0	100.0	100.0	98.96907216494846	94.84536082474226	91.75257731958763	100.0	100.0	100.0	100.0	100.0	100.0	100.0	100.0	100.0	100.0	100.0	100.0	93.81443298969072	100.0	94.84536082474226	100.0	100.0	100.0	100.0	100.0	100.0	100.0	100.0	100.0	100.0	100.0	100.0	90.72164948453609	100.0	98.96907216494846	100.0	100.0	100.0	100.0	100.0	100.0	97.9381443298969	100.0	100.0	100.0	100.0	100.0	98.96907216494846	98.96907216494846	100.0	98.96907216494846	98.96907216494846	98.96907216494846	98.96907216494846	98.96907216494846	98.96907216494846	98.96907216494846	96.90721649484536	96.90721649484536	98.96907216494846	98.96907216494846	98.96907216494846	98.96907216494846	98.96907216494846	98.96907216494846	98.96907216494846	98.96907216494846	98.96907216494846	98.96907216494846	98.96907216494846	98.96907216494846	98.96907216494846	98.96907216494846	98.96907216494846	98.96907216494846	94.84536082474226	98.96907216494846	98.96907216494846	98.96907216494846	98.96907216494846	98.96907216494846	97.9381443298969	94.84536082474226	98.96907216494846	98.96907216494846	98.96907216494846	97.9381443298969	98.96907216494846	98.96907216494846	97.9381443298969	98.96907216494846	98.96907216494846	98.96907216494846	98.96907216494846	98.96907216494846	98.96907216494846	98.96907216494846	98.96907216494846	97.9381443298969	98.96907216494846	98.96907216494846	96.90721649484536	98.96907216494846	97.9381443298969	97.9381443298969	98.96907216494846	98.96907216494846	98.96907216494846	100.0	100.0	100.0	100.0	100.0	100.0	100.0	100.0	100.0	100.0	100.0	100.0	98.96907216494846	98.96907216494846	100.0	97.9381443298969	97.9381443298969	100.0	100.0	94.84536082474226	100.0	100.0	100.0	96.90721649484536	96.90721649484536	100.0	100.0	100.0	100.0	100.0	100.0	98.96907216494846	100.0	100.0	100.0	100.0	100.0	100.0	100.0	100.0	98.96907216494846	100.0	98.96907216494846	100.0	100.0	100.0	100.0	100.0	98.96907216494846	100.0	100.0	100.0	100.0	100.0	100.0	96.90721649484536	100.0	100.0	100.0	100.0	96.90721649484536	100.0	100.0	98.96907216494846	100.0	100.0	100.0	100.0	100.0	100.0	100.0	100.0	100.0	100.0	100.0	100.0	100.0	100.0	100.0	92.78350515463917	100.0	100.0	100.0	100.0	100.0	100.0	98.96907216494846	100.0	100.0	100.0	100.0	100.0	100.0	100.0	100.0	100.0	100.0	100.0	95.87628865979381	100.0	100.0	100.0	100.0	100.0	100.0	100.0	100.0	100.0	100.0	100.0	100.0	100.0	100.0	100.0	100.0	100.0	100.0	100.0	100.0	100.0	100.0	100.0	100.0	100.0	100.0	100.0	100.0	100.0	100.0	96.90721649484536	100.0	100.0	100.0	100.0	98.96907216494846	100.0	100.0	100.0	100.0	100.0	100.0	100.0	100.0	100.0	100.0	100.0	100.0	100.0	100.0	100.0	100.0	100.0	100.0	97.9381443298969	100.0	100.0	100.0	100.0	100.0	100.0	98.96907216494846	100.0	100.0	100.0	100.0	98.96907216494846	100.0	100.0	100.0	97.9381443298969	100.0	100.0	100.0	100.0	100.0	100.0	100.0	100.0	100.0	100.0	100.0	97.9381443298969	98.96907216494846	100.0	100.0	100.0	100.0	100.0	100.0	100.0	100.0	100.0	100.0	100.0	100.0	100.0	100.0	100.0	100.0	100.0	100.0	98.96907216494846	100.0	97.9381443298969	100.0	100.0	100.0	100.0	100.0	100.0	100.0	100.0	100.0	100.0	100.0	100.0	100.0	100.0	100.0	100.0	100.0	100.0	100.0	97.9381443298969	100.0	100.0	100.0	100.0	100.0	100.0	100.0	100.0	100.0	100.0	100.0	100.0	100.0	100.0	100.0	100.0	98.96907216494846	100.0	100.0	100.0	100.0	100.0	100.0	100.0	100.0	100.0	100.0	100.0	100.0	97.9381443298969	100.0	100.0	98.96907216494846	100.0	100.0	100.0	100.0	98.96907216494846	100.0	100.0	100.0	100.0	100.0	100.0	100.0	100.0	100.0	100.0	100.0	100.0	100.0	100.0	100.0	100.0	98.96907216494846	100.0	100.0	98.96907216494846	100.0	100.0	100.0	100.0	100.0	100.0	100.0	100.0	100.0	100.0	100.0	100.0	100.0	100.0	100.0	100.0	100.0	100.0	100.0	100.0
2002	100.0	100.0	98.68421052631578	100.0	100.0	100.0	100.0	100.0	100.0	100.0	100.0	100.0	100.0	100.0	100.0	99.56140350877193	100.0	96.9298245614035	100.0	100.0	100.0	99.12280701754386	99.56140350877193	99.12280701754386	100.0	100.0	100.0	98.24561403508771	100.0	100.0	100.0	100.0	100.0	100.0	99.56140350877193	100.0	100.0	100.0	100.0	100.0	100.0	100.0	100.0	100.0	100.0	99.56140350877193	100.0	100.0	94.73684210526315	100.0	100.0	100.0	99.56140350877193	100.0	100.0	100.0	100.0	100.0	100.0	100.0	100.0	100.0	100.0	100.0	100.0	100.0	99.56140350877193	100.0	100.0	98.68421052631578	100.0	100.0	99.56140350877193	99.56140350877193	99.56140350877193	100.0	100.0	97.36842105263158	100.0	100.0	99.56140350877193	100.0	100.0	100.0	99.56140350877193	100.0	100.0	100.0	100.0	100.0	100.0	100.0	100.0	99.12280701754386	98.24561403508771	100.0	100.0	100.0	99.56140350877193	100.0	99.12280701754386	100.0	100.0	99.12280701754386	100.0	100.0	100.0	100.0	100.0	100.0	100.0	99.56140350877193	100.0	100.0	100.0	100.0	100.0	99.56140350877193	100.0	99.56140350877193	100.0	99.56140350877193	100.0	100.0	100.0	100.0	100.0	100.0	100.0	100.0	100.0	100.0	99.56140350877193	100.0	99.56140350877193	99.56140350877193	100.0	99.56140350877193	100.0	95.17543859649122	100.0	99.12280701754386	100.0	100.0	100.0	100.0	99.12280701754386	100.0	100.0	100.0	98.24561403508771	100.0	100.0	100.0	99.56140350877193	100.0	99.56140350877193	100.0	100.0	97.80701754385966	95.6140350877193	100.0	100.0	100.0	99.56140350877193	100.0	100.0	100.0	100.0	100.0	100.0	100.0	100.0	97.80701754385966	99.56140350877193	98.24561403508771	100.0	100.0	100.0	100.0	99.56140350877193	100.0	100.0	99.56140350877193	99.56140350877193	100.0	99.56140350877193	100.0	96.05263157894737	100.0	100.0	99.56140350877193	100.0	100.0	100.0	100.0	100.0	98.68421052631578	100.0	100.0	100.0	100.0	99.56140350877193	99.56140350877193	98.68421052631578	99.12280701754386	100.0	100.0	100.0	100.0	100.0	100.0	100.0	99.56140350877193	99.56140350877193	100.0	100.0	100.0	100.0	100.0	100.0	100.0	99.56140350877193	99.56140350877193	99.56140350877193	100.0	100.0	99.56140350877193	99.56140350877193	98.68421052631578	100.0	99.56140350877193	99.56140350877193	100.0	100.0	100.0	100.0	100.0	98.68421052631578	100.0	100.0	100.0	100.0	100.0	100.0	100.0	100.0	100.0	100.0	100.0	100.0	100.0	100.0	100.0	99.12280701754386	100.0	100.0	98.24561403508771	99.56140350877193	100.0	100.0	100.0	100.0	100.0	100.0	100.0	100.0	100.0	100.0	100.0	100.0	100.0	100.0	100.0	100.0	99.12280701754386	100.0	99.12280701754386	99.56140350877193	97.80701754385966	100.0	100.0	100.0	92.98245614035088	100.0	100.0	99.56140350877193	98.68421052631578	98.68421052631578	99.56140350877193	100.0	99.56140350877193	100.0	99.56140350877193	100.0	100.0	100.0	100.0	100.0	100.0	99.56140350877193	100.0	100.0	100.0	99.12280701754386	100.0	100.0	100.0	100.0	99.56140350877193	100.0	100.0	100.0	100.0	100.0	100.0	100.0	100.0	99.56140350877193	99.56140350877193	100.0	100.0	100.0	100.0	94.73684210526315	100.0	100.0	99.12280701754386	100.0	100.0	100.0	100.0	100.0	100.0	100.0	100.0	100.0	100.0	100.0	100.0	100.0	100.0	100.0	95.6140350877193	100.0	100.0	99.56140350877193	100.0	99.56140350877193	100.0	98.24561403508771	100.0	100.0	100.0	100.0	100.0	100.0	100.0	100.0	99.56140350877193	100.0	100.0	92.98245614035088	100.0	100.0	100.0	100.0	100.0	100.0	100.0	100.0	100.0	100.0	100.0	100.0	100.0	100.0	100.0	100.0	100.0	100.0	100.0	100.0	100.0	100.0	100.0	100.0	100.0	99.56140350877193	100.0	100.0	100.0	100.0	98.24561403508771	100.0	100.0	100.0	100.0	100.0	100.0	100.0	100.0	100.0	100.0	99.56140350877193	100.0	100.0	100.0	100.0	100.0	100.0	100.0	100.0	100.0	100.0	100.0	100.0	100.0	100.0	100.0	99.56140350877193	100.0	100.0	100.0	100.0	100.0	100.0	100.0	100.0	100.0	100.0	100.0	100.0	97.80701754385966	100.0	100.0	100.0	100.0	100.0	100.0	100.0	100.0	100.0	100.0	100.0	100.0	99.12280701754386	100.0	100.0	100.0	100.0	100.0	100.0	100.0	100.0	100.0	100.0	100.0	100.0	100.0	100.0	100.0	100.0	100.0	100.0	100.0	100.0	100.0	100.0	100.0	100.0	100.0	100.0	100.0	100.0	100.0	100.0	100.0	100.0	100.0	100.0	100.0	100.0	99.56140350877193	100.0	100.0	100.0	100.0	100.0	100.0	100.0	99.56140350877193	100.0	100.0	100.0	100.0	100.0	100.0	100.0	100.0	100.0	100.0	100.0	100.0	99.56140350877193	100.0	100.0	100.0	100.0	100.0	100.0	100.0	99.56140350877193	100.0	100.0	100.0	100.0	99.56140350877193	100.0	100.0	99.56140350877193	100.0	100.0	99.56140350877193	100.0	100.0	100.0	100.0	100.0	100.0	100.0	100.0	100.0	100.0	100.0	100.0	100.0	100.0	100.0	100.0	100.0	100.0	100.0	100.0	100.0	99.12280701754386	100.0	100.0	100.0	100.0	100.0	100.0	100.0	100.0	100.0	100.0	100.0	100.0	100.0	100.0	100.0	100.0	100.0	100.0	100.0	100.0
2003	100.0	100.0	95.76059850374065	99.75062344139651	100.0	100.0	99.75062344139651	99.75062344139651	97.0074812967581	99.75062344139651	100.0	100.0	99.75062344139651	100.0	100.0	99.50124688279301	100.0	93.51620947630923	97.0074812967581	100.0	100.0	99.00249376558602	100.0	100.0	100.0	100.0	100.0	99.25187032418953	100.0	100.0	100.0	100.0	100.0	100.0	98.00498753117208	100.0	100.0	100.0	100.0	100.0	99.00249376558602	100.0	100.0	99.75062344139651	99.75062344139651	100.0	100.0	100.0	94.76309226932669	100.0	100.0	100.0	100.0	100.0	100.0	100.0	100.0	100.0	99.75062344139651	99.75062344139651	97.0074812967581	100.0	100.0	97.0074812967581	99.75062344139651	97.2568578553616	100.0	100.0	96.75810473815461	99.00249376558602	100.0	100.0	100.0	100.0	100.0	99.75062344139651	100.0	95.01246882793018	99.75062344139651	100.0	99.25187032418953	100.0	100.0	100.0	100.0	99.75062344139651	100.0	100.0	100.0	100.0	99.75062344139651	100.0	100.0	99.25187032418953	97.2568578553616	100.0	99.25187032418953	99.75062344139651	97.0074812967581	100.0	100.0	99.75062344139651	100.0	99.50124688279301	100.0	100.0	99.75062344139651	97.0074812967581	99.75062344139651	97.0074812967581	100.0	97.0074812967581	100.0	100.0	100.0	100.0	100.0	100.0	100.0	99.75062344139651	99.75062344139651	99.50124688279301	100.0	100.0	99.75062344139651	100.0	100.0	100.0	100.0	100.0	100.0	100.0	100.0	100.0	100.0	100.0	97.0074812967581	97.0074812967581	100.0	97.0074812967581	100.0	99.75062344139651	100.0	99.50124688279301	100.0	100.0	97.0074812967581	100.0	100.0	100.0	95.76059850374065	100.0	99.75062344139651	99.75062344139651	100.0	97.2568578553616	100.0	97.2568578553616	100.0	99.00249376558602	94.51371571072319	100.0	100.0	100.0	98.50374064837905	100.0	100.0	100.0	100.0	100.0	100.0	97.0074812967581	99.75062344139651	96.25935162094763	97.0074812967581	99.00249376558602	100.0	100.0	99.50124688279301	97.0074812967581	100.0	100.0	100.0	100.0	98.50374064837905	100.0	97.0074812967581	99.75062344139651	93.76558603491272	100.0	100.0	100.0	100.0	100.0	100.0	100.0	100.0	98.75311720698254	100.0	100.0	100.0	97.0074812967581	100.0	99.75062344139651	96.75810473815461	96.50872817955111	100.0	97.0074812967581	97.0074812967581	100.0	97.0074812967581	100.0	100.0	95.01246882793018	99.50124688279301	100.0	100.0	100.0	100.0	100.0	100.0	100.0	99.75062344139651	99.75062344139651	99.75062344139651	100.0	100.0	97.0074812967581	99.75062344139651	99.00249376558602	100.0	99.75062344139651	100.0	100.0	100.0	100.0	99.75062344139651	99.75062344139651	98.50374064837905	100.0	97.2568578553616	100.0	99.75062344139651	100.0	100.0	99.50124688279301	100.0	100.0	100.0	100.0	100.0	100.0	100.0	99.75062344139651	99.25187032418953	100.0	100.0	99.25187032418953	98.75311720698254	100.0	99.00249376558602	100.0	99.75062344139651	100.0	100.0	100.0	100.0	100.0	100.0	100.0	100.0	100.0	100.0	100.0	100.0	100.0	98.00498753117208	99.75062344139651	99.50124688279301	98.50374064837905	100.0	100.0	99.75062344139651	91.02244389027432	100.0	100.0	100.0	99.50124688279301	98.75311720698254	100.0	100.0	96.50872817955111	100.0	96.50872817955111	99.75062344139651	99.50124688279301	100.0	99.75062344139651	100.0	100.0	100.0	100.0	100.0	100.0	99.75062344139651	100.0	100.0	100.0	100.0	100.0	100.0	100.0	100.0	100.0	100.0	99.75062344139651	100.0	100.0	100.0	99.50124688279301	100.0	100.0	100.0	100.0	98.75311720698254	100.0	100.0	94.51371571072319	100.0	100.0	100.0	100.0	100.0	100.0	100.0	100.0	100.0	100.0	100.0	99.75062344139651	100.0	100.0	100.0	93.26683291770573	100.0	100.0	100.0	100.0	100.0	100.0	97.50623441396509	100.0	100.0	100.0	100.0	100.0	100.0	100.0	100.0	100.0	100.0	100.0	91.2718204488778	100.0	100.0	100.0	100.0	100.0	100.0	100.0	100.0	99.75062344139651	100.0	99.75062344139651	100.0	100.0	97.0074812967581	100.0	100.0	100.0	100.0	99.75062344139651	99.75062344139651	100.0	99.75062344139651	99.75062344139651	100.0	99.75062344139651	100.0	99.00249376558602	99.75062344139651	100.0	100.0	97.50623441396509	100.0	100.0	100.0	100.0	100.0	100.0	100.0	99.75062344139651	100.0	100.0	100.0	100.0	99.75062344139651	100.0	100.0	100.0	99.50124688279301	100.0	100.0	100.0	100.0	100.0	100.0	99.75062344139651	100.0	100.0	100.0	97.0074812967581	100.0	99.75062344139651	100.0	100.0	100.0	100.0	100.0	100.0	99.75062344139651	100.0	99.75062344139651	98.00498753117208	100.0	100.0	100.0	100.0	100.0	100.0	100.0	100.0	99.25187032418953	100.0	100.0	100.0	100.0	100.0	100.0	100.0	100.0	100.0	100.0	100.0	100.0	100.0	100.0	100.0	100.0	100.0	100.0	100.0	100.0	100.0	99.75062344139651	100.0	100.0	100.0	100.0	100.0	100.0	100.0	100.0	100.0	100.0	100.0	100.0	99.50124688279301	100.0	100.0	100.0	100.0	100.0	100.0	100.0	100.0	100.0	99.00249376558602	100.0	100.0	100.0	99.75062344139651	100.0	100.0	100.0	100.0	100.0	100.0	100.0	97.0074812967581	100.0	100.0	100.0	100.0	96.75810473815461	99.75062344139651	100.0	100.0	99.50124688279301	100.0	100.0	100.0	100.0	99.75062344139651	100.0	100.0	100.0	99.00249376558602	100.0	100.0	99.50124688279301	100.0	100.0	99.75062344139651	99.75062344139651	99.50124688279301	100.0	100.0	100.0	100.0	99.75062344139651	100.0	100.0	100.0	100.0	100.0	100.0	97.0074812967581	100.0	100.0	100.0	100.0	100.0	100.0	97.2568578553616	99.25187032418953	100.0	100.0	100.0	100.0	100.0	100.0	100.0	100.0	100.0	100.0	100.0	100.0	100.0	100.0	99.75062344139651	100.0	100.0	99.75062344139651	100.0	100.0
2004	100.0	100.0	97.97687861271676	99.71098265895954	100.0	100.0	100.0	100.0	99.71098265895954	100.0	100.0	100.0	96.82080924855492	100.0	100.0	100.0	100.0	88.4393063583815	100.0	99.42196531791907	99.71098265895954	100.0	99.13294797687861	99.71098265895954	99.71098265895954	100.0	99.71098265895954	100.0	100.0	100.0	100.0	100.0	100.0	100.0	100.0	100.0	100.0	100.0	100.0	100.0	99.71098265895954	100.0	100.0	99.42196531791907	99.42196531791907	98.84393063583815	98.84393063583815	99.42196531791907	98.84393063583815	99.42196531791907	99.42196531791907	99.42196531791907	99.42196531791907	99.71098265895954	99.42196531791907	99.71098265895954	99.71098265895954	99.42196531791907	99.42196531791907	99.71098265895954	100.0	100.0	100.0	100.0	100.0	100.0	100.0	100.0	100.0	98.84393063583815	100.0	99.71098265895954	100.0	100.0	100.0	100.0	100.0	99.42196531791907	99.71098265895954	100.0	100.0	100.0	99.13294797687861	99.42196531791907	99.42196531791907	99.42196531791907	99.42196531791907	99.42196531791907	99.42196531791907	99.71098265895954	99.71098265895954	99.71098265895954	99.71098265895954	98.84393063583815	89.59537572254335	99.71098265895954	99.42196531791907	99.71098265895954	99.71098265895954	99.42196531791907	99.42196531791907	99.42196531791907	99.42196531791907	99.13294797687861	99.13294797687861	99.13294797687861	98.26589595375722	98.84393063583815	99.13294797687861	98.84393063583815	99.13294797687861	98.55491329479769	99.71098265895954	99.42196531791907	99.42196531791907	99.13294797687861	98.84393063583815	99.13294797687861	99.13294797687861	98.55491329479769	98.84393063583815	98.84393063583815	98.84393063583815	98.84393063583815	98.55491329479769	98.84393063583815	99.13294797687861	99.13294797687861	98.84393063583815	98.55491329479769	99.13294797687861	99.13294797687861	99.13294797687861	98.84393063583815	99.13294797687861	99.13294797687861	98.84393063583815	98.84393063583815	98.84393063583815	98.26589595375722	98.84393063583815	98.84393063583815	98.84393063583815	98.55491329479769	98.84393063583815	98.84393063583815	97.10982658959537	98.84393063583815	98.84393063583815	98.84393063583815	97.10982658959537	98.84393063583815	98.55491329479769	98.84393063583815	98.84393063583815	98.84393063583815	98.84393063583815	98.84393063583815	98.84393063583815	97.6878612716763	96.82080924855492	98.84393063583815	98.84393063583815	98.84393063583815	98.26589595375722	98.84393063583815	98.84393063583815	98.84393063583815	98.84393063583815	98.84393063583815	98.84393063583815	98.84393063583815	98.84393063583815	97.6878612716763	99.13294797687861	97.6878612716763	98.84393063583815	98.84393063583815	98.84393063583815	98.26589595375722	98.55491329479769	97.97687861271676	98.55491329479769	97.6878612716763	97.10982658959537	97.6878612716763	97.6878612716763	97.6878612716763	86.1271676300578	97.6878612716763	96.82080924855492	98.26589595375722	98.55491329479769	98.84393063583815	98.55491329479769	98.84393063583815	98.84393063583815	97.97687861271676	98.84393063583815	98.55491329479769	98.55491329479769	98.84393063583815	98.84393063583815	98.55491329479769	98.55491329479769	98.84393063583815	98.55491329479769	98.55491329479769	98.55491329479769	98.55491329479769	98.55491329479769	98.55491329479769	98.55491329479769	97.97687861271676	98.84393063583815	98.55491329479769	98.26589595375722	98.55491329479769	98.84393063583815	98.84393063583815	98.55491329479769	98.55491329479769	97.97687861271676	98.55491329479769	98.55491329479769	98.26589595375722	98.26589595375722	97.97687861271676	98.55491329479769	98.26589595375722	98.55491329479769	97.97687861271676	98.26589595375722	98.55491329479769	98.55491329479769	98.26589595375722	98.55491329479769	98.55491329479769	98.26589595375722	98.55491329479769	98.26589595375722	98.26589595375722	98.26589595375722	98.26589595375722	98.26589595375722	97.6878612716763	98.26589595375722	98.26589595375722	98.26589595375722	98.26589595375722	98.26589595375722	98.26589595375722	98.26589595375722	98.26589595375722	98.26589595375722	97.97687861271676	97.97687861271676	97.39884393063583	97.6878612716763	97.97687861271676	97.97687861271676	97.97687861271676	97.97687861271676	97.97687861271676	97.97687861271676	98.26589595375722	98.26589595375722	97.97687861271676	97.97687861271676	97.97687861271676	97.97687861271676	98.26589595375722	98.26589595375722	98.26589595375722	97.97687861271676	98.26589595375722	98.26589595375722	97.6878612716763	98.55491329479769	98.26589595375722	98.55491329479769	98.55491329479769	98.55491329479769	95.37572254335261	97.97687861271676	97.97687861271676	96.53179190751445	97.6878612716763	97.6878612716763	97.6878612716763	97.97687861271676	97.39884393063583	97.6878612716763	97.39884393063583	97.39884393063583	97.10982658959537	97.97687861271676	97.97687861271676	97.97687861271676	97.97687861271676	97.97687861271676	97.97687861271676	97.97687861271676	97.97687861271676	97.97687861271676	97.6878612716763	97.97687861271676	97.6878612716763	97.97687861271676	97.97687861271676	97.97687861271676	97.6878612716763	97.6878612716763	97.6878612716763	97.6878612716763	97.97687861271676	97.97687861271676	97.97687861271676	97.97687861271676	97.6878612716763	98.26589595375722	98.26589595375722	98.26589595375722	98.26589595375722	96.24277456647398	98.55491329479769	98.55491329479769	97.39884393063583	97.39884393063583	98.26589595375722	97.97687861271676	98.26589595375722	98.26589595375722	98.26589595375722	98.26589595375722	98.55491329479769	98.26589595375722	98.26589595375722	97.97687861271676	98.26589595375722	97.97687861271676	98.26589595375722	98.26589595375722	96.82080924855492	98.84393063583815	99.13294797687861	99.13294797687861	99.13294797687861	98.55491329479769	99.13294797687861	98.26589595375722	98.84393063583815	99.42196531791907	99.71098265895954	99.71098265895954	99.71098265895954	99.71098265895954	100.0	100.0	100.0	100.0	100.0	96.24277456647398	100.0	100.0	100.0	100.0	100.0	99.71098265895954	99.71098265895954	99.71098265895954	100.0	100.0	99.13294797687861	100.0	100.0	100.0	100.0	100.0	100.0	100.0	100.0	100.0	100.0	100.0	100.0	100.0	100.0	100.0	100.0	100.0	100.0	100.0	88.15028901734104	100.0	100.0	100.0	100.0	99.71098265895954	100.0	100.0	100.0	100.0	100.0	100.0	99.71098265895954	100.0	100.0	100.0	100.0	100.0	100.0	100.0	100.0	100.0	99.71098265895954	100.0	100.0	100.0	99.71098265895954	100.0	100.0	100.0	99.71098265895954	100.0	99.71098265895954	100.0	100.0	99.71098265895954	100.0	100.0	100.0	100.0	94.21965317919076	100.0	100.0	100.0	100.0	100.0	100.0	100.0	100.0	99.71098265895954	100.0	100.0	99.71098265895954	100.0	100.0	100.0	100.0	100.0	100.0	100.0	100.0	99.71098265895954	100.0	100.0	100.0	100.0	100.0	100.0	100.0	100.0	100.0	100.0	100.0	100.0	100.0	100.0	100.0	100.0	100.0	100.0	100.0	100.0	100.0	100.0	99.71098265895954	100.0	100.0	100.0	100.0	100.0	100.0	99.71098265895954	100.0	100.0	90.46242774566474	100.0	100.0	100.0	99.71098265895954	100.0	100.0	100.0	100.0	100.0	100.0	100.0	100.0	100.0	100.0	100.0	100.0	100.0	100.0	100.0	100.0	100.0	100.0	100.0	100.0	100.0	100.0	100.0	100.0	100.0	100.0	99.71098265895954	100.0	100.0	100.0	100.0	97.10982658959537	100.0	100.0	99.71098265895954	100.0	100.0	100.0	100.0	100.0	100.0	100.0	100.0	100.0	100.0	100.0	100.0	100.0	100.0	100.0	100.0	100.0	100.0	99.71098265895954	100.0	100.0	100.0	100.0	100.0	100.0	100.0	100.0	100.0	100.0	100.0	100.0	100.0	99.71098265895954	100.0	100.0	100.0	100.0	100.0	100.0
2005	100.0	100.0	95.15151515151516	100.0	100.0	100.0	99.69696969696969	100.0	100.0	99.0909090909091	100.0	100.0	100.0	100.0	99.69696969696969	100.0	100.0	95.75757575757575	99.69696969696969	100.0	100.0	99.0909090909091	99.69696969696969	100.0	99.69696969696969	100.0	100.0	100.0	100.0	100.0	100.0	100.0	100.0	100.0	99.69696969696969	100.0	99.69696969696969	100.0	100.0	100.0	100.0	100.0	100.0	100.0	99.69696969696969	100.0	100.0	100.0	97.27272727272728	100.0	100.0	100.0	100.0	100.0	99.69696969696969	100.0	100.0	100.0	100.0	100.0	99.69696969696969	100.0	100.0	100.0	100.0	100.0	100.0	100.0	100.0	98.7878787878788	100.0	100.0	99.69696969696969	100.0	100.0	100.0	100.0	98.7878787878788	99.69696969696969	100.0	98.7878787878788	100.0	100.0	100.0	100.0	100.0	100.0	100.0	100.0	100.0	100.0	100.0	99.69696969696969	99.69696969696969	96.36363636363636	100.0	100.0	99.69696969696969	100.0	100.0	100.0	100.0	100.0	98.7878787878788	100.0	100.0	99.69696969696969	100.0	100.0	99.39393939393939	99.69696969696969	97.57575757575758	100.0	100.0	100.0	100.0	99.69696969696969	100.0	100.0	99.69696969696969	99.69696969696969	98.18181818181819	100.0	100.0	100.0	100.0	100.0	100.0	100.0	100.0	99.69696969696969	100.0	100.0	100.0	100.0	100.0	99.69696969696969	99.39393939393939	100.0	96.66666666666667	100.0	100.0	100.0	99.69696969696969	100.0	100.0	100.0	100.0	99.69696969696969	100.0	99.0909090909091	100.0	99.39393939393939	100.0	100.0	100.0	99.39393939393939	100.0	99.69696969696969	98.7878787878788	96.96969696969697	99.69696969696969	100.0	100.0	98.7878787878788	100.0	100.0	100.0	100.0	100.0	100.0	100.0	100.0	98.48484848484848	100.0	99.0909090909091	100.0	100.0	100.0	100.0	100.0	100.0	100.0	99.69696969696969	96.66666666666667	100.0	100.0	100.0	94.84848484848484	100.0	99.69696969696969	100.0	100.0	100.0	100.0	100.0	100.0	98.48484848484848	100.0	99.69696969696969	100.0	99.69696969696969	100.0	100.0	98.48484848484848	98.18181818181819	100.0	100.0	99.39393939393939	100.0	100.0	100.0	100.0	98.18181818181819	98.48484848484848	100.0	100.0	99.69696969696969	100.0	99.69696969696969	100.0	100.0	99.69696969696969	99.69696969696969	99.39393939393939	100.0	100.0	100.0	99.39393939393939	98.48484848484848	100.0	99.69696969696969	100.0	99.69696969696969	99.69696969696969	100.0	100.0	99.69696969696969	99.69696969696969	100.0	99.69696969696969	100.0	99.69696969696969	100.0	100.0	99.39393939393939	100.0	100.0	100.0	99.69696969696969	100.0	100.0	100.0	100.0	99.0909090909091	99.69696969696969	100.0	99.39393939393939	98.7878787878788	99.69696969696969	100.0	100.0	100.0	100.0	100.0	100.0	100.0	99.69696969696969	100.0	100.0	100.0	99.69696969696969	99.39393939393939	100.0	100.0	99.39393939393939	99.69696969696969	99.39393939393939	100.0	100.0	100.0	100.0	100.0	87.27272727272727	99.69696969696969	100.0	99.69696969696969	99.0909090909091	99.39393939393939	100.0	99.69696969696969	99.39393939393939	100.0	99.39393939393939	100.0	99.39393939393939	100.0	100.0	100.0	100.0	100.0	99.69696969696969	100.0	100.0	99.39393939393939	100.0	99.39393939393939	100.0	100.0	100.0	99.69696969696969	99.69696969696969	100.0	100.0	99.69696969696969	100.0	99.39393939393939	100.0	100.0	99.69696969696969	100.0	100.0	100.0	100.0	99.69696969696969	100.0	100.0	98.18181818181819	100.0	100.0	99.69696969696969	100.0	100.0	100.0	100.0	100.0	100.0	100.0	100.0	99.39393939393939	100.0	100.0	100.0	95.45454545454545	100.0	100.0	99.39393939393939	100.0	100.0	100.0	99.39393939393939	100.0	100.0	100.0	100.0	100.0	100.0	99.69696969696969	100.0	100.0	100.0	100.0	85.75757575757575	100.0	100.0	99.69696969696969	99.69696969696969	100.0	100.0	100.0	100.0	100.0	100.0	99.69696969696969	100.0	99.69696969696969	100.0	100.0	100.0	100.0	100.0	100.0	99.69696969696969	100.0	100.0	100.0	100.0	99.39393939393939	100.0	100.0	100.0	100.0	100.0	96.06060606060606	99.69696969696969	100.0	100.0	100.0	100.0	100.0	100.0	99.69696969696969	100.0	99.39393939393939	100.0	100.0	100.0	100.0	100.0	99.69696969696969	100.0	100.0	100.0	100.0	99.69696969696969	100.0	100.0	100.0	100.0	100.0	100.0	100.0	100.0	100.0	100.0	100.0	100.0	100.0	99.69696969696969	100.0	100.0	99.0909090909091	100.0	98.7878787878788	100.0	100.0	100.0	100.0	100.0	100.0	100.0	100.0	100.0	100.0	99.69696969696969	100.0	99.39393939393939	100.0	100.0	100.0	100.0	100.0	100.0	100.0	100.0	100.0	100.0	100.0	100.0	100.0	100.0	100.0	100.0	100.0	100.0	100.0	100.0	100.0	100.0	100.0	100.0	100.0	100.0	100.0	100.0	100.0	100.0	100.0	100.0	100.0	100.0	100.0	100.0	99.69696969696969	100.0	100.0	100.0	96.36363636363636	100.0	100.0	100.0	99.39393939393939	100.0	100.0	99.39393939393939	100.0	100.0	100.0	100.0	100.0	100.0	100.0	100.0	100.0	100.0	100.0	100.0	100.0	100.0	100.0	100.0	100.0	100.0	100.0	100.0	100.0	100.0	99.69696969696969	100.0	100.0	100.0	100.0	100.0	100.0	100.0	99.0909090909091	100.0	100.0	100.0	100.0	100.0	100.0	100.0	100.0	100.0	100.0	100.0	100.0	100.0	100.0	100.0	100.0	100.0	100.0	99.69696969696969	99.69696969696969	100.0	100.0	100.0	100.0	100.0	99.0909090909091	100.0	100.0	100.0	100.0	100.0	100.0	100.0	99.69696969696969	100.0	100.0	100.0	100.0	100.0	100.0
2006	100.0	100.0	97.63779527559055	100.0	100.0	100.0	100.0	100.0	99.21259842519686	96.8503937007874	99.21259842519686	100.0	100.0	100.0	99.21259842519686	100.0	99.21259842519686	97.63779527559055	98.4251968503937	100.0	100.0	100.0	100.0	100.0	100.0	100.0	100.0	100.0	100.0	100.0	100.0	100.0	100.0	100.0	99.21259842519686	99.21259842519686	100.0	100.0	100.0	100.0	100.0	100.0	100.0	100.0	100.0	100.0	99.21259842519686	100.0	98.4251968503937	100.0	100.0	100.0	100.0	100.0	100.0	100.0	100.0	100.0	100.0	100.0	99.21259842519686	100.0	100.0	99.21259842519686	99.21259842519686	99.21259842519686	100.0	100.0	98.4251968503937	100.0	100.0	100.0	100.0	100.0	100.0	100.0	100.0	98.4251968503937	100.0	100.0	99.21259842519686	100.0	100.0	100.0	100.0	100.0	100.0	100.0	100.0	100.0	100.0	100.0	100.0	99.21259842519686	99.21259842519686	100.0	100.0	100.0	99.21259842519686	100.0	100.0	100.0	100.0	100.0	100.0	100.0	100.0	99.21259842519686	100.0	99.21259842519686	100.0	99.21259842519686	100.0	100.0	100.0	100.0	100.0	100.0	100.0	100.0	100.0	96.8503937007874	100.0	100.0	100.0	100.0	100.0	100.0	100.0	100.0	100.0	100.0	100.0	100.0	100.0	100.0	99.21259842519686	99.21259842519686	100.0	98.4251968503937	100.0	99.21259842519686	100.0	99.21259842519686	99.21259842519686	100.0	99.21259842519686	100.0	100.0	100.0	98.4251968503937	100.0	100.0	100.0	100.0	99.21259842519686	100.0	99.21259842519686	100.0	99.21259842519686	97.63779527559055	99.21259842519686	100.0	100.0	100.0	100.0	100.0	100.0	100.0	100.0	100.0	99.21259842519686	100.0	97.63779527559055	98.4251968503937	99.21259842519686	100.0	100.0	100.0	99.21259842519686	100.0	100.0	100.0	100.0	98.4251968503937	100.0	99.21259842519686	100.0	97.63779527559055	100.0	100.0	100.0	100.0	100.0	100.0	100.0	100.0	99.21259842519686	100.0	100.0	100.0	99.21259842519686	100.0	100.0	98.4251968503937	99.21259842519686	100.0	99.21259842519686	99.21259842519686	100.0	99.21259842519686	100.0	100.0	99.21259842519686	100.0	100.0	100.0	100.0	100.0	97.63779527559055	100.0	100.0	100.0	100.0	100.0	100.0	100.0	99.21259842519686	100.0	100.0	99.21259842519686	99.21259842519686	100.0	100.0	100.0	100.0	100.0	100.0	100.0	100.0	99.21259842519686	100.0	98.4251968503937	100.0	100.0	99.21259842519686	100.0	100.0	100.0	100.0	100.0	100.0	100.0	100.0	100.0	100.0	100.0	99.21259842519686	96.8503937007874	100.0	100.0	100.0	100.0	100.0	100.0	100.0	100.0	100.0	100.0	100.0	100.0	100.0	100.0	100.0	100.0	100.0	99.21259842519686	100.0	100.0	100.0	100.0	100.0	100.0	89.76377952755905	100.0	100.0	99.21259842519686	99.21259842519686	98.4251968503937	100.0	100.0	99.21259842519686	100.0	99.21259842519686	100.0	100.0	100.0	100.0	100.0	100.0	100.0	100.0	100.0	100.0	99.21259842519686	100.0	100.0	100.0	100.0	100.0	100.0	100.0	100.0	100.0	100.0	100.0	99.21259842519686	100.0	100.0	100.0	100.0	100.0	100.0	100.0	98.4251968503937	100.0	100.0	96.8503937007874	100.0	100.0	99.21259842519686	100.0	100.0	100.0	100.0	100.0	100.0	100.0	100.0	98.4251968503937	100.0	99.21259842519686	100.0	92.91338582677166	100.0	100.0	100.0	100.0	100.0	100.0	100.0	100.0	100.0	100.0	99.21259842519686	100.0	100.0	100.0	100.0	100.0	100.0	100.0	88.9763779527559	100.0	100.0	100.0	100.0	100.0	100.0	100.0	100.0	100.0	100.0	100.0	100.0	100.0	99.21259842519686	100.0	100.0	100.0	100.0	100.0	99.21259842519686	100.0	100.0	100.0	100.0	100.0	100.0	100.0	100.0	100.0	100.0	98.4251968503937	100.0	100.0	100.0	100.0	100.0	100.0	100.0	100.0	100.0	100.0	100.0	100.0	100.0	100.0	100.0	100.0	99.21259842519686	100.0	100.0	100.0	100.0	100.0	100.0	100.0	100.0	99.21259842519686	100.0	99.21259842519686	100.0	100.0	100.0	100.0	100.0	100.0	100.0	100.0	100.0	100.0	100.0	99.21259842519686	100.0	100.0	100.0	100.0	100.0	100.0	100.0	100.0	100.0	100.0	100.0	99.21259842519686	100.0	100.0	100.0	100.0	100.0	100.0	100.0	100.0	100.0	100.0	100.0	100.0	100.0	100.0	100.0	100.0	100.0	100.0	100.0	100.0	100.0	99.21259842519686	100.0	100.0	100.0	100.0	99.21259842519686	100.0	100.0	100.0	100.0	97.63779527559055	99.21259842519686	100.0	100.0	100.0	100.0	100.0	100.0	100.0	100.0	98.4251968503937	100.0	100.0	100.0	99.21259842519686	100.0	100.0	100.0	100.0	100.0	100.0	100.0	99.21259842519686	100.0	100.0	100.0	100.0	99.21259842519686	100.0	100.0	100.0	100.0	100.0	100.0	100.0	99.21259842519686	100.0	100.0	100.0	100.0	100.0	100.0	99.21259842519686	100.0	100.0	100.0	100.0	100.0	100.0	100.0	100.0	100.0	100.0	100.0	100.0	100.0	100.0	100.0	100.0	100.0	99.21259842519686	100.0	100.0	100.0	100.0	100.0	100.0	99.21259842519686	99.21259842519686	100.0	100.0	100.0	100.0	100.0	100.0	100.0	100.0	100.0	100.0	100.0	100.0	100.0	100.0	100.0	100.0	100.0	100.0	100.0	100.0
2007	100.0	99.812382739212	97.93621013133207	100.0	100.0	100.0	100.0	100.0	99.812382739212	99.24953095684803	100.0	100.0	99.812382739212	99.812382739212	100.0	100.0	100.0	94.37148217636022	99.24953095684803	100.0	99.62476547842401	98.49906191369607	99.24953095684803	99.62476547842401	99.43714821763602	99.812382739212	100.0	99.812382739212	100.0	100.0	100.0	100.0	100.0	100.0	99.06191369606003	99.812382739212	100.0	100.0	100.0	100.0	99.62476547842401	100.0	100.0	100.0	99.812382739212	100.0	100.0	99.812382739212	99.06191369606003	100.0	100.0	100.0	100.0	100.0	100.0	100.0	100.0	100.0	100.0	99.812382739212	99.24953095684803	100.0	100.0	99.62476547842401	99.812382739212	99.62476547842401	99.62476547842401	100.0	99.62476547842401	98.49906191369607	100.0	100.0	99.812382739212	99.812382739212	100.0	100.0	100.0	98.12382739212008	99.06191369606003	100.0	99.06191369606003	99.812382739212	99.812382739212	100.0	100.0	100.0	100.0	100.0	100.0	100.0	100.0	100.0	100.0	99.43714821763602	97.5609756097561	100.0	100.0	99.812382739212	99.43714821763602	100.0	99.43714821763602	99.62476547842401	100.0	97.74859287054409	100.0	100.0	99.62476547842401	99.62476547842401	99.812382739212	99.24953095684803	100.0	98.68667917448406	100.0	100.0	100.0	100.0	99.812382739212	99.62476547842401	100.0	99.812382739212	99.812382739212	96.43527204502814	100.0	100.0	100.0	100.0	100.0	100.0	100.0	99.812382739212	100.0	100.0	100.0	100.0	100.0	100.0	99.62476547842401	99.43714821763602	100.0	98.12382739212008	100.0	100.0	100.0	99.43714821763602	99.812382739212	100.0	99.812382739212	100.0	99.43714821763602	100.0	96.99812382739212	100.0	99.812382739212	100.0	100.0	99.812382739212	100.0	99.43714821763602	100.0	96.99812382739212	96.43527204502814	99.43714821763602	100.0	100.0	100.0	100.0	100.0	100.0	100.0	100.0	99.812382739212	99.812382739212	100.0	95.68480300187618	99.43714821763602	96.99812382739212	100.0	100.0	100.0	99.812382739212	100.0	100.0	100.0	99.812382739212	100.0	100.0	99.812382739212	100.0	94.37148217636022	100.0	99.812382739212	100.0	100.0	100.0	100.0	100.0	100.0	99.43714821763602	100.0	100.0	100.0	99.62476547842401	100.0	100.0	98.49906191369607	99.24953095684803	99.812382739212	99.812382739212	99.24953095684803	100.0	99.812382739212	100.0	100.0	98.31144465290807	99.812382739212	100.0	99.812382739212	99.62476547842401	99.812382739212	99.812382739212	100.0	100.0	99.43714821763602	99.62476547842401	100.0	100.0	100.0	99.62476547842401	99.43714821763602	98.12382739212008	99.812382739212	99.62476547842401	100.0	99.812382739212	99.812382739212	99.62476547842401	100.0	99.24953095684803	98.49906191369607	100.0	99.812382739212	100.0	98.68667917448406	100.0	100.0	99.812382739212	100.0	100.0	99.812382739212	100.0	100.0	100.0	99.812382739212	100.0	99.62476547842401	100.0	100.0	99.62476547842401	99.06191369606003	99.812382739212	99.43714821763602	100.0	99.812382739212	100.0	100.0	100.0	100.0	100.0	99.812382739212	99.812382739212	99.62476547842401	99.812382739212	99.812382739212	99.812382739212	100.0	100.0	99.24953095684803	99.812382739212	99.812382739212	100.0	99.06191369606003	100.0	100.0	87.4296435272045	99.812382739212	100.0	100.0	97.93621013133207	98.12382739212008	99.812382739212	100.0	98.68667917448406	100.0	99.43714821763602	99.812382739212	99.812382739212	100.0	99.812382739212	99.812382739212	99.43714821763602	100.0	100.0	99.812382739212	99.62476547842401	99.24953095684803	99.812382739212	99.812382739212	100.0	99.812382739212	100.0	100.0	100.0	100.0	100.0	100.0	99.812382739212	99.43714821763602	100.0	100.0	99.812382739212	99.812382739212	100.0	100.0	99.62476547842401	97.93621013133207	100.0	100.0	95.68480300187618	99.812382739212	100.0	99.812382739212	100.0	100.0	100.0	100.0	100.0	100.0	100.0	100.0	99.812382739212	100.0	100.0	100.0	92.4953095684803	100.0	100.0	99.812382739212	100.0	100.0	100.0	100.0	100.0	100.0	100.0	100.0	100.0	100.0	100.0	100.0	100.0	100.0	100.0	85.92870544090057	100.0	100.0	100.0	100.0	100.0	100.0	100.0	100.0	99.62476547842401	99.812382739212	99.812382739212	100.0	100.0	99.24953095684803	100.0	100.0	100.0	99.812382739212	100.0	99.06191369606003	100.0	100.0	100.0	100.0	100.0	99.812382739212	99.62476547842401	99.812382739212	99.812382739212	100.0	96.62288930581614	99.812382739212	99.812382739212	100.0	100.0	99.812382739212	100.0	100.0	100.0	99.812382739212	100.0	100.0	99.812382739212	100.0	100.0	100.0	100.0	99.812382739212	100.0	100.0	100.0	100.0	100.0	100.0	100.0	100.0	100.0	99.812382739212	99.24953095684803	100.0	100.0	100.0	100.0	99.812382739212	100.0	100.0	100.0	100.0	99.812382739212	100.0	99.62476547842401	99.812382739212	99.812382739212	100.0	100.0	100.0	100.0	100.0	100.0	99.43714821763602	100.0	100.0	99.812382739212	99.62476547842401	100.0	100.0	100.0	100.0	100.0	100.0	100.0	99.812382739212	100.0	100.0	100.0	100.0	100.0	100.0	100.0	100.0	100.0	100.0	100.0	100.0	99.812382739212	100.0	100.0	100.0	100.0	100.0	100.0	100.0	100.0	99.812382739212	99.812382739212	99.812382739212	100.0	100.0	100.0	100.0	99.812382739212	100.0	100.0	100.0	98.68667917448406	100.0	100.0	100.0	99.812382739212	100.0	100.0	99.43714821763602	100.0	100.0	100.0	100.0	99.62476547842401	100.0	100.0	100.0	100.0	99.812382739212	99.812382739212	100.0	100.0	100.0	100.0	100.0	100.0	100.0	100.0	100.0	100.0	100.0	99.62476547842401	100.0	99.812382739212	100.0	100.0	100.0	100.0	100.0	100.0	100.0	100.0	100.0	100.0	99.812382739212	100.0	100.0	100.0	100.0	100.0	100.0	99.812382739212	100.0	100.0	100.0	100.0	100.0	100.0	99.812382739212	99.43714821763602	100.0	100.0	100.0	100.0	100.0	99.812382739212	100.0	100.0	100.0	100.0	100.0	100.0	99.812382739212	100.0	100.0	100.0	100.0	100.0	100.0	100.0
2008	100.0	100.0	98.90310786106032	99.81718464351006	99.81718464351006	100.0	100.0	99.6343692870201	99.81718464351006	95.97806215722122	100.0	99.81718464351006	99.81718464351006	100.0	99.81718464351006	100.0	100.0	92.3217550274223	99.08592321755027	99.81718464351006	99.81718464351006	99.81718464351006	98.17184643510055	100.0	99.81718464351006	100.0	100.0	100.0	100.0	100.0	100.0	99.81718464351006	100.0	100.0	99.6343692870201	99.6343692870201	99.81718464351006	100.0	100.0	100.0	99.45155393053017	100.0	100.0	99.45155393053017	100.0	100.0	100.0	99.81718464351006	98.17184643510055	100.0	100.0	100.0	100.0	100.0	100.0	100.0	100.0	100.0	99.6343692870201	100.0	99.81718464351006	100.0	100.0	99.26873857404021	99.45155393053017	99.6343692870201	99.81718464351006	100.0	99.81718464351006	92.87020109689213	99.45155393053017	100.0	100.0	99.6343692870201	100.0	100.0	100.0	98.90310786106032	99.81718464351006	100.0	99.6343692870201	100.0	99.81718464351006	100.0	100.0	100.0	100.0	100.0	100.0	100.0	100.0	100.0	100.0	99.45155393053017	98.53747714808044	99.81718464351006	100.0	99.81718464351006	99.6343692870201	100.0	100.0	100.0	100.0	97.9890310786106	100.0	100.0	99.81718464351006	99.81718464351006	99.6343692870201	99.6343692870201	100.0	97.9890310786106	100.0	100.0	100.0	100.0	100.0	100.0	100.0	99.45155393053017	100.0	99.08592321755027	100.0	100.0	100.0	100.0	100.0	100.0	100.0	100.0	100.0	100.0	100.0	100.0	100.0	100.0	99.6343692870201	99.81718464351006	100.0	97.25776965265082	100.0	99.45155393053017	100.0	99.81718464351006	99.81718464351006	100.0	99.81718464351006	100.0	96.52650822669105	100.0	93.60146252285192	100.0	100.0	100.0	100.0	99.81718464351006	100.0	99.6343692870201	100.0	93.96709323583181	92.50457038391224	99.6343692870201	100.0	100.0	100.0	100.0	100.0	100.0	100.0	100.0	100.0	99.81718464351006	100.0	93.05301645338209	99.81718464351006	93.96709323583181	100.0	100.0	100.0	99.81718464351006	100.0	99.81718464351006	99.45155393053017	100.0	100.0	100.0	99.81718464351006	100.0	92.3217550274223	100.0	99.81718464351006	100.0	100.0	100.0	100.0	100.0	100.0	99.08592321755027	100.0	100.0	100.0	99.81718464351006	100.0	100.0	99.26873857404021	99.08592321755027	100.0	99.81718464351006	99.81718464351006	100.0	99.81718464351006	100.0	100.0	99.08592321755027	100.0	100.0	100.0	100.0	100.0	100.0	99.81718464351006	100.0	99.6343692870201	99.81718464351006	99.45155393053017	100.0	100.0	99.6343692870201	100.0	98.53747714808044	100.0	99.08592321755027	100.0	99.81718464351006	99.6343692870201	100.0	99.81718464351006	99.45155393053017	98.35466179159049	100.0	99.81718464351006	100.0	99.45155393053017	100.0	99.81718464351006	100.0	100.0	100.0	99.81718464351006	100.0	100.0	100.0	99.81718464351006	99.6343692870201	97.62340036563072	100.0	100.0	97.25776965265082	98.53747714808044	100.0	99.81718464351006	99.81718464351006	100.0	100.0	100.0	100.0	100.0	100.0	100.0	100.0	99.81718464351006	100.0	100.0	100.0	100.0	99.81718464351006	99.26873857404021	99.08592321755027	99.81718464351006	100.0	98.90310786106032	100.0	100.0	92.87020109689213	99.45155393053017	99.81718464351006	99.6343692870201	95.06398537477148	99.26873857404021	100.0	100.0	99.08592321755027	100.0	99.08592321755027	100.0	100.0	100.0	100.0	100.0	100.0	100.0	100.0	100.0	100.0	99.6343692870201	99.81718464351006	99.81718464351006	99.45155393053017	99.81718464351006	99.81718464351006	100.0	100.0	99.81718464351006	100.0	100.0	99.81718464351006	99.6343692870201	100.0	100.0	99.08592321755027	100.0	100.0	100.0	100.0	99.26873857404021	99.81718464351006	100.0	97.25776965265082	99.81718464351006	100.0	100.0	100.0	100.0	99.81718464351006	100.0	99.81718464351006	100.0	100.0	100.0	100.0	100.0	99.6343692870201	100.0	91.40767824497257	99.81718464351006	100.0	100.0	100.0	100.0	100.0	99.81718464351006	100.0	100.0	100.0	100.0	100.0	100.0	100.0	100.0	100.0	100.0	100.0	91.40767824497257	99.81718464351006	100.0	100.0	100.0	100.0	100.0	99.45155393053017	100.0	100.0	100.0	99.26873857404021	100.0	100.0	99.6343692870201	100.0	100.0	100.0	100.0	100.0	98.53747714808044	100.0	100.0	100.0	99.81718464351006	99.6343692870201	100.0	99.45155393053017	99.6343692870201	100.0	100.0	97.80621572212065	100.0	100.0	100.0	100.0	99.81718464351006	100.0	100.0	100.0	100.0	99.6343692870201	99.81718464351006	99.6343692870201	99.81718464351006	99.81718464351006	100.0	99.81718464351006	100.0	100.0	100.0	100.0	100.0	100.0	99.81718464351006	99.81718464351006	99.81718464351006	100.0	99.26873857404021	98.90310786106032	100.0	100.0	99.81718464351006	99.81718464351006	100.0	99.81718464351006	99.81718464351006	99.81718464351006	99.81718464351006	99.81718464351006	99.81718464351006	99.45155393053017	100.0	100.0	100.0	99.81718464351006	99.81718464351006	100.0	100.0	100.0	100.0	100.0	100.0	100.0	99.81718464351006	99.81718464351006	100.0	100.0	100.0	100.0	100.0	100.0	100.0	100.0	100.0	100.0	100.0	100.0	100.0	100.0	100.0	100.0	100.0	100.0	100.0	100.0	100.0	100.0	100.0	100.0	100.0	100.0	100.0	100.0	100.0	99.6343692870201	100.0	100.0	100.0	100.0	100.0	100.0	99.81718464351006	100.0	100.0	98.17184643510055	100.0	100.0	99.81718464351006	99.26873857404021	100.0	100.0	100.0	100.0	100.0	100.0	100.0	99.81718464351006	100.0	100.0	100.0	100.0	99.6343692870201	100.0	100.0	100.0	100.0	100.0	100.0	100.0	100.0	100.0	100.0	100.0	99.81718464351006	97.25776965265082	100.0	99.81718464351006	99.81718464351006	99.6343692870201	100.0	99.81718464351006	100.0	100.0	100.0	100.0	99.81718464351006	100.0	99.45155393053017	100.0	100.0	99.81718464351006	100.0	100.0	100.0	99.6343692870201	100.0	100.0	100.0	100.0	99.6343692870201	100.0	99.81718464351006	99.26873857404021	100.0	100.0	100.0	100.0	100.0	99.6343692870201	100.0	100.0	100.0	100.0	100.0	100.0	100.0	100.0	100.0	99.6343692870201	99.81718464351006	100.0	100.0	100.0
2009	100.0	100.0	95.41088580576307	100.0	99.57310565635005	99.57310565635005	99.46638207043756	99.57310565635005	95.62433297758804	94.77054429028814	99.57310565635005	99.35965848452508	99.03948772678763	99.57310565635005	99.46638207043756	99.2529348986126	99.46638207043756	70.86446104589115	95.62433297758804	99.46638207043756	99.2529348986126	98.61259338313766	98.18569903948773	98.82604055496265	98.93276414087512	99.46638207043756	99.57310565635005	99.35965848452508	99.57310565635005	99.57310565635005	99.57310565635005	99.57310565635005	99.57310565635005	99.57310565635005	98.93276414087512	99.78655282817502	99.1462113127001	99.46638207043756	99.57310565635005	99.57310565635005	98.71931696905017	99.57310565635005	99.46638207043756	99.89327641408752	99.46638207043756	99.35965848452508	99.46638207043756	99.35965848452508	94.77054429028814	99.35965848452508	99.89327641408752	99.46638207043756	99.46638207043756	99.46638207043756	99.35965848452508	99.35965848452508	99.35965848452508	99.78655282817502	99.2529348986126	99.2529348986126	96.051227321238	99.35965848452508	99.35965848452508	95.51760939167556	99.1462113127001	95.30416221985058	99.1462113127001	99.35965848452508	95.41088580576307	87.94023479188901	99.35965848452508	99.35965848452508	99.1462113127001	99.57310565635005	99.35965848452508	99.2529348986126	99.35965848452508	95.1974386339381	99.2529348986126	99.35965848452508	94.66382070437567	99.2529348986126	99.03948772678763	99.35965848452508	99.35965848452508	99.46638207043756	99.89327641408752	99.46638207043756	99.46638207043756	99.46638207043756	99.46638207043756	99.46638207043756	99.46638207043756	93.91675560298826	97.22518676627536	99.35965848452508	99.46638207043756	99.03948772678763	94.77054429028814	99.46638207043756	99.03948772678763	99.46638207043756	99.46638207043756	97.54535752401281	99.46638207043756	99.46638207043756	99.03948772678763	95.41088580576307	99.46638207043756	95.1974386339381	99.2529348986126	95.09071504802561	99.46638207043756	99.46638207043756	99.46638207043756	99.46638207043756	99.35965848452508	97.75880469583778	99.46638207043756	98.2924226254002	99.35965848452508	98.50586979722519	99.78655282817502	99.57310565635005	99.57310565635005	100.0	99.57310565635005	99.2529348986126	99.57310565635005	99.57310565635005	99.57310565635005	99.46638207043756	99.57310565635005	99.57310565635005	99.57310565635005	99.57310565635005	95.73105656350054	95.51760939167556	99.57310565635005	94.13020277481323	99.57310565635005	99.89327641408752	99.57310565635005	99.46638207043756	99.46638207043756	99.46638207043756	95.62433297758804	99.57310565635005	95.1974386339381	99.57310565635005	75.77374599786553	99.57310565635005	99.57310565635005	99.46638207043756	99.57310565635005	96.051227321238	99.57310565635005	96.051227321238	99.57310565635005	77.5880469583778	83.67129135538954	99.46638207043756	99.57310565635005	99.46638207043756	99.35965848452508	99.46638207043756	99.46638207043756	99.46638207043756	99.35965848452508	99.35965848452508	99.2529348986126	95.41088580576307	99.03948772678763	72.99893276414087	95.41088580576307	76.94770544290289	99.46638207043756	99.46638207043756	99.46638207043756	95.9445037353255	99.35965848452508	99.46638207043756	99.46638207043756	99.35965848452508	99.46638207043756	99.46638207043756	95.51760939167556	99.35965848452508	70.33084311632871	99.46638207043756	99.46638207043756	99.46638207043756	99.78655282817502	99.46638207043756	99.35965848452508	99.46638207043756	99.46638207043756	99.2529348986126	99.46638207043756	99.46638207043756	99.46638207043756	95.51760939167556	99.89327641408752	99.78655282817502	88.90074706510138	95.30416221985058	99.46638207043756	95.51760939167556	95.51760939167556	99.2529348986126	95.51760939167556	99.89327641408752	99.46638207043756	95.62433297758804	99.1462113127001	99.46638207043756	99.35965848452508	99.46638207043756	99.46638207043756	99.2529348986126	99.89327641408752	99.46638207043756	98.93276414087512	99.46638207043756	99.35965848452508	99.46638207043756	99.46638207043756	95.51760939167556	99.1462113127001	96.7982924226254	99.46638207043756	95.51760939167556	99.35965848452508	99.2529348986126	99.57310565635005	99.57310565635005	99.2529348986126	99.67982924226254	97.97225186766275	99.57310565635005	95.83778014941302	99.46638207043756	99.57310565635005	99.57310565635005	99.57310565635005	99.57310565635005	99.46638207043756	99.35965848452508	99.35965848452508	99.46638207043756	99.46638207043756	99.35965848452508	99.57310565635005	99.35965848452508	98.93276414087512	99.46638207043756	99.35965848452508	98.39914621131271	98.93276414087512	99.1462113127001	99.35965848452508	99.2529348986126	99.2529348986126	99.57310565635005	99.57310565635005	99.46638207043756	99.46638207043756	99.46638207043756	99.46638207043756	99.46638207043756	99.35965848452508	99.46638207043756	99.46638207043756	99.57310565635005	99.35965848452508	99.35965848452508	98.2924226254002	98.50586979722519	99.57310565635005	99.35965848452508	99.1462113127001	99.46638207043756	99.89327641408752	99.03948772678763	99.57310565635005	99.57310565635005	99.46638207043756	96.7982924226254	99.46638207043756	99.46638207043756	99.35965848452508	95.1974386339381	99.46638207043756	95.51760939167556	99.2529348986126	99.2529348986126	99.46638207043756	99.35965848452508	99.46638207043756	99.35965848452508	99.35965848452508	99.46638207043756	99.35965848452508	99.1462113127001	99.1462113127001	99.35965848452508	98.50586979722519	99.03948772678763	99.35965848452508	99.35965848452508	99.35965848452508	99.35965848452508	99.35965848452508	99.35965848452508	99.35965848452508	99.35965848452508	99.46638207043756	99.46638207043756	99.46638207043756	99.1462113127001	99.46638207043756	99.57310565635005	99.57310565635005	99.57310565635005	98.93276414087512	99.46638207043756	99.46638207043756	94.98399146211312	99.1462113127001	99.57310565635005	99.57310565635005	99.57310565635005	99.57310565635005	99.46638207043756	99.57310565635005	99.57310565635005	99.57310565635005	99.57310565635005	99.57310565635005	99.35965848452508	99.57310565635005	99.57310565635005	99.57310565635005	71.71824973319103	99.35965848452508	99.57310565635005	99.57310565635005	99.57310565635005	99.57310565635005	99.57310565635005	99.46638207043756	99.57310565635005	99.57310565635005	99.57310565635005	99.46638207043756	99.57310565635005	99.57310565635005	99.57310565635005	99.57310565635005	99.57310565635005	99.57310565635005	99.57310565635005	91.78228388473852	99.57310565635005	99.57310565635005	99.57310565635005	99.57310565635005	99.57310565635005	99.57310565635005	99.57310565635005	99.57310565635005	99.57310565635005	99.57310565635005	99.57310565635005	99.57310565635005	99.57310565635005	95.73105656350054	99.57310565635005	99.57310565635005	100.0	99.57310565635005	99.57310565635005	99.2529348986126	99.46638207043756	99.57310565635005	99.57310565635005	99.57310565635005	99.46638207043756	99.46638207043756	99.46638207043756	99.35965848452508	99.57310565635005	99.57310565635005	88.26040554962647	99.46638207043756	99.57310565635005	99.57310565635005	99.57310565635005	99.46638207043756	99.57310565635005	99.46638207043756	99.2529348986126	99.46638207043756	99.46638207043756	99.57310565635005	98.93276414087512	99.46638207043756	99.57310565635005	99.57310565635005	99.57310565635005	99.57310565635005	99.57310565635005	99.57310565635005	99.57310565635005	99.57310565635005	99.46638207043756	99.57310565635005	99.46638207043756	99.57310565635005	99.46638207043756	99.2529348986126	95.51760939167556	99.57310565635005	99.46638207043756	99.46638207043756	99.57310565635005	100.0	99.57310565635005	99.46638207043756	99.57310565635005	99.57310565635005	99.35965848452508	99.57310565635005	98.39914621131271	99.57310565635005	99.57310565635005	99.57310565635005	99.57310565635005	99.57310565635005	99.57310565635005	99.57310565635005	99.57310565635005	99.89327641408752	99.57310565635005	99.57310565635005	99.57310565635005	99.57310565635005	99.57310565635005	99.57310565635005	99.57310565635005	99.57310565635005	99.57310565635005	99.46638207043756	99.57310565635005	99.57310565635005	99.57310565635005	99.57310565635005	99.35965848452508	99.57310565635005	99.57310565635005	100.0	99.57310565635005	99.57310565635005	99.57310565635005	99.46638207043756	99.03948772678763	99.57310565635005	99.57310565635005	99.46638207043756	99.57310565635005	99.46638207043756	99.57310565635005	99.57310565635005	99.57310565635005	99.57310565635005	100.0	99.57310565635005	99.35965848452508	99.57310565635005	99.46638207043756	99.57310565635005	99.57310565635005	99.57310565635005	99.46638207043756	99.57310565635005	99.57310565635005	99.57310565635005	97.01173959445038	99.57310565635005	99.57310565635005	99.46638207043756	99.35965848452508	99.57310565635005	99.46638207043756	99.35965848452508	99.57310565635005	99.57310565635005	99.57310565635005	99.57310565635005	95.51760939167556	99.57310565635005	99.57310565635005	99.57310565635005	99.57310565635005	95.73105656350054	99.57310565635005	99.57310565635005	99.57310565635005	99.2529348986126	99.57310565635005	99.46638207043756	99.78655282817502	100.0	99.57310565635005	99.57310565635005	99.57310565635005	99.46638207043756	98.82604055496265	99.35965848452508	99.46638207043756	99.35965848452508	99.57310565635005	99.57310565635005	99.1462113127001	99.46638207043756	99.46638207043756	99.57310565635005	99.57310565635005	99.46638207043756	99.57310565635005	99.57310565635005	99.57310565635005	99.57310565635005	99.57310565635005	100.0	99.57310565635005	100.0	95.73105656350054	100.0	99.57310565635005	99.35965848452508	99.57310565635005	100.0	99.57310565635005	95.83778014941302	99.03948772678763	100.0	99.57310565635005	99.57310565635005	99.46638207043756	99.57310565635005	99.57310565635005	100.0	99.57310565635005	100.0	99.57310565635005	99.57310565635005	100.0	99.57310565635005	99.57310565635005	99.57310565635005	98.2924226254002	99.46638207043756	99.89327641408752	100.0	100.0
2010	100.0	100.0	98.03370786516854	99.71910112359551	100.0	100.0	100.0	99.90636704119851	99.625468164794	99.53183520599251	100.0	99.90636704119851	99.71910112359551	99.812734082397	99.71910112359551	99.53183520599251	100.0	97.00374531835206	99.53183520599251	99.90636704119851	99.812734082397	100.0	99.812734082397	89.60674157303372	97.65917602996255	99.53183520599251	100.0	99.71910112359551	100.0	100.0	99.90636704119851	100.0	100.0	99.90636704119851	100.0	100.0	100.0	99.90636704119851	100.0	99.90636704119851	99.34456928838952	100.0	99.812734082397	99.90636704119851	100.0	99.53183520599251	99.90636704119851	99.90636704119851	98.87640449438202	99.90636704119851	100.0	100.0	100.0	100.0	100.0	100.0	100.0	100.0	99.71910112359551	100.0	99.53183520599251	100.0	99.71910112359551	97.84644194756554	98.12734082397003	99.625468164794	100.0	100.0	99.15730337078652	99.06367041198502	100.0	100.0	99.625468164794	100.0	99.812734082397	100.0	100.0	99.06367041198502	95.31835205992509	100.0	88.57677902621724	99.812734082397	100.0	100.0	100.0	100.0	100.0	100.0	100.0	100.0	99.90636704119851	100.0	99.90636704119851	99.625468164794	99.06367041198502	98.97003745318352	99.90636704119851	98.50187265917603	99.15730337078652	100.0	99.812734082397	99.90636704119851	100.0	99.71910112359551	100.0	100.0	99.25093632958801	99.25093632958801	100.0	97.09737827715355	99.90636704119851	96.44194756554307	100.0	100.0	100.0	100.0	100.0	99.812734082397	99.812734082397	77.05992509363297	100.0	99.90636704119851	99.90636704119851	100.0	100.0	100.0	99.90636704119851	95.88014981273409	100.0	100.0	99.90636704119851	100.0	99.90636704119851	100.0	99.34456928838952	100.0	99.53183520599251	99.25093632958801	100.0	88.20224719101124	100.0	98.97003745318352	100.0	99.43820224719101	100.0	99.90636704119851	99.71910112359551	100.0	99.812734082397	100.0	73.03370786516854	100.0	99.812734082397	100.0	100.0	99.53183520599251	99.90636704119851	99.34456928838952	99.90636704119851	97.19101123595506	64.51310861423221	99.90636704119851	100.0	100.0	99.90636704119851	99.90636704119851	100.0	100.0	100.0	100.0	100.0	99.71910112359551	100.0	60.20599250936329	99.06367041198502	95.97378277153558	100.0	100.0	100.0	99.71910112359551	99.812734082397	100.0	99.90636704119851	99.812734082397	99.625468164794	100.0	99.625468164794	100.0	95.0374531835206	100.0	100.0	100.0	100.0	100.0	99.90636704119851	100.0	100.0	99.71910112359551	100.0	100.0	100.0	99.625468164794	100.0	100.0	78.83895131086143	98.68913857677903	100.0	99.71910112359551	99.53183520599251	100.0	99.71910112359551	100.0	99.812734082397	99.34456928838952	98.59550561797754	100.0	99.90636704119851	100.0	100.0	99.15730337078652	100.0	100.0	99.43820224719101	99.71910112359551	99.90636704119851	100.0	100.0	99.71910112359551	99.812734082397	97.75280898876404	100.0	99.43820224719101	100.0	100.0	99.90636704119851	99.90636704119851	99.90636704119851	99.53183520599251	91.01123595505618	100.0	99.625468164794	100.0	99.812734082397	100.0	100.0	100.0	100.0	99.90636704119851	100.0	100.0	100.0	99.90636704119851	100.0	99.90636704119851	98.40823970037454	100.0	100.0	99.34456928838952	100.0	100.0	99.812734082397	99.90636704119851	100.0	100.0	100.0	100.0	100.0	100.0	100.0	100.0	99.90636704119851	100.0	100.0	100.0	100.0	99.25093632958801	96.62921348314607	99.34456928838952	99.90636704119851	99.71910112359551	98.87640449438202	100.0	99.90636704119851	100.0	99.812734082397	100.0	99.25093632958801	99.90636704119851	99.53183520599251	99.812734082397	99.812734082397	99.15730337078652	100.0	99.53183520599251	99.90636704119851	99.43820224719101	100.0	99.625468164794	100.0	100.0	100.0	100.0	100.0	99.90636704119851	99.90636704119851	99.812734082397	99.71910112359551	100.0	100.0	100.0	100.0	100.0	99.90636704119851	99.90636704119851	99.71910112359551	99.25093632958801	100.0	100.0	100.0	99.71910112359551	100.0	100.0	99.90636704119851	100.0	99.25093632958801	99.90636704119851	99.90636704119851	98.97003745318352	100.0	100.0	99.90636704119851	100.0	100.0	100.0	100.0	100.0	100.0	100.0	98.59550561797754	99.812734082397	99.90636704119851	99.53183520599251	99.43820224719101	97.56554307116106	99.812734082397	100.0	99.90636704119851	99.90636704119851	100.0	100.0	99.43820224719101	100.0	100.0	100.0	100.0	100.0	100.0	100.0	100.0	100.0	100.0	100.0	75.74906367041199	99.71910112359551	100.0	100.0	100.0	100.0	100.0	100.0	100.0	99.812734082397	100.0	99.53183520599251	100.0	100.0	99.625468164794	100.0	100.0	99.812734082397	100.0	100.0	100.0	99.90636704119851	100.0	100.0	100.0	99.90636704119851	100.0	99.90636704119851	99.71910112359551	99.90636704119851	99.90636704119851	78.65168539325843	100.0	100.0	100.0	99.90636704119851	100.0	100.0	99.90636704119851	100.0	99.90636704119851	100.0	100.0	99.15730337078652	100.0	100.0	100.0	100.0	99.90636704119851	100.0	99.90636704119851	100.0	100.0	100.0	100.0	99.90636704119851	100.0	99.90636704119851	99.90636704119851	99.53183520599251	100.0	99.625468164794	99.71910112359551	100.0	99.812734082397	100.0	99.812734082397	100.0	100.0	100.0	100.0	100.0	100.0	100.0	100.0	100.0	99.90636704119851	100.0	100.0	100.0	99.71910112359551	100.0	99.90636704119851	100.0	100.0	100.0	100.0	100.0	99.90636704119851	100.0	100.0	100.0	100.0	100.0	100.0	100.0	100.0	100.0	99.90636704119851	100.0	100.0	100.0	99.90636704119851	99.625468164794	100.0	100.0	100.0	100.0	100.0	100.0	100.0	100.0	100.0	100.0	99.90636704119851	99.812734082397	100.0	99.90636704119851	100.0	100.0	100.0	99.71910112359551	100.0	100.0	100.0	99.53183520599251	100.0	99.90636704119851	99.90636704119851	98.97003745318352	100.0	100.0	99.812734082397	100.0	100.0	100.0	100.0	99.625468164794	100.0	100.0	99.90636704119851	100.0	99.34456928838952	99.90636704119851	100.0	100.0	100.0	100.0	100.0	99.812734082397	99.71910112359551	100.0	100.0	100.0	100.0	99.90636704119851	100.0	99.812734082397	99.15730337078652	100.0	100.0	99.625468164794	99.812734082397	98.68913857677903	100.0	100.0	99.625468164794	100.0	99.812734082397	100.0	100.0	100.0	100.0	100.0	99.90636704119851	99.53183520599251	100.0	100.0	99.625468164794	99.812734082397	99.625468164794	100.0	99.34456928838952	99.71910112359551	99.812734082397	100.0	100.0	100.0	99.812734082397	99.812734082397	99.90636704119851	100.0	100.0	100.0	100.0	100.0	100.0	99.812734082397	99.90636704119851	100.0	99.90636704119851	100.0	100.0	100.0
2011	100.0	99.91142604074402	96.89991142604075	100.0	100.0	100.0	99.91142604074402	100.0	98.58281665190434	99.91142604074402	100.0	99.91142604074402	99.64570416297609	99.73427812223207	99.5571302037201	99.73427812223207	99.91142604074402	98.84853852967228	98.13994685562444	99.64570416297609	99.11426040744021	99.29140832595216	99.5571302037201	81.93091231178033	95.65987599645705	100.0	99.91142604074402	100.0	100.0	100.0	100.0	100.0	100.0	99.82285208148805	99.91142604074402	99.91142604074402	99.64570416297609	100.0	100.0	100.0	98.67139061116032	100.0	99.91142604074402	99.91142604074402	99.91142604074402	99.91142604074402	98.84853852967228	99.73427812223207	97.9627989371125	99.82285208148805	100.0	100.0	100.0	100.0	100.0	100.0	100.0	100.0	99.82285208148805	100.0	98.67139061116032	100.0	99.82285208148805	97.43135518157662	98.05137289636848	98.67139061116032	100.0	100.0	98.67139061116032	97.9627989371125	100.0	100.0	99.82285208148805	99.82285208148805	99.91142604074402	100.0	100.0	97.69707705934455	96.10274579273693	99.91142604074402	91.76262178919397	99.91142604074402	99.64570416297609	100.0	99.91142604074402	99.91142604074402	100.0	100.0	100.0	100.0	99.91142604074402	100.0	99.91142604074402	99.37998228520814	98.22852081488043	99.5571302037201	100.0	99.37998228520814	97.78565101860053	100.0	100.0	100.0	100.0	100.0	100.0	100.0	99.46855624446412	97.16563330380869	99.64570416297609	97.5199291408326	100.0	93.44552701505758	100.0	100.0	100.0	100.0	99.73427812223207	99.91142604074402	99.73427812223207	76.17360496014172	100.0	99.5571302037201	100.0	100.0	99.91142604074402	100.0	99.91142604074402	95.92559787422498	99.73427812223207	100.0	100.0	100.0	99.91142604074402	99.82285208148805	99.37998228520814	100.0	98.40566873339239	97.69707705934455	100.0	90.52258635961027	100.0	100.0	100.0	99.73427812223207	99.82285208148805	99.64570416297609	98.67139061116032	100.0	99.82285208148805	100.0	67.58193091231178	100.0	99.91142604074402	99.64570416297609	99.91142604074402	98.84853852967228	99.82285208148805	99.11426040744021	99.82285208148805	97.25420726306466	64.30469441984057	99.91142604074402	100.0	100.0	99.73427812223207	99.73427812223207	100.0	100.0	100.0	100.0	100.0	98.67139061116032	99.5571302037201	73.25066430469442	98.58281665190434	96.1913197519929	100.0	100.0	100.0	98.67139061116032	99.82285208148805	99.82285208148805	100.0	99.73427812223207	99.91142604074402	100.0	98.49424269264836	99.91142604074402	95.30558015943312	99.91142604074402	100.0	100.0	100.0	100.0	99.91142604074402	100.0	100.0	99.11426040744021	99.82285208148805	100.0	100.0	98.67139061116032	100.0	99.82285208148805	90.78830823737822	98.31709477413641	100.0	98.67139061116032	98.58281665190434	99.82285208148805	98.67139061116032	100.0	100.0	97.78565101860053	98.49424269264836	100.0	99.82285208148805	100.0	99.91142604074402	99.46855624446412	100.0	100.0	99.2028343666962	99.91142604074402	100.0	100.0	100.0	98.49424269264836	100.0	97.60850310008857	100.0	99.64570416297609	100.0	100.0	100.0	99.5571302037201	100.0	99.82285208148805	90.16829052258636	100.0	98.67139061116032	100.0	99.73427812223207	100.0	100.0	99.91142604074402	100.0	100.0	100.0	100.0	100.0	100.0	100.0	100.0	97.16563330380869	100.0	100.0	99.5571302037201	99.73427812223207	99.82285208148805	99.82285208148805	100.0	99.91142604074402	100.0	100.0	100.0	100.0	100.0	100.0	100.0	100.0	100.0	100.0	100.0	100.0	99.5571302037201	98.58281665190434	99.37998228520814	100.0	99.37998228520814	98.40566873339239	100.0	99.2028343666962	99.82285208148805	99.91142604074402	100.0	99.82285208148805	99.29140832595216	99.46855624446412	100.0	99.46855624446412	97.69707705934455	100.0	98.13994685562444	99.91142604074402	99.5571302037201	100.0	99.73427812223207	99.91142604074402	100.0	99.91142604074402	100.0	99.82285208148805	100.0	100.0	99.73427812223207	98.93711248892826	100.0	100.0	100.0	100.0	99.91142604074402	99.91142604074402	99.91142604074402	99.82285208148805	99.82285208148805	100.0	100.0	100.0	99.5571302037201	100.0	100.0	99.5571302037201	100.0	99.64570416297609	100.0	100.0	97.78565101860053	100.0	100.0	100.0	99.91142604074402	100.0	99.91142604074402	100.0	100.0	100.0	100.0	98.75996457041629	100.0	100.0	99.91142604074402	99.64570416297609	98.75996457041629	100.0	100.0	100.0	100.0	100.0	100.0	99.82285208148805	100.0	100.0	100.0	99.91142604074402	100.0	100.0	100.0	100.0	99.91142604074402	100.0	100.0	72.8963684676705	100.0	100.0	100.0	100.0	100.0	99.91142604074402	99.91142604074402	100.0	99.91142604074402	100.0	99.5571302037201	99.91142604074402	100.0	98.67139061116032	100.0	100.0	100.0	100.0	100.0	99.91142604074402	99.73427812223207	99.91142604074402	99.91142604074402	100.0	99.91142604074402	100.0	99.91142604074402	99.64570416297609	100.0	100.0	87.68821966341895	99.64570416297609	100.0	100.0	100.0	100.0	100.0	100.0	100.0	99.91142604074402	100.0	100.0	100.0	100.0	100.0	100.0	100.0	100.0	100.0	100.0	100.0	100.0	99.91142604074402	100.0	99.91142604074402	100.0	100.0	100.0	98.67139061116032	99.91142604074402	99.91142604074402	99.64570416297609	100.0	99.91142604074402	100.0	99.82285208148805	100.0	99.91142604074402	99.73427812223207	100.0	99.2028343666962	100.0	99.82285208148805	100.0	100.0	100.0	100.0	99.82285208148805	99.82285208148805	100.0	100.0	99.82285208148805	99.91142604074402	99.82285208148805	100.0	100.0	100.0	99.91142604074402	100.0	100.0	100.0	100.0	100.0	100.0	100.0	99.91142604074402	100.0	99.91142604074402	100.0	100.0	100.0	99.91142604074402	99.2028343666962	99.91142604074402	100.0	99.82285208148805	99.91142604074402	100.0	100.0	100.0	100.0	100.0	100.0	100.0	99.73427812223207	100.0	100.0	100.0	100.0	100.0	99.5571302037201	100.0	100.0	100.0	98.75996457041629	100.0	100.0	99.82285208148805	99.64570416297609	99.91142604074402	99.82285208148805	99.5571302037201	100.0	100.0	99.91142604074402	100.0	98.67139061116032	99.91142604074402	99.91142604074402	100.0	100.0	98.49424269264836	100.0	100.0	100.0	99.82285208148805	99.91142604074402	100.0	100.0	99.64570416297609	100.0	100.0	100.0	99.73427812223207	99.82285208148805	99.82285208148805	100.0	99.37998228520814	99.91142604074402	100.0	99.64570416297609	99.91142604074402	99.46855624446412	100.0	100.0	99.5571302037201	100.0	99.91142604074402	100.0	100.0	100.0	100.0	100.0	100.0	98.49424269264836	100.0	100.0	99.73427812223207	100.0	99.91142604074402	100.0	98.22852081488043	99.64570416297609	99.73427812223207	100.0	100.0	99.82285208148805	99.82285208148805	99.82285208148805	100.0	99.91142604074402	99.91142604074402	100.0	100.0	100.0	100.0	100.0	99.91142604074402	100.0	99.82285208148805	100.0	100.0	99.91142604074402
2012	100.0	100.0	97.57505773672055	99.94226327944573	99.88452655889145	100.0	99.94226327944573	99.76905311778292	99.82678983833718	99.71131639722863	100.0	99.88452655889145	100.0	99.76905311778292	99.76905311778292	99.53810623556582	100.0	97.34411085450347	99.53810623556582	99.71131639722863	99.53810623556582	99.65357967667437	99.82678983833718	81.46651270207852	97.80600461893765	99.65357967667437	100.0	99.88452655889145	100.0	100.0	99.88452655889145	100.0	100.0	100.0	100.0	99.94226327944573	99.82678983833718	99.76905311778292	100.0	99.94226327944573	99.01847575057737	100.0	99.88452655889145	100.0	100.0	100.0	99.76905311778292	100.0	99.65357967667437	100.0	100.0	100.0	99.94226327944573	99.94226327944573	100.0	100.0	100.0	99.94226327944573	99.94226327944573	100.0	99.53810623556582	99.94226327944573	99.88452655889145	97.05542725173211	97.40184757505773	99.94226327944573	100.0	100.0	99.5958429561201	98.094688221709	99.94226327944573	99.76905311778292	99.94226327944573	100.0	99.76905311778292	99.94226327944573	100.0	98.094688221709	95.61200923787528	100.0	91.45496535796767	100.0	99.82678983833718	100.0	100.0	100.0	100.0	100.0	100.0	100.0	99.88452655889145	100.0	99.88452655889145	99.5958429561201	97.80600461893765	98.38337182448036	99.94226327944573	98.44110854503464	99.48036951501155	100.0	99.88452655889145	99.94226327944573	100.0	99.82678983833718	100.0	100.0	99.71131639722863	98.03695150115473	99.82678983833718	99.19168591224017	99.76905311778292	96.76674364896074	100.0	100.0	100.0	100.0	99.94226327944573	99.94226327944573	99.94226327944573	83.25635103926096	100.0	99.65357967667437	100.0	100.0	99.94226327944573	100.0	99.94226327944573	97.22863741339492	99.94226327944573	99.94226327944573	100.0	100.0	100.0	100.0	99.71131639722863	100.0	100.0	99.48036951501155	100.0	89.8960739030023	100.0	99.76905311778292	100.0	99.82678983833718	99.65357967667437	99.94226327944573	100.0	100.0	99.71131639722863	100.0	61.720554272517326	100.0	99.94226327944573	99.94226327944573	100.0	99.82678983833718	99.65357967667437	99.88452655889145	99.82678983833718	97.6905311778291	67.8406466512702	100.0	100.0	100.0	99.71131639722863	99.82678983833718	100.0	100.0	100.0	100.0	100.0	99.88452655889145	99.88452655889145	86.66281755196304	99.76905311778292	96.36258660508084	99.94226327944573	100.0	99.88452655889145	100.0	99.94226327944573	100.0	100.0	99.5958429561201	99.76905311778292	100.0	99.94226327944573	99.94226327944573	96.76674364896074	99.71131639722863	100.0	100.0	99.94226327944573	100.0	100.0	100.0	100.0	99.24942263279446	100.0	100.0	100.0	100.0	100.0	100.0	96.18937644341801	99.30715935334872	100.0	99.76905311778292	100.0	100.0	100.0	100.0	99.94226327944573	99.19168591224017	98.72979214780601	100.0	99.71131639722863	99.94226327944573	100.0	98.96073903002309	100.0	100.0	99.24942263279446	99.71131639722863	99.94226327944573	100.0	100.0	99.71131639722863	99.88452655889145	96.99769053117782	100.0	99.76905311778292	99.94226327944573	99.94226327944573	100.0	99.94226327944573	100.0	99.65357967667437	89.95381062355659	100.0	99.94226327944573	100.0	99.82678983833718	100.0	100.0	99.53810623556582	100.0	100.0	100.0	100.0	100.0	99.94226327944573	100.0	100.0	96.76674364896074	100.0	99.94226327944573	99.07621247113164	99.53810623556582	99.82678983833718	99.82678983833718	99.94226327944573	99.82678983833718	100.0	100.0	100.0	99.94226327944573	100.0	100.0	100.0	99.65357967667437	100.0	99.94226327944573	100.0	100.0	99.71131639722863	99.13394919168591	99.5958429561201	99.82678983833718	99.76905311778292	97.92147806004618	100.0	99.42263279445727	99.94226327944573	99.76905311778292	100.0	99.82678983833718	99.53810623556582	99.24942263279446	100.0	99.82678983833718	99.364896073903	100.0	99.5958429561201	100.0	99.53810623556582	100.0	99.88452655889145	100.0	99.94226327944573	99.94226327944573	100.0	100.0	99.94226327944573	99.94226327944573	99.88452655889145	98.72979214780601	100.0	100.0	100.0	100.0	99.88452655889145	99.94226327944573	100.0	99.94226327944573	99.88452655889145	99.88452655889145	100.0	100.0	99.30715935334872	100.0	100.0	99.71131639722863	100.0	99.13394919168591	100.0	100.0	98.90300230946882	100.0	99.94226327944573	99.88452655889145	100.0	100.0	99.94226327944573	100.0	100.0	99.94226327944573	100.0	97.51732101616628	100.0	99.82678983833718	99.94226327944573	99.88452655889145	97.92147806004618	99.94226327944573	100.0	99.94226327944573	100.0	100.0	99.94226327944573	99.65357967667437	100.0	100.0	100.0	100.0	100.0	100.0	100.0	100.0	99.94226327944573	100.0	100.0	73.26789838337181	99.94226327944573	100.0	100.0	100.0	100.0	100.0	99.88452655889145	99.94226327944573	99.88452655889145	100.0	99.88452655889145	100.0	100.0	99.88452655889145	100.0	100.0	99.82678983833718	100.0	100.0	100.0	100.0	100.0	100.0	100.0	99.71131639722863	99.94226327944573	99.88452655889145	99.88452655889145	99.94226327944573	99.94226327944573	94.28406466512702	100.0	99.94226327944573	100.0	100.0	100.0	100.0	99.88452655889145	99.82678983833718	99.94226327944573	99.94226327944573	100.0	99.94226327944573	100.0	100.0	100.0	100.0	100.0	100.0	99.94226327944573	100.0	100.0	99.94226327944573	100.0	99.82678983833718	100.0	100.0	99.94226327944573	99.364896073903	100.0	99.82678983833718	99.94226327944573	99.94226327944573	99.71131639722863	100.0	100.0	99.94226327944573	100.0	99.94226327944573	100.0	99.76905311778292	100.0	99.53810623556582	100.0	100.0	100.0	99.94226327944573	99.94226327944573	99.88452655889145	99.82678983833718	100.0	99.94226327944573	99.24942263279446	99.76905311778292	100.0	100.0	100.0	99.71131639722863	100.0	99.71131639722863	100.0	100.0	100.0	99.94226327944573	100.0	100.0	100.0	99.76905311778292	100.0	100.0	100.0	100.0	99.53810623556582	100.0	99.88452655889145	99.82678983833718	99.88452655889145	100.0	100.0	99.94226327944573	100.0	100.0	100.0	100.0	99.19168591224017	100.0	100.0	100.0	100.0	100.0	99.82678983833718	99.94226327944573	100.0	100.0	99.88452655889145	100.0	99.94226327944573	99.94226327944573	99.53810623556582	99.94226327944573	99.88452655889145	99.76905311778292	99.94226327944573	100.0	100.0	99.94226327944573	99.94226327944573	99.76905311778292	99.94226327944573	100.0	100.0	99.82678983833718	99.94226327944573	100.0	100.0	100.0	99.94226327944573	100.0	100.0	99.76905311778292	99.88452655889145	100.0	100.0	100.0	99.5958429561201	99.88452655889145	99.88452655889145	99.364896073903	100.0	100.0	99.76905311778292	99.65357967667437	99.364896073903	100.0	99.94226327944573	99.82678983833718	99.94226327944573	99.65357967667437	100.0	100.0	99.94226327944573	100.0	100.0	99.82678983833718	99.82678983833718	100.0	100.0	99.82678983833718	99.94226327944573	99.82678983833718	100.0	99.82678983833718	99.48036951501155	99.94226327944573	100.0	100.0	99.94226327944573	100.0	99.71131639722863	100.0	99.94226327944573	99.94226327944573	100.0	100.0	100.0	100.0	99.94226327944573	99.88452655889145	100.0	99.76905311778292	100.0	100.0	99.88452655889145
2013	100.0	99.88980716253444	90.96418732782368	99.88980716253444	99.88980716253444	99.94490358126723	99.83471074380165	99.94490358126723	92.17630853994491	99.6694214876033	99.94490358126723	99.6694214876033	99.50413223140497	99.83471074380165	99.77961432506886	99.6694214876033	99.88980716253444	98.95316804407713	92.28650137741047	99.50413223140497	99.3388429752066	98.34710743801654	99.6694214876033	83.91184573002755	98.56749311294766	99.77961432506886	100.0	99.94490358126723	100.0	100.0	99.72451790633609	100.0	100.0	100.0	100.0	100.0	99.88980716253444	100.0	100.0	99.88980716253444	98.89807162534436	100.0	99.94490358126723	100.0	100.0	100.0	99.55922865013774	99.94490358126723	92.23140495867769	99.77961432506886	100.0	100.0	100.0	100.0	99.94490358126723	100.0	100.0	100.0	99.83471074380165	100.0	93.05785123966942	100.0	100.0	89.53168044077135	97.46556473829202	92.34159779614325	100.0	100.0	92.12121212121212	98.7878787878788	99.88980716253444	99.88980716253444	99.88980716253444	99.94490358126723	99.88980716253444	99.88980716253444	100.0	90.13774104683195	95.9228650137741	100.0	90.74380165289256	100.0	99.94490358126723	100.0	100.0	100.0	100.0	100.0	99.94490358126723	100.0	99.72451790633609	100.0	99.88980716253444	99.3388429752066	98.29201101928375	98.34710743801654	99.94490358126723	98.34710743801654	91.46005509641874	100.0	99.77961432506886	100.0	100.0	99.77961432506886	100.0	100.0	99.72451790633609	90.96418732782368	99.88980716253444	91.73553719008265	99.61432506887053	90.41322314049587	100.0	100.0	100.0	100.0	99.88980716253444	100.0	100.0	88.70523415977961	99.6694214876033	99.61432506887053	100.0	99.94490358126723	100.0	100.0	100.0	96.74931129476583	100.0	99.94490358126723	100.0	100.0	99.94490358126723	99.94490358126723	99.55922865013774	100.0	92.34159779614325	91.95592286501378	100.0	88.31955922865014	100.0	99.88980716253444	100.0	99.3388429752066	99.77961432506886	100.0	92.28650137741047	99.94490358126723	100.0	100.0	62.92011019283746	100.0	99.94490358126723	100.0	100.0	94.43526170798899	99.72451790633609	94.15977961432506	99.72451790633609	91.34986225895317	66.83195592286502	100.0	100.0	100.0	99.77961432506886	99.83471074380165	100.0	100.0	100.0	100.0	99.94490358126723	91.79063360881543	98.62258953168043	84.79338842975207	91.90082644628099	90.02754820936639	100.0	100.0	99.88980716253444	92.34159779614325	100.0	100.0	99.72451790633609	99.72451790633609	99.94490358126723	100.0	92.23140495867769	99.88980716253444	90.85399449035812	99.50413223140497	100.0	100.0	100.0	100.0	99.88980716253444	100.0	100.0	99.72451790633609	99.94490358126723	100.0	100.0	92.28650137741047	100.0	99.83471074380165	91.12947658402204	91.68044077134986	100.0	92.34159779614325	92.34159779614325	99.61432506887053	92.34159779614325	100.0	99.44903581267218	91.51515151515152	99.50413223140497	100.0	100.0	100.0	99.94490358126723	98.73278236914601	100.0	100.0	99.39393939393939	99.50413223140497	100.0	100.0	100.0	92.34159779614325	99.6694214876033	97.90633608815426	100.0	99.83471074380165	99.94490358126723	100.0	99.88980716253444	99.88980716253444	99.94490358126723	99.55922865013774	90.9090909090909	100.0	92.45179063360881	100.0	99.88980716253444	100.0	99.88980716253444	99.88980716253444	100.0	99.88980716253444	100.0	100.0	100.0	99.88980716253444	100.0	99.94490358126723	96.08815426997245	100.0	100.0	99.55922865013774	99.50413223140497	99.94490358126723	99.83471074380165	99.94490358126723	99.88980716253444	100.0	100.0	100.0	100.0	99.94490358126723	100.0	100.0	99.72451790633609	100.0	100.0	100.0	99.94490358126723	99.6694214876033	98.62258953168043	98.95316804407713	100.0	99.55922865013774	97.19008264462809	100.0	99.44903581267218	100.0	99.88980716253444	100.0	99.61432506887053	99.6694214876033	99.88980716253444	99.94490358126723	99.55922865013774	91.90082644628099	100.0	91.90082644628099	100.0	99.72451790633609	100.0	99.72451790633609	100.0	99.94490358126723	99.72451790633609	100.0	100.0	100.0	99.77961432506886	99.88980716253444	99.17355371900827	100.0	100.0	100.0	100.0	100.0	99.77961432506886	99.94490358126723	99.72451790633609	100.0	100.0	100.0	100.0	99.6694214876033	100.0	100.0	99.72451790633609	100.0	99.28374655647383	99.94490358126723	100.0	91.90082644628099	100.0	100.0	99.94490358126723	100.0	100.0	99.94490358126723	100.0	100.0	100.0	100.0	98.23691460055096	99.94490358126723	99.94490358126723	100.0	99.88980716253444	99.28374655647383	99.94490358126723	100.0	100.0	99.88980716253444	100.0	100.0	99.6694214876033	100.0	100.0	100.0	100.0	100.0	100.0	100.0	100.0	99.94490358126723	100.0	100.0	76.63911845730027	99.94490358126723	100.0	100.0	100.0	100.0	100.0	99.94490358126723	100.0	99.88980716253444	100.0	100.0	99.94490358126723	100.0	92.28650137741047	100.0	100.0	99.88980716253444	100.0	99.94490358126723	100.0	99.94490358126723	100.0	100.0	100.0	99.72451790633609	100.0	100.0	99.28374655647383	100.0	100.0	87.87878787878788	99.88980716253444	99.94490358126723	99.94490358126723	99.94490358126723	99.83471074380165	100.0	100.0	100.0	100.0	99.94490358126723	100.0	99.94490358126723	100.0	99.88980716253444	100.0	99.94490358126723	100.0	99.94490358126723	100.0	100.0	99.94490358126723	99.88980716253444	100.0	99.77961432506886	100.0	99.94490358126723	100.0	92.17630853994491	100.0	99.83471074380165	99.88980716253444	99.94490358126723	99.55922865013774	100.0	99.94490358126723	100.0	99.94490358126723	100.0	100.0	99.77961432506886	99.88980716253444	99.94490358126723	100.0	100.0	99.94490358126723	100.0	99.94490358126723	99.94490358126723	99.94490358126723	99.94490358126723	99.88980716253444	100.0	99.77961432506886	100.0	100.0	100.0	99.88980716253444	100.0	99.77961432506886	100.0	100.0	100.0	100.0	99.88980716253444	100.0	100.0	99.83471074380165	100.0	100.0	100.0	99.94490358126723	98.89807162534436	100.0	99.94490358126723	99.88980716253444	100.0	99.94490358126723	100.0	99.88980716253444	100.0	100.0	100.0	99.94490358126723	99.77961432506886	100.0	99.94490358126723	100.0	100.0	99.94490358126723	99.77961432506886	99.94490358126723	100.0	100.0	99.94490358126723	100.0	99.88980716253444	100.0	99.3388429752066	99.94490358126723	99.94490358126723	99.77961432506886	100.0	99.94490358126723	100.0	100.0	92.23140495867769	100.0	99.94490358126723	99.88980716253444	100.0	92.01101928374655	99.83471074380165	100.0	100.0	99.77961432506886	99.94490358126723	100.0	100.0	99.83471074380165	99.83471074380165	100.0	99.88980716253444	99.94490358126723	99.6694214876033	99.94490358126723	99.88980716253444	99.55922865013774	100.0	100.0	99.83471074380165	99.94490358126723	99.72451790633609	99.88980716253444	100.0	99.6694214876033	100.0	100.0	99.88980716253444	100.0	100.0	100.0	99.94490358126723	100.0	92.17630853994491	100.0	100.0	99.77961432506886	99.88980716253444	99.77961432506886	99.94490358126723	92.06611570247934	99.06336088154269	99.88980716253444	99.94490358126723	100.0	99.94490358126723	99.83471074380165	99.88980716253444	100.0	100.0	99.94490358126723	100.0	99.94490358126723	100.0	100.0	100.0	99.83471074380165	100.0	99.88980716253444	100.0	100.0	99.88980716253444
2014	100.0	99.56958393113344	95.83931133428982	99.90435198469632	100.0	99.90435198469632	99.90435198469632	99.90435198469632	96.46102343376374	99.76087996174078	100.0	99.80870396939264	99.80870396939264	99.4261119081779	99.80870396939264	99.5217599234816	99.90435198469632	98.70875179340028	96.65231946437112	99.95217599234816	99.85652797704448	99.09134385461502	99.85652797704448	85.70062171209948	98.9478718316595	99.71305595408894	99.95217599234816	99.76087996174078	100.0	100.0	99.95217599234816	100.0	99.95217599234816	100.0	100.0	99.95217599234816	99.90435198469632	100.0	100.0	99.90435198469632	98.75657580105212	100.0	99.95217599234816	99.95217599234816	99.95217599234816	99.71305595408894	99.56958393113344	99.95217599234816	96.5088474414156	99.95217599234816	100.0	100.0	100.0	99.95217599234816	100.0	99.95217599234816	100.0	100.0	99.85652797704448	100.0	97.08273553323768	100.0	99.90435198469632	93.06551889048302	98.75657580105212	96.7479674796748	99.95217599234816	100.0	96.46102343376374	99.1869918699187	100.0	99.90435198469632	99.80870396939264	100.0	99.95217599234816	99.80870396939264	100.0	93.7350549976088	95.3610712577714	100.0	92.20468675274988	100.0	99.85652797704448	100.0	99.95217599234816	99.95217599234816	100.0	100.0	100.0	100.0	99.95217599234816	100.0	99.80870396939264	99.71305595408894	97.895743663319	97.99139167862266	99.85652797704448	97.94356767097084	95.69583931133428	100.0	99.80870396939264	100.0	100.0	99.95217599234816	100.0	100.0	99.71305595408894	94.93065518890484	99.90435198469632	96.46102343376374	99.66523194643712	93.87852702056433	100.0	100.0	100.0	100.0	99.95217599234816	99.95217599234816	99.85652797704448	90.67431850789096	99.95217599234816	99.37828790052606	100.0	100.0	100.0	100.0	99.95217599234816	96.12625538020086	100.0	99.95217599234816	100.0	100.0	99.90435198469632	99.95217599234816	99.5217599234816	100.0	96.55667144906744	96.22190339550454	99.95217599234816	88.47441415590626	99.95217599234816	99.95217599234816	99.95217599234816	99.4261119081779	99.85652797704448	99.95217599234816	96.70014347202296	99.95217599234816	99.85652797704448	100.0	60.832137733142034	99.95217599234816	99.90435198469632	99.80870396939264	99.95217599234816	98.23051171688188	99.56958393113344	98.32615973218556	99.56958393113344	95.60019129603062	71.49689143950263	99.71305595408894	99.95217599234816	99.95217599234816	99.85652797704448	99.76087996174078	100.0	100.0	99.95217599234816	100.0	100.0	96.4131994261119	99.04351984696318	90.38737446197992	96.26972740315638	92.9220468675275	99.95217599234816	100.0	99.90435198469632	96.7479674796748	99.85652797704448	100.0	99.95217599234816	99.90435198469632	99.85652797704448	99.95217599234816	96.46102343376374	99.90435198469632	95.40889526542324	99.47393591582974	99.80870396939264	99.95217599234816	99.95217599234816	100.0	100.0	100.0	100.0	99.47393591582974	99.85652797704448	100.0	100.0	96.70014347202296	100.0	99.80870396939264	94.7871831659493	96.1740793878527	100.0	96.7479674796748	96.7479674796748	99.80870396939264	96.7479674796748	100.0	99.80870396939264	96.1740793878527	99.71305595408894	100.0	100.0	100.0	100.0	97.3218555714969	100.0	100.0	99.33046389287422	99.71305595408894	99.85652797704448	99.95217599234816	100.0	96.60449545671928	99.85652797704448	98.66092778574844	100.0	100.0	99.90435198469632	99.95217599234816	99.90435198469632	99.71305595408894	99.85652797704448	99.37828790052606	87.08751793400286	100.0	96.89143950263032	100.0	99.85652797704448	100.0	99.95217599234816	99.85652797704448	99.95217599234816	100.0	99.95217599234816	100.0	100.0	100.0	100.0	99.95217599234816	94.882831181253	100.0	100.0	98.85222381635582	99.71305595408894	99.95217599234816	99.95217599234816	99.85652797704448	99.90435198469632	100.0	100.0	100.0	100.0	100.0	100.0	100.0	99.85652797704448	100.0	100.0	100.0	100.0	99.61740793878528	99.09134385461502	99.4261119081779	100.0	99.71305595408894	95.88713534194166	100.0	99.61740793878528	99.76087996174078	99.61740793878528	100.0	99.4261119081779	99.76087996174078	99.4261119081779	99.95217599234816	99.80870396939264	96.22190339550454	100.0	96.1740793878527	99.90435198469632	99.23481587757054	100.0	99.85652797704448	100.0	100.0	99.95217599234816	99.95217599234816	99.95217599234816	99.80870396939264	99.95217599234816	100.0	99.28263988522238	100.0	100.0	100.0	100.0	99.85652797704448	99.76087996174078	99.95217599234816	99.85652797704448	99.90435198469632	100.0	100.0	100.0	99.80870396939264	100.0	100.0	99.80870396939264	99.90435198469632	99.66523194643712	99.85652797704448	100.0	96.07843137254902	100.0	100.0	99.85652797704448	100.0	100.0	99.90435198469632	100.0	100.0	100.0	100.0	99.13916786226686	99.95217599234816	99.90435198469632	99.95217599234816	100.0	99.1869918699187	99.95217599234816	100.0	99.85652797704448	100.0	99.95217599234816	100.0	99.56958393113344	100.0	100.0	100.0	99.95217599234816	100.0	100.0	100.0	100.0	100.0	100.0	100.0	80.77474892395983	100.0	100.0	100.0	100.0	100.0	99.95217599234816	99.95217599234816	100.0	99.95217599234816	100.0	99.85652797704448	100.0	100.0	96.7479674796748	100.0	100.0	99.95217599234816	100.0	100.0	100.0	99.90435198469632	100.0	100.0	100.0	99.4261119081779	100.0	99.85652797704448	98.90004782400766	99.95217599234816	100.0	90.76996652319464	99.90435198469632	100.0	99.76087996174078	100.0	99.85652797704448	100.0	100.0	99.95217599234816	100.0	100.0	100.0	100.0	100.0	100.0	100.0	99.95217599234816	100.0	100.0	100.0	100.0	100.0	99.95217599234816	100.0	99.95217599234816	100.0	99.95217599234816	99.95217599234816	96.60449545671928	100.0	100.0	99.76087996174078	99.90435198469632	99.71305595408894	100.0	99.80870396939264	99.95217599234816	100.0	99.95217599234816	100.0	99.90435198469632	100.0	100.0	100.0	100.0	100.0	100.0	99.95217599234816	100.0	99.95217599234816	100.0	100.0	99.95217599234816	99.71305595408894	100.0	100.0	100.0	99.85652797704448	100.0	99.90435198469632	100.0	100.0	100.0	99.95217599234816	99.95217599234816	100.0	100.0	100.0	100.0	100.0	100.0	100.0	98.99569583931134	100.0	99.95217599234816	100.0	99.95217599234816	100.0	100.0	100.0	100.0	99.95217599234816	100.0	99.80870396939264	99.23481587757054	100.0	99.90435198469632	100.0	100.0	100.0	99.85652797704448	100.0	100.0	100.0	99.76087996174078	100.0	99.95217599234816	99.95217599234816	99.61740793878528	99.95217599234816	99.95217599234816	99.95217599234816	99.95217599234816	100.0	99.95217599234816	100.0	96.70014347202296	99.95217599234816	99.95217599234816	100.0	100.0	96.5088474414156	99.95217599234816	100.0	100.0	99.95217599234816	100.0	100.0	99.95217599234816	99.90435198469632	99.95217599234816	100.0	100.0	99.95217599234816	99.71305595408894	100.0	100.0	99.56958393113344	99.90435198469632	100.0	99.95217599234816	99.90435198469632	99.71305595408894	99.95217599234816	100.0	99.71305595408894	100.0	99.85652797704448	99.90435198469632	100.0	100.0	100.0	100.0	99.80870396939264	96.7479674796748	100.0	100.0	99.66523194643712	100.0	100.0	100.0	96.46102343376374	99.66523194643712	99.85652797704448	99.76087996174078	100.0	99.90435198469632	99.90435198469632	99.80870396939264	99.90435198469632	99.80870396939264	99.95217599234816	100.0	99.95217599234816	99.95217599234816	100.0	100.0	99.90435198469632	100.0	99.76087996174078	99.95217599234816	100.0	99.76087996174078
2015	100.0	99.62042788129745	87.50862663906143	99.68944099378882	100.0	100.0	99.79296066252587	99.65493443754313	88.78536922015184	99.72394755003451	99.79296066252587	99.41338854382332	99.41338854382332	99.96549344375431	99.55141476880607	99.13733609385783	99.96549344375431	98.4126984126984	88.64734299516908	99.68944099378882	99.79296066252587	99.34437543133195	99.93098688750862	92.40855762594893	99.65493443754313	99.82746721877157	100.0	99.27536231884058	100.0	100.0	100.0	100.0	100.0	100.0	99.96549344375431	99.96549344375431	99.55141476880607	100.0	100.0	99.7584541062802	97.75707384403036	100.0	99.68944099378882	100.0	99.93098688750862	99.93098688750862	99.93098688750862	100.0	88.26777087646653	99.96549344375431	100.0	100.0	99.96549344375431	100.0	100.0	100.0	100.0	100.0	99.89648033126294	100.0	89.02691511387164	99.82746721877157	99.93098688750862	85.95583160800551	99.65493443754313	88.78536922015184	99.96549344375431	100.0	88.23326432022084	97.23947550034507	100.0	99.68944099378882	99.89648033126294	99.72394755003451	99.96549344375431	100.0	100.0	87.50862663906143	94.54796411318151	99.96549344375431	93.82332643202209	100.0	99.93098688750862	100.0	99.96549344375431	100.0	100.0	100.0	99.93098688750862	100.0	99.89648033126294	100.0	99.27536231884058	99.06832298136646	97.48102139406487	98.24016563146998	99.7584541062802	98.34368530020704	87.75017253278122	100.0	99.82746721877157	100.0	100.0	99.68944099378882	100.0	100.0	99.62042788129745	85.85231193926846	99.93098688750862	88.3367839889579	99.68944099378882	87.92270531400966	100.0	100.0	100.0	100.0	99.93098688750862	100.0	100.0	92.37405106970324	99.7584541062802	99.55141476880607	99.96549344375431	100.0	99.93098688750862	100.0	99.89648033126294	94.61697722567288	100.0	99.96549344375431	99.93098688750862	100.0	99.89648033126294	100.0	99.62042788129745	100.0	88.78536922015184	86.57694962042788	100.0	90.23464458247066	100.0	99.96549344375431	100.0	99.37888198757764	99.72394755003451	99.93098688750862	88.75086266390613	99.93098688750862	99.96549344375431	100.0	75.32781228433403	100.0	100.0	99.65493443754313	100.0	98.37819185645273	99.93098688750862	90.20013802622499	99.30986887508627	87.64665286404417	70.04830917874396	99.96549344375431	100.0	100.0	99.93098688750862	99.82746721877157	100.0	100.0	100.0	100.0	99.93098688750862	88.37129054520358	99.37888198757764	83.12629399585921	88.5783298826777	79.19254658385093	100.0	99.89648033126294	99.93098688750862	88.81987577639751	99.89648033126294	99.96549344375431	99.93098688750862	99.41338854382332	99.93098688750862	100.0	88.71635610766046	99.65493443754313	87.47412008281573	100.0	99.89648033126294	100.0	99.96549344375431	100.0	100.0	100.0	100.0	99.24085576259489	99.7584541062802	100.0	100.0	88.81987577639751	99.96549344375431	97.99861973775018	87.12905452035888	88.30227743271222	100.0	88.64734299516908	91.30434782608695	99.4824016563147	88.75086266390613	100.0	99.7584541062802	88.68184955141477	99.68944099378882	100.0	99.96549344375431	99.93098688750862	99.96549344375431	91.1663216011042	100.0	100.0	99.10282953761215	99.72394755003451	99.93098688750862	100.0	100.0	88.81987577639751	99.89648033126294	99.10282953761215	100.0	99.93098688750862	99.93098688750862	99.93098688750862	99.79296066252587	99.79296066252587	99.86197377501725	99.79296066252587	76.08695652173914	99.96549344375431	91.58040027605246	99.89648033126294	99.89648033126294	100.0	99.96549344375431	99.96549344375431	99.96549344375431	100.0	99.96549344375431	100.0	100.0	99.93098688750862	100.0	99.96549344375431	96.51483781918564	99.93098688750862	100.0	99.7584541062802	99.72394755003451	99.96549344375431	99.93098688750862	100.0	100.0	99.96549344375431	100.0	100.0	100.0	100.0	100.0	100.0	99.7584541062802	100.0	100.0	100.0	99.79296066252587	99.44789510006902	98.27467218771567	99.62042788129745	99.86197377501725	99.89648033126294	98.10213940648723	100.0	99.65493443754313	99.93098688750862	99.68944099378882	100.0	99.65493443754313	99.72394755003451	99.79296066252587	99.96549344375431	99.13733609385783	87.5431331953071	100.0	88.30227743271222	99.68944099378882	99.20634920634922	100.0	100.0	100.0	100.0	100.0	100.0	99.82746721877157	99.79296066252587	99.55141476880607	99.96549344375431	99.68944099378882	100.0	99.96549344375431	100.0	100.0	100.0	99.72394755003451	99.96549344375431	99.93098688750862	99.82746721877157	99.93098688750862	99.96549344375431	100.0	99.62042788129745	100.0	100.0	99.93098688750862	100.0	99.44789510006902	99.89648033126294	99.96549344375431	88.47481021394064	99.93098688750862	99.96549344375431	100.0	100.0	100.0	99.96549344375431	100.0	100.0	99.96549344375431	100.0	99.44789510006902	99.96549344375431	99.79296066252587	99.93098688750862	99.44789510006902	98.89579020013802	99.89648033126294	100.0	100.0	100.0	100.0	100.0	99.89648033126294	100.0	100.0	100.0	99.96549344375431	100.0	100.0	100.0	100.0	99.93098688750862	100.0	99.7584541062802	84.81711525189786	99.96549344375431	100.0	100.0	100.0	100.0	99.96549344375431	100.0	100.0	99.72394755003451	100.0	99.7584541062802	99.96549344375431	100.0	88.88888888888889	100.0	100.0	99.96549344375431	99.96549344375431	100.0	100.0	100.0	100.0	100.0	100.0	99.17184265010351	100.0	99.93098688750862	93.09868875086266	99.96549344375431	100.0	85.33471359558315	99.7584541062802	99.96549344375431	99.62042788129745	99.89648033126294	99.89648033126294	100.0	100.0	99.89648033126294	100.0	100.0	100.0	99.89648033126294	100.0	99.93098688750862	100.0	99.93098688750862	99.96549344375431	100.0	99.96549344375431	100.0	100.0	99.65493443754313	100.0	99.96549344375431	100.0	99.93098688750862	99.82746721877157	88.71635610766046	100.0	99.93098688750862	99.13733609385783	100.0	99.89648033126294	100.0	99.82746721877157	100.0	100.0	100.0	100.0	99.4824016563147	100.0	100.0	100.0	100.0	99.96549344375431	100.0	99.96549344375431	99.82746721877157	99.89648033126294	99.89648033126294	100.0	99.93098688750862	99.55141476880607	100.0	100.0	100.0	99.96549344375431	100.0	99.93098688750862	99.96549344375431	99.72394755003451	100.0	99.93098688750862	99.93098688750862	100.0	100.0	99.65493443754313	99.96549344375431	100.0	100.0	99.96549344375431	90.89026915113871	100.0	99.96549344375431	99.82746721877157	100.0	100.0	100.0	100.0	100.0	100.0	100.0	100.0	99.79296066252587	100.0	100.0	100.0	100.0	99.89648033126294	99.93098688750862	100.0	100.0	100.0	99.7584541062802	100.0	99.93098688750862	100.0	99.30986887508627	99.96549344375431	99.93098688750862	99.79296066252587	100.0	100.0	99.96549344375431	100.0	88.30227743271222	100.0	99.96549344375431	99.96549344375431	100.0	88.6128364389234	99.96549344375431	100.0	100.0	99.82746721877157	100.0	100.0	100.0	99.96549344375431	99.89648033126294	100.0	99.96549344375431	99.93098688750862	99.96549344375431	99.96549344375431	99.96549344375431	99.55141476880607	100.0	100.0	99.86197377501725	99.82746721877157	99.68944099378882	99.86197377501725	100.0	99.44789510006902	100.0	99.86197377501725	99.96549344375431	100.0	100.0	100.0	100.0	99.89648033126294	88.81987577639751	100.0	100.0	99.86197377501725	99.86197377501725	99.72394755003451	99.96549344375431	88.44030365769497	98.68875086266391	99.93098688750862	99.96549344375431	99.96549344375431	99.93098688750862	99.72394755003451	99.44789510006902	100.0	99.89648033126294	99.96549344375431	100.0	100.0	100.0	100.0	99.89648033126294	99.86197377501725	100.0	99.96549344375431	100.0	100.0	99.96549344375431
2016	100.0	100.0	93.9799331103679	99.63210702341138	99.89966555183946	100.0	99.39799331103679	99.9665551839465	94.71571906354515	100.0	99.9665551839465	99.53177257525083	99.66555183946488	86.72240802675584	99.63210702341138	98.79598662207358	100.0	99.4314381270903	94.31438127090301	99.93311036789298	99.26421404682274	99.89966555183946	99.83277591973244	95.45150501672241	99.69899665551839	99.69899665551839	100.0	99.79933110367894	100.0	100.0	99.89966555183946	100.0	100.0	99.9665551839465	100.0	100.0	99.36454849498327	100.0	100.0	99.9665551839465	96.15384615384616	100.0	99.79933110367894	100.0	99.9665551839465	100.0	99.89966555183946	99.83277591973244	93.74581939799332	99.89966555183946	100.0	100.0	100.0	100.0	100.0	100.0	100.0	100.0	99.89966555183946	100.0	94.71571906354515	99.89966555183946	99.93311036789298	94.24749163879599	99.63210702341138	93.94648829431438	99.7324414715719	100.0	94.71571906354515	98.66220735785953	99.79933110367894	99.66555183946488	99.76588628762542	99.7324414715719	99.9665551839465	99.9665551839465	100.0	94.71571906354515	97.75919732441471	100.0	98.62876254180603	99.7324414715719	99.7324414715719	100.0	99.93311036789298	100.0	100.0	100.0	100.0	100.0	99.9665551839465	100.0	99.86622073578594	99.03010033444815	93.9799331103679	99.86622073578594	99.83277591973244	99.76588628762542	94.64882943143813	100.0	99.66555183946488	99.9665551839465	100.0	99.76588628762542	100.0	99.9665551839465	99.26421404682274	93.91304347826087	99.66555183946488	94.41471571906355	99.23076923076923	94.14715719063545	100.0	100.0	100.0	100.0	99.63210702341138	99.9665551839465	99.89966555183946	94.24749163879599	99.89966555183946	99.46488294314382	100.0	100.0	99.9665551839465	100.0	100.0	98.66220735785953	100.0	99.93311036789298	99.86622073578594	100.0	100.0	100.0	99.93311036789298	100.0	94.68227424749163	91.03678929765886	100.0	96.8227424749164	100.0	99.93311036789298	100.0	99.66555183946488	99.7324414715719	99.89966555183946	94.84949832775919	100.0	99.9665551839465	100.0	98.62876254180603	100.0	99.93311036789298	99.79933110367894	100.0	99.86622073578594	99.89966555183946	94.58193979933111	100.0	93.21070234113712	78.42809364548495	99.56521739130434	100.0	100.0	99.59866220735786	99.86622073578594	100.0	100.0	100.0	100.0	99.89966555183946	94.81605351170569	99.93311036789298	92.10702341137123	94.54849498327759	94.21404682274247	99.9665551839465	100.0	99.9665551839465	94.84949832775919	99.9665551839465	100.0	99.93311036789298	99.4314381270903	99.79933110367894	100.0	94.48160535117057	99.83277591973244	94.38127090301003	99.83277591973244	100.0	100.0	100.0	100.0	99.86622073578594	100.0	100.0	93.31103678929766	100.0	100.0	100.0	94.84949832775919	100.0	99.23076923076923	94.21404682274247	94.81605351170569	100.0	94.78260869565217	97.52508361204013	100.0	94.81605351170569	100.0	99.33110367892976	94.68227424749163	99.86622073578594	100.0	99.93311036789298	100.0	100.0	97.65886287625418	99.93311036789298	100.0	92.64214046822742	99.83277591973244	99.86622073578594	100.0	100.0	93.77926421404682	99.59866220735786	97.6923076923077	100.0	99.4314381270903	100.0	99.89966555183946	99.53177257525083	99.9665551839465	100.0	99.39799331103679	87.92642140468227	100.0	97.4581939799331	99.79933110367894	99.7324414715719	100.0	100.0	99.53177257525083	99.9665551839465	99.93311036789298	99.7324414715719	100.0	99.9665551839465	99.76588628762542	100.0	99.69899665551839	95.55183946488295	99.63210702341138	99.93311036789298	99.79933110367894	99.89966555183946	99.89966555183946	99.86622073578594	100.0	99.89966555183946	100.0	99.9665551839465	100.0	99.9665551839465	100.0	100.0	100.0	99.83277591973244	100.0	99.93311036789298	100.0	99.53177257525083	99.66555183946488	98.79598662207358	99.36454849498327	99.86622073578594	99.69899665551839	99.83277591973244	100.0	99.76588628762542	99.79933110367894	99.56521739130434	100.0	99.86622073578594	99.39799331103679	99.56521739130434	99.93311036789298	99.89966555183946	91.00334448160535	100.0	94.68227424749163	99.46488294314382	99.09698996655518	100.0	99.9665551839465	99.93311036789298	100.0	99.89966555183946	100.0	95.88628762541806	99.9665551839465	99.86622073578594	99.86622073578594	99.7324414715719	99.89966555183946	99.93311036789298	100.0	100.0	99.93311036789298	99.76588628762542	100.0	99.93311036789298	99.83277591973244	99.76588628762542	100.0	100.0	99.79933110367894	100.0	99.89966555183946	99.9665551839465	100.0	98.62876254180603	99.39799331103679	100.0	94.54849498327759	99.93311036789298	99.93311036789298	99.9665551839465	99.9665551839465	100.0	99.93311036789298	100.0	100.0	99.9665551839465	100.0	99.93311036789298	99.7324414715719	99.93311036789298	99.66555183946488	99.89966555183946	99.46488294314382	99.9665551839465	100.0	100.0	100.0	100.0	100.0	99.89966555183946	100.0	100.0	100.0	100.0	100.0	100.0	100.0	100.0	100.0	100.0	100.0	84.61538461538461	100.0	100.0	100.0	100.0	100.0	100.0	100.0	100.0	99.93311036789298	100.0	99.79933110367894	100.0	100.0	94.88294314381271	100.0	100.0	99.9665551839465	100.0	100.0	99.79933110367894	99.93311036789298	100.0	99.93311036789298	100.0	99.83277591973244	99.86622073578594	99.66555183946488	95.51839464882943	100.0	100.0	93.4448160535117	99.89966555183946	100.0	100.0	99.9665551839465	99.56521739130434	100.0	99.9665551839465	99.86622073578594	99.93311036789298	100.0	100.0	99.9665551839465	100.0	99.9665551839465	100.0	100.0	100.0	100.0	99.93311036789298	100.0	99.93311036789298	99.66555183946488	100.0	99.7324414715719	100.0	99.9665551839465	100.0	94.41471571906355	100.0	99.59866220735786	98.8628762541806	100.0	100.0	100.0	99.93311036789298	99.9665551839465	100.0	99.89966555183946	100.0	97.32441471571906	100.0	99.63210702341138	100.0	100.0	100.0	100.0	99.93311036789298	99.83277591973244	99.89966555183946	100.0	100.0	99.86622073578594	99.89966555183946	100.0	100.0	100.0	99.76588628762542	100.0	99.69899665551839	99.93311036789298	99.9665551839465	100.0	100.0	99.9665551839465	100.0	100.0	99.86622073578594	100.0	100.0	100.0	99.93311036789298	94.81605351170569	100.0	99.89966555183946	100.0	100.0	100.0	100.0	100.0	100.0	100.0	100.0	100.0	99.79933110367894	100.0	99.9665551839465	100.0	100.0	100.0	99.79933110367894	99.89966555183946	100.0	100.0	99.93311036789298	100.0	99.86622073578594	100.0	99.56521739130434	99.93311036789298	99.86622073578594	99.86622073578594	99.9665551839465	100.0	100.0	99.93311036789298	95.05016722408027	100.0	99.93311036789298	100.0	100.0	94.81605351170569	99.9665551839465	100.0	100.0	99.79933110367894	100.0	100.0	100.0	99.86622073578594	99.63210702341138	100.0	100.0	100.0	100.0	99.86622073578594	99.93311036789298	99.7324414715719	99.9665551839465	100.0	100.0	99.86622073578594	99.89966555183946	100.0	100.0	99.79933110367894	100.0	99.83277591973244	99.89966555183946	100.0	99.9665551839465	100.0	99.9665551839465	100.0	94.64882943143813	100.0	100.0	99.89966555183946	100.0	99.79933110367894	100.0	94.21404682274247	99.19732441471571	100.0	99.9665551839465	100.0	99.89966555183946	99.9665551839465	100.0	99.9665551839465	99.9665551839465	99.93311036789298	99.9665551839465	100.0	100.0	100.0	99.9665551839465	99.89966555183946	100.0	99.93311036789298	99.93311036789298	100.0	99.93311036789298
2017	100.0	99.95375366116849	52.67457992908895	99.78418375211963	99.93833821489132	99.96916910744567	99.83043009095113	99.8458455372283	93.74132881146909	99.78418375211963	99.98458455372284	99.35255125635886	99.58378295051642	92.78557114228457	99.56836750423925	99.61461384307076	99.73793741328811	97.6568521658702	94.25003853861568	99.63002928934792	99.21381223986434	99.90750732233698	99.79959919839679	99.90750732233698	98.59719438877755	99.72252196701095	99.96916910744567	99.47587482657623	99.98458455372284	99.98458455372284	99.6454447356251	99.98458455372284	99.98458455372284	99.96916910744567	99.95375366116849	99.98458455372284	99.6454447356251	99.95375366116849	99.98458455372284	99.93833821489132	91.7064899028827	99.98458455372284	99.93833821489132	99.98458455372284	99.95375366116849	99.96916910744567	99.92292276861416	99.96916910744567	91.0898720517959	99.53753661168491	100.0	99.98458455372284	99.95375366116849	99.98458455372284	99.98458455372284	99.98458455372284	99.98458455372284	100.0	99.6916910744566	99.95375366116849	94.38877755511022	99.87667642978263	99.81501464467397	93.91089872051795	99.6454447356251	81.3627254509018	99.72252196701095	99.98458455372284	55.71142284569138	99.67627562817944	99.95375366116849	99.75335285956528	99.81501464467397	99.47587482657623	99.76876830584246	99.96916910744567	99.98458455372284	94.25003853861568	98.73593340527208	99.96916910744567	99.93833821489132	99.67627562817944	99.72252196701095	99.95375366116849	99.93833821489132	99.83043009095113	100.0	99.98458455372284	99.95375366116849	99.98458455372284	99.90750732233698	99.98458455372284	99.81501464467397	99.46045938029906	69.36950824726375	99.93833821489132	99.87667642978263	99.63002928934792	93.97256050562663	99.98458455372284	99.67627562817944	99.98458455372284	99.96916910744567	99.4450439340219	99.98458455372284	99.98458455372284	99.61461384307076	93.60258979497456	99.83043009095113	93.47926622475721	99.19839679358718	54.83274240789271	99.98458455372284	99.96916910744567	99.98458455372284	99.98458455372284	96.34653923231077	99.92292276861416	99.81501464467397	88.97795591182364	99.93833821489132	99.3371358100817	99.92292276861416	99.92292276861416	99.95375366116849	99.98458455372284	99.98458455372284	99.55295205796207	99.98458455372284	99.92292276861416	99.90750732233698	99.98458455372284	99.96916910744567	99.87667642978263	99.96916910744567	99.98458455372284	94.095884075844	58.87158933251118	99.98458455372284	97.37937413288115	99.95375366116849	99.47587482657623	99.96916910744567	99.49129027285339	99.92292276861416	99.96916910744567	94.32711577000154	99.98458455372284	99.87667642978263	99.98458455372284	90.21119161399722	99.98458455372284	99.90750732233698	99.61461384307076	99.98458455372284	91.89147525820871	99.26005857869585	94.41960844766456	99.86126098350547	90.92030214274703	89.34792662247571	99.52212116540774	99.98458455372284	99.98458455372284	99.53753661168491	99.93833821489132	99.98458455372284	99.98458455372284	99.98458455372284	99.98458455372284	99.96916910744567	65.85478649606907	99.90750732233698	92.09187605981192	94.1421304146755	92.06104516725759	99.98458455372284	99.98458455372284	99.92292276861416	94.26545398489287	99.75335285956528	99.96916910744567	99.79959919839679	98.99799599198397	99.96916910744567	99.98458455372284	94.12671496839835	99.8458455372283	92.07646061353476	99.90750732233698	99.95375366116849	99.98458455372284	99.98458455372284	99.98458455372284	99.95375366116849	99.98458455372284	99.96916910744567	98.96716509942964	99.96916910744567	99.93833821489132	99.96916910744567	94.1421304146755	99.92292276861416	99.02882688453832	92.23061507630645	94.12671496839835	99.93833821489132	54.83274240789271	99.6916910744566	99.93833821489132	94.34253121627872	99.93833821489132	99.81501464467397	93.80299059657777	99.66086018190227	99.95375366116849	99.59919839679358	99.96916910744567	99.95375366116849	98.8746724217666	99.98458455372284	99.98458455372284	96.91691074456605	99.6454447356251	99.89209187605981	99.96916910744567	99.98458455372284	93.44843533220288	99.89209187605981	98.55094804994604	99.87667642978263	99.86126098350547	99.92292276861416	99.89209187605981	99.8458455372283	99.72252196701095	99.81501464467397	99.59919839679358	54.35486357330045	99.93833821489132	99.79959919839679	98.70510251271774	98.78217974410359	99.96916910744567	99.95375366116849	99.86126098350547	99.95375366116849	99.90750732233698	99.90750732233698	99.98458455372284	99.96916910744567	99.90750732233698	99.96916910744567	99.87667642978263	97.67226761214737	99.89209187605981	99.96916910744567	96.00739941421304	99.87667642978263	99.95375366116849	99.87667642978263	99.92292276861416	99.93833821489132	99.95375366116849	99.93833821489132	99.95375366116849	99.95375366116849	99.95375366116849	99.95375366116849	99.96916910744567	99.92292276861416	99.96916910744567	99.96916910744567	99.95375366116849	99.66086018190227	99.63002928934792	99.59919839679358	90.65823955603514	99.86126098350547	99.89209187605981	99.89209187605981	99.96916910744567	99.90750732233698	99.92292276861416	99.81501464467397	99.95375366116849	99.93833821489132	99.55295205796207	99.63002928934792	99.93833821489132	99.56836750423925	49.22151996300293	99.96916910744567	94.23462309233852	99.1367350084785	99.61461384307076	99.96916910744567	99.87667642978263	99.95375366116849	99.8458455372283	99.8458455372283	99.96916910744567	99.19839679358718	99.92292276861416	99.58378295051642	99.92292276861416	99.56836750423925	99.87667642978263	99.95375366116849	99.96916910744567	99.96916910744567	99.29088947125018	99.76876830584246	99.93833821489132	94.94373362108833	99.81501464467397	99.58378295051642	99.90750732233698	99.96916910744567	99.29088947125018	99.95375366116849	99.95375366116849	99.90750732233698	99.98458455372284	98.64344072760906	99.93833821489132	99.98458455372284	93.81840604285495	99.87667642978263	99.98458455372284	99.89209187605981	99.93833821489132	99.98458455372284	99.98458455372284	99.98458455372284	99.98458455372284	99.98458455372284	99.98458455372284	99.86126098350547	99.86126098350547	99.86126098350547	99.16756590103284	99.93833821489132	98.05765376907661	99.95375366116849	99.98458455372284	99.98458455372284	99.93833821489132	99.96916910744567	99.98458455372284	99.89209187605981	99.98458455372284	99.98458455372284	99.98458455372284	99.90750732233698	99.98458455372284	99.98458455372284	99.98458455372284	99.98458455372284	99.98458455372284	99.98458455372284	99.95375366116849	89.20918760598119	99.95375366116849	99.98458455372284	99.98458455372284	99.98458455372284	99.98458455372284	99.95375366116849	99.96916910744567	99.98458455372284	99.76876830584246	99.98458455372284	99.8458455372283	99.98458455372284	99.98458455372284	94.37336210883305	99.98458455372284	99.98458455372284	100.0	99.98458455372284	99.96916910744567	99.89209187605981	99.95375366116849	99.98458455372284	99.98458455372284	99.96916910744567	99.83043009095113	99.93833821489132	99.78418375211963	94.25003853861568	99.93833821489132	99.92292276861416	52.48959457376291	99.8458455372283	99.96916910744567	99.87667642978263	99.89209187605981	99.6916910744566	99.96916910744567	99.93833821489132	99.79959919839679	99.90750732233698	99.95375366116849	99.96916910744567	99.92292276861416	99.93833821489132	99.98458455372284	99.98458455372284	99.95375366116849	99.96916910744567	99.98458455372284	99.98458455372284	99.98458455372284	99.96916910744567	99.83043009095113	99.96916910744567	99.8458455372283	99.96916910744567	99.93833821489132	99.92292276861416	93.97256050562663	99.92292276861416	99.50670571913058	99.47587482657623	99.90750732233698	100.0	99.96916910744567	99.86126098350547	99.96916910744567	99.96916910744567	99.92292276861416	99.95375366116849	93.43301988592569	99.95375366116849	99.73793741328811	99.96916910744567	99.96916910744567	99.98458455372284	99.98458455372284	99.98458455372284	99.83043009095113	99.72252196701095	99.98458455372284	99.83043009095113	99.78418375211963	99.66086018190227	99.98458455372284	99.96916910744567	99.98458455372284	99.98458455372284	99.98458455372284	99.52212116540774	99.98458455372284	99.98458455372284	99.98458455372284	99.67627562817944	99.95375366116849	99.95375366116849	99.95375366116849	99.89209187605981	99.95375366116849	99.98458455372284	99.98458455372284	99.93833821489132	94.4041930013874	99.92292276861416	99.95375366116849	99.92292276861416	99.98458455372284	99.96916910744567	99.96916910744567	99.98458455372284	99.98458455372284	99.98458455372284	100.0	99.95375366116849	99.6916910744566	99.98458455372284	99.92292276861416	99.98458455372284	99.98458455372284	99.90750732233698	99.75335285956528	99.95375366116849	99.98458455372284	99.98458455372284	99.79959919839679	99.96916910744567	99.92292276861416	99.96916910744567	99.75335285956528	99.96916910744567	99.78418375211963	99.78418375211963	99.89209187605981	99.93833821489132	99.98458455372284	99.95375366116849	94.68167103437645	99.95375366116849	99.98458455372284	99.90750732233698	99.98458455372284	93.34052720826269	99.93833821489132	99.98458455372284	99.98458455372284	99.8458455372283	99.96916910744567	99.53753661168491	99.98458455372284	99.95375366116849	99.89209187605981	99.98458455372284	99.96916910744567	99.90750732233698	99.75335285956528	95.37536611684908	99.89209187605981	99.04424233081548	99.90750732233698	99.96916910744567	99.8458455372283	99.89209187605981	99.8458455372283	99.95375366116849	99.93833821489132	99.81501464467397	99.96916910744567	99.73793741328811	99.92292276861416	99.98458455372284	99.92292276861416	99.98458455372284	99.96916910744567	99.92292276861416	94.38877755511022	100.0	99.98458455372284	99.78418375211963	99.92292276861416	99.89209187605981	99.95375366116849	93.9879759519038	99.1367350084785	99.56836750423925	99.96916910744567	99.95375366116849	99.87667642978263	99.86126098350547	99.81501464467397	99.96916910744567	99.93833821489132	100.0	99.98458455372284	99.92292276861416	100.0	99.96916910744567	99.96916910744567	99.93833821489132	100.0	99.87667642978263	99.93833821489132	100.0	99.92292276861416
2018	100.0	99.9712395743457	90.42277825711821	99.5973540408398	99.9424791486914	99.8274374460742	100.0	99.9137187230371	89.04227782571182	94.93816508484325	100.0	99.2522289329882	99.07966637906242	99.8849582973828	99.4823123382226	99.3385102099511	100.0	94.79436295657176	97.18147828587863	99.71239574345701	99.51107276387691	99.8561978717285	99.62611446649412	99.9137187230371	97.15271786022434	99.5973540408398	100.0	99.42479148691402	100.0	99.9712395743457	99.8561978717285	100.0	99.9712395743457	100.0	99.8849582973828	99.8274374460742	99.8849582973828	99.9712395743457	100.0	100.0	99.4823123382226	100.0	99.9424791486914	99.9424791486914	99.9712395743457	99.9424791486914	99.8849582973828	99.71239574345701	92.66609145815357	99.8849582973828	100.0	100.0	99.9712395743457	100.0	99.9712395743457	99.9137187230371	100.0	100.0	99.71239574345701	100.0	97.29651998849583	99.9137187230371	99.8561978717285	92.11964337072189	99.71239574345701	57.664653436870864	100.0	100.0	55.07621512798389	99.10842680471671	99.9424791486914	99.62611446649412	99.7699165947656	99.8274374460742	99.9137187230371	100.0	100.0	96.26114466494104	99.4823123382226	100.0	99.8274374460742	99.9424791486914	99.8849582973828	100.0	99.9712395743457	100.0	100.0	100.0	99.9712395743457	100.0	99.9712395743457	100.0	99.8274374460742	98.79206212251941	52.02761000862812	100.0	99.9712395743457	99.9424791486914	96.75007190106413	100.0	99.9424791486914	100.0	99.9424791486914	99.8274374460742	100.0	100.0	99.7986770204199	96.66379062410122	99.8849582973828	95.62841530054644	99.9137187230371	78.91860799539833	100.0	100.0	100.0	100.0	95.34081104400344	100.0	99.9137187230371	79.78142076502732	100.0	99.5973540408398	99.9424791486914	100.0	100.0	99.9712395743457	100.0	99.8561978717285	100.0	99.9424791486914	100.0	100.0	100.0	99.5685936151855	100.0	100.0	96.83635317802704	94.21915444348576	100.0	97.98677020419902	100.0	98.70578084555652	100.0	99.5685936151855	100.0	99.9137187230371	97.06643658326144	100.0	99.9137187230371	100.0	88.52459016393442	100.0	99.7699165947656	99.4535519125683	100.0	63.24417601380501	99.9137187230371	97.23899913718724	99.9712395743457	91.77451826287029	95.22576934138625	99.9424791486914	100.0	100.0	99.9712395743457	99.9424791486914	100.0	100.0	100.0	100.0	99.9424791486914	55.16249640494679	99.5685936151855	91.91832039114178	92.09088294506759	86.36755823986195	99.9424791486914	99.9712395743457	100.0	92.09088294506759	99.8849582973828	100.0	98.96462467644521	99.9712395743457	99.9712395743457	100.0	92.37848720161058	99.8849582973828	92.11964337072189	100.0	99.8561978717285	100.0	99.9712395743457	100.0	99.9424791486914	100.0	100.0	99.5685936151855	99.9137187230371	99.9424791486914	100.0	92.23468507333908	99.9712395743457	99.8561978717285	91.88955996548749	92.17716422203048	100.0	77.71067011791774	99.8849582973828	99.9712395743457	97.00891573195284	99.8274374460742	99.8849582973828	91.91832039114178	99.51107276387691	100.0	99.62611446649412	99.8849582973828	99.7699165947656	99.3385102099511	99.9424791486914	100.0	99.51107276387691	99.7411561691113	99.9424791486914	100.0	100.0	97.03767615760714	99.8274374460742	99.3385102099511	100.0	99.8849582973828	99.9137187230371	99.9712395743457	99.8274374460742	99.7986770204199	99.9712395743457	99.8849582973828	87.77681909692264	100.0	99.8561978717285	97.72792637331032	97.84296807592753	100.0	99.9137187230371	100.0	99.9712395743457	99.9424791486914	100.0	100.0	100.0	99.9137187230371	100.0	99.8849582973828	99.4535519125683	99.9712395743457	100.0	95.28329019269485	99.9712395743457	100.0	99.9712395743457	99.8849582973828	100.0	100.0	100.0	100.0	99.9712395743457	99.9712395743457	100.0	100.0	100.0	100.0	100.0	99.9712395743457	100.0	99.6548748921484	99.5685936151855	90.07765314926661	99.8849582973828	99.7986770204199	99.7986770204199	100.0	99.8561978717285	99.8849582973828	99.8561978717285	100.0	100.0	99.3385102099511	99.9424791486914	100.0	99.19470808167961	73.54040839804429	100.0	97.12395743457003	99.7411561691113	99.6548748921484	100.0	99.9424791486914	100.0	100.0	100.0	100.0	100.0	99.9137187230371	97.64164509634743	99.8849582973828	98.53321829163072	99.8849582973828	100.0	99.9424791486914	99.9712395743457	99.42479148691402	99.8561978717285	100.0	94.47799827437447	99.8561978717285	99.9712395743457	99.9712395743457	99.9712395743457	99.5685936151855	99.9712395743457	99.9712395743457	99.8274374460742	99.9712395743457	99.6548748921484	99.7986770204199	100.0	96.80759275237274	100.0	99.9137187230371	100.0	100.0	100.0	100.0	100.0	100.0	99.9137187230371	100.0	99.7986770204199	99.9712395743457	99.9712395743457	99.8849582973828	100.0	94.76560253091746	99.8849582973828	99.9712395743457	99.9712395743457	99.9424791486914	99.9712395743457	100.0	99.71239574345701	100.0	100.0	100.0	99.9424791486914	100.0	100.0	100.0	100.0	100.0	100.0	99.9137187230371	97.55536381938452	99.9712395743457	100.0	100.0	100.0	100.0	100.0	100.0	100.0	99.8274374460742	100.0	99.51107276387691	100.0	100.0	97.23899913718724	100.0	100.0	99.9424791486914	100.0	100.0	99.9712395743457	100.0	100.0	100.0	100.0	99.8561978717285	100.0	99.8561978717285	97.09519700891573	100.0	99.9137187230371	83.60655737704919	99.9712395743457	100.0	100.0	100.0	99.8274374460742	100.0	99.9712395743457	99.6836353178027	99.9712395743457	100.0	99.9712395743457	99.8561978717285	99.9424791486914	99.9137187230371	100.0	100.0	99.9424791486914	100.0	100.0	100.0	100.0	99.9712395743457	99.9424791486914	99.8561978717285	100.0	99.8849582973828	99.8274374460742	97.00891573195284	100.0	99.8849582973828	99.7986770204199	99.7411561691113	99.8849582973828	100.0	99.7986770204199	100.0	100.0	99.9424791486914	100.0	99.8849582973828	99.9424791486914	99.62611446649412	100.0	100.0	100.0	100.0	100.0	99.7986770204199	99.42479148691402	99.9712395743457	99.9712395743457	99.8849582973828	99.9424791486914	100.0	100.0	100.0	99.9424791486914	100.0	99.9424791486914	99.9712395743457	100.0	100.0	100.0	99.9712395743457	100.0	100.0	99.9712395743457	100.0	100.0	100.0	99.9712395743457	97.23899913718724	99.9712395743457	99.9424791486914	99.8561978717285	99.8849582973828	100.0	100.0	100.0	100.0	100.0	100.0	99.9712395743457	99.8561978717285	100.0	100.0	100.0	100.0	99.8849582973828	99.9137187230371	100.0	100.0	100.0	99.8561978717285	100.0	99.9712395743457	99.9712395743457	99.6836353178027	100.0	99.7411561691113	99.7699165947656	100.0	100.0	99.9712395743457	100.0	97.18147828587863	100.0	99.9712395743457	99.9137187230371	100.0	88.89847569744033	99.9137187230371	100.0	100.0	99.7986770204199	99.8849582973828	100.0	100.0	99.9424791486914	99.9424791486914	99.9712395743457	100.0	99.9424791486914	99.3960310612597	92.55104975553638	99.8561978717285	99.7699165947656	99.9712395743457	100.0	99.8274374460742	99.8561978717285	99.71239574345701	100.0	100.0	99.8849582973828	100.0	99.9137187230371	99.8561978717285	100.0	100.0	100.0	99.9712395743457	99.9424791486914	96.80759275237274	100.0	99.8849582973828	98.79206212251941	99.9424791486914	99.8561978717285	99.9712395743457	96.86511360368132	98.93586425079091	99.0509059534081	99.9712395743457	99.9712395743457	99.8849582973828	99.8849582973828	99.8849582973828	100.0	100.0	99.9712395743457	99.9712395743457	99.7411561691113	100.0	99.9424791486914	99.8561978717285	99.9424791486914	100.0	99.3385102099511	99.9424791486914	100.0	100.0
2019	100.0	99.91090520313614	99.03777619387027	99.66143977191732	99.96436208125445	100.0	99.96436208125445	100.0	93.21097647897363	99.34069850320742	100.0	99.87526728439059	99.59016393442623	99.62580185317177	99.67925873129009	99.32287954383465	99.94654312188167	99.35851746258018	94.76122594440484	99.59016393442623	99.89308624376336	99.82181040627228	99.69707769066287	99.89308624376336	99.67925873129009	99.75053456878118	99.98218104062722	99.94654312188167	100.0	100.0	99.91090520313614	100.0	100.0	99.98218104062722	99.98218104062722	99.92872416250891	99.92872416250891	99.82181040627228	100.0	99.96436208125445	97.61225944404846	100.0	99.96436208125445	100.0	99.91090520313614	99.87526728439059	99.96436208125445	99.91090520313614	94.68995010691376	99.91090520313614	100.0	100.0	100.0	99.98218104062722	100.0	100.0	100.0	99.96436208125445	99.92872416250891	99.98218104062722	94.83250178189594	100.0	99.91090520313614	93.95937277263008	99.76835352815395	83.99857448325018	99.98218104062722	100.0	65.5559515324305	99.8039914468995	99.94654312188167	99.05559515324305	99.69707769066287	99.8039914468995	99.96436208125445	100.0	100.0	90.25302922309338	99.91090520313614	100.0	100.0	99.94654312188167	99.94654312188167	100.0	99.92872416250891	99.98218104062722	100.0	100.0	100.0	100.0	99.82181040627228	100.0	99.94654312188167	99.32287954383465	90.50249465431219	99.94654312188167	99.98218104062722	99.94654312188167	93.9415538132573	100.0	100.0	100.0	100.0	99.89308624376336	100.0	99.98218104062722	99.89308624376336	94.76122594440484	99.98218104062722	93.69208838203849	99.94654312188167	85.97647897362795	100.0	100.0	100.0	100.0	99.26942266571632	99.94654312188167	99.98218104062722	64.7184604419102	98.00427655024947	99.83962936564504	99.98218104062722	100.0	99.98218104062722	99.98218104062722	99.94654312188167	99.92872416250891	100.0	99.98218104062722	99.98218104062722	100.0	99.96436208125445	99.92872416250891	99.98218104062722	100.0	94.79686386315039	98.46756949394155	100.0	98.66357804704205	100.0	96.27583749109053	100.0	99.51888809693514	99.94654312188167	99.96436208125445	94.56521739130434	100.0	99.91090520313614	100.0	97.63007840342124	100.0	99.76835352815395	99.44761225944406	100.0	79.86457590876694	99.98218104062722	95.06414825374199	100.0	94.22665716322167	94.28011404133998	99.98218104062722	100.0	100.0	100.0	99.94654312188167	100.0	100.0	100.0	100.0	99.89308624376336	84.46186742694228	65.32430506058446	94.42266571632216	93.95937277263008	92.80114041339986	100.0	100.0	99.92872416250891	94.04846756949394	99.98218104062722	100.0	98.41411261582323	99.96436208125445	100.0	100.0	94.31575196008554	99.96436208125445	94.35138987883107	100.0	100.0	100.0	100.0	100.0	99.96436208125445	100.0	100.0	99.75053456878118	99.98218104062722	99.96436208125445	99.98218104062722	94.15538132573059	99.96436208125445	99.83962936564504	94.36920883820385	94.06628652886671	99.98218104062722	86.10121168923735	99.82181040627228	99.98218104062722	94.54739843193157	99.94654312188167	99.83962936564504	93.83464005702066	99.71489665003563	99.98218104062722	98.85958660014256	99.82181040627228	99.94654312188167	100.0	99.4119743406985	100.0	99.75053456878118	99.91090520313614	99.89308624376336	100.0	99.98218104062722	94.24447612259445	99.82181040627228	99.76835352815395	99.94654312188167	99.89308624376336	99.87526728439059	99.96436208125445	99.0912330719886	99.94654312188167	99.98218104062722	99.87526728439059	93.40698503207413	100.0	99.76835352815395	95.26015680684247	95.43834640057021	100.0	99.92872416250891	99.98218104062722	100.0	100.0	99.98218104062722	100.0	100.0	99.83962936564504	100.0	99.92872416250891	99.92872416250891	100.0	99.98218104062722	99.67925873129009	99.96436208125445	99.96436208125445	100.0	99.94654312188167	100.0	100.0	100.0	100.0	100.0	100.0	100.0	100.0	99.96436208125445	100.0	100.0	99.98218104062722	99.98218104062722	99.7327156094084	99.8039914468995	64.30862437633643	100.0	99.85744832501781	99.96436208125445	100.0	99.85744832501781	99.92872416250891	99.89308624376336	100.0	99.98218104062722	99.57234497505347	99.66143977191732	99.98218104062722	99.62580185317177	65.64504632929436	99.98218104062722	94.77904490377762	99.69707769066287	99.83962936564504	100.0	99.94654312188167	100.0	100.0	100.0	99.98218104062722	99.98218104062722	99.96436208125445	96.0263720598717	99.98218104062722	98.16464718460442	99.94654312188167	99.98218104062722	99.98218104062722	99.98218104062722	99.96436208125445	99.87526728439059	99.98218104062722	99.14468995010691	99.7327156094084	99.98218104062722	99.98218104062722	99.98218104062722	99.91090520313614	99.98218104062722	99.98218104062722	99.76835352815395	99.98218104062722	99.7327156094084	99.7327156094084	99.96436208125445	94.19101924447612	99.98218104062722	99.98218104062722	99.98218104062722	99.98218104062722	99.98218104062722	99.98218104062722	99.98218104062722	99.98218104062722	99.98218104062722	99.98218104062722	99.91090520313614	99.98218104062722	99.98218104062722	99.78617248752673	99.87526728439059	99.4119743406985	99.85744832501781	100.0	99.92872416250891	100.0	100.0	100.0	99.96436208125445	100.0	100.0	100.0	100.0	100.0	100.0	100.0	100.0	100.0	100.0	99.96436208125445	99.62580185317177	99.94654312188167	100.0	100.0	100.0	99.98218104062722	99.98218104062722	100.0	100.0	99.94654312188167	100.0	99.85744832501781	99.98218104062722	100.0	94.90377761938703	100.0	100.0	99.92872416250891	100.0	100.0	99.94654312188167	99.89308624376336	100.0	100.0	100.0	99.85744832501781	99.98218104062722	99.98218104062722	94.7255880256593	100.0	99.98218104062722	87.47327156094084	99.92872416250891	100.0	100.0	100.0	99.96436208125445	99.98218104062722	99.94654312188167	99.83962936564504	99.94654312188167	99.83962936564504	100.0	99.94654312188167	99.96436208125445	99.94654312188167	99.96436208125445	99.94654312188167	100.0	100.0	100.0	100.0	99.98218104062722	99.96436208125445	99.96436208125445	99.87526728439059	99.96436208125445	99.94654312188167	99.91090520313614	94.7255880256593	99.96436208125445	99.607982893799	99.83962936564504	99.94654312188167	99.87526728439059	100.0	99.92872416250891	99.98218104062722	100.0	99.96436208125445	100.0	99.94654312188167	99.98218104062722	98.87740555951532	100.0	100.0	100.0	100.0	99.96436208125445	99.98218104062722	99.8039914468995	99.98218104062722	99.96436208125445	99.89308624376336	99.92872416250891	100.0	100.0	100.0	99.96436208125445	100.0	99.7327156094084	100.0	99.98218104062722	100.0	99.94654312188167	100.0	99.92872416250891	100.0	99.94654312188167	100.0	99.98218104062722	100.0	99.98218104062722	94.90377761938703	100.0	99.82181040627228	99.78617248752673	100.0	100.0	100.0	99.98218104062722	100.0	100.0	100.0	99.94654312188167	99.7327156094084	100.0	100.0	100.0	100.0	99.96436208125445	99.89308624376336	99.98218104062722	99.98218104062722	100.0	99.94654312188167	100.0	99.96436208125445	99.98218104062722	99.82181040627228	100.0	99.75053456878118	99.59016393442623	99.98218104062722	100.0	99.92872416250891	99.98218104062722	94.81468282252317	100.0	100.0	99.96436208125445	100.0	91.71418389166072	99.91090520313614	100.0	100.0	99.85744832501781	100.0	100.0	99.5545260156807	99.96436208125445	99.85744832501781	99.98218104062722	99.96436208125445	99.76835352815395	99.89308624376336	99.30506058446187	99.85744832501781	99.83962936564504	99.96436208125445	100.0	99.07341411261582	99.51888809693514	99.76835352815395	99.92872416250891	100.0	99.89308624376336	100.0	99.89308624376336	100.0	100.0	99.92872416250891	100.0	100.0	99.91090520313614	94.35138987883107	100.0	100.0	99.46543121881682	99.94654312188167	99.96436208125445	100.0	94.36920883820385	99.0199572344975	99.94654312188167	99.98218104062722	99.62580185317177	99.87526728439059	99.92872416250891	99.92872416250891	99.98218104062722	99.98218104062722	99.98218104062722	99.98218104062722	99.91090520313614	100.0	100.0	99.98218104062722	99.98218104062722	99.87526728439059	99.8039914468995	99.96436208125445	100.0	100.0
2020	100.0	100.0	100.0	99.77876106194691	100.0	100.0	99.77876106194691	99.77876106194691	94.91150442477876	100.0	100.0	100.0	100.0	100.0	99.5575221238938	98.23008849557522	99.77876106194691	100.0	99.77876106194691	100.0	100.0	99.77876106194691	100.0	100.0	99.77876106194691	99.5575221238938	100.0	100.0	100.0	100.0	100.0	100.0	100.0	100.0	100.0	100.0	100.0	100.0	100.0	100.0	95.13274336283186	100.0	100.0	100.0	100.0	100.0	100.0	99.77876106194691	99.77876106194691	100.0	100.0	100.0	100.0	100.0	100.0	100.0	100.0	100.0	99.5575221238938	100.0	99.77876106194691	100.0	100.0	99.77876106194691	100.0	97.78761061946902	100.0	100.0	86.06194690265487	100.0	100.0	99.5575221238938	99.77876106194691	99.5575221238938	100.0	100.0	100.0	99.77876106194691	100.0	100.0	100.0	100.0	99.77876106194691	100.0	100.0	100.0	100.0	100.0	100.0	100.0	99.77876106194691	100.0	100.0	99.77876106194691	99.5575221238938	100.0	100.0	100.0	96.46017699115043	100.0	100.0	100.0	100.0	100.0	100.0	100.0	100.0	99.77876106194691	100.0	96.46017699115043	100.0	91.1504424778761	100.0	100.0	100.0	100.0	100.0	100.0	100.0	85.84070796460178	100.0	99.11504424778761	100.0	100.0	100.0	100.0	100.0	100.0	100.0	100.0	100.0	100.0	100.0	100.0	100.0	100.0	99.77876106194691	98.89380530973452	100.0	99.77876106194691	100.0	100.0	100.0	96.90265486725663	100.0	100.0	97.12389380530973	100.0	99.77876106194691	100.0	96.46017699115043	100.0	98.00884955752213	96.68141592920354	100.0	99.5575221238938	100.0	99.77876106194691	100.0	99.77876106194691	99.33628318584071	100.0	100.0	100.0	100.0	100.0	100.0	100.0	100.0	100.0	99.77876106194691	94.91150442477876	84.070796460177	99.77876106194691	96.46017699115043	96.23893805309734	100.0	100.0	99.77876106194691	96.23893805309734	99.77876106194691	100.0	99.5575221238938	100.0	100.0	100.0	99.77876106194691	100.0	99.33628318584071	100.0	100.0	100.0	100.0	100.0	100.0	100.0	100.0	100.0	100.0	100.0	100.0	97.56637168141593	100.0	100.0	99.77876106194691	97.12389380530973	100.0	89.82300884955751	99.77876106194691	100.0	96.23893805309734	100.0	100.0	98.45132743362832	100.0	100.0	100.0	99.77876106194691	100.0	100.0	98.67256637168141	100.0	99.5575221238938	100.0	100.0	100.0	99.77876106194691	98.00884955752213	100.0	99.77876106194691	100.0	100.0	100.0	100.0	100.0	100.0	100.0	100.0	99.5575221238938	100.0	100.0	100.0	99.77876106194691	100.0	100.0	100.0	100.0	100.0	100.0	100.0	100.0	100.0	100.0	100.0	100.0	100.0	100.0	100.0	100.0	100.0	100.0	100.0	100.0	100.0	100.0	100.0	100.0	100.0	100.0	100.0	100.0	100.0	100.0	100.0	100.0	100.0	98.23008849557522	85.17699115044249	100.0	100.0	100.0	100.0	100.0	100.0	99.77876106194691	99.77876106194691	100.0	100.0	100.0	100.0	100.0	85.39823008849558	100.0	99.5575221238938	99.77876106194691	100.0	100.0	99.11504424778761	100.0	100.0	100.0	100.0	100.0	100.0	100.0	100.0	98.23008849557522	100.0	100.0	100.0	100.0	100.0	100.0	100.0	100.0	100.0	100.0	100.0	100.0	100.0	100.0	100.0	100.0	100.0	100.0	98.23008849557522	100.0	98.67256637168141	100.0	100.0	100.0	100.0	100.0	100.0	100.0	100.0	100.0	100.0	100.0	100.0	100.0	100.0	100.0	100.0	100.0	100.0	100.0	100.0	100.0	100.0	99.77876106194691	100.0	100.0	100.0	100.0	100.0	100.0	100.0	100.0	100.0	100.0	99.77876106194691	99.77876106194691	100.0	100.0	100.0	100.0	100.0	100.0	100.0	100.0	100.0	100.0	100.0	100.0	100.0	99.77876106194691	100.0	100.0	100.0	100.0	100.0	100.0	100.0	100.0	100.0	100.0	100.0	100.0	100.0	99.77876106194691	100.0	100.0	91.1504424778761	99.5575221238938	99.77876106194691	100.0	100.0	99.77876106194691	100.0	100.0	99.33628318584071	100.0	100.0	100.0	100.0	100.0	100.0	100.0	100.0	100.0	100.0	100.0	100.0	100.0	100.0	100.0	100.0	100.0	100.0	100.0	99.5575221238938	99.5575221238938	100.0	100.0	100.0	100.0	100.0	100.0	100.0	100.0	100.0	100.0	99.33628318584071	100.0	100.0	100.0	100.0	100.0	100.0	100.0	100.0	100.0	100.0	100.0	100.0	100.0	100.0	100.0	100.0	100.0	100.0	99.77876106194691	100.0	100.0	100.0	99.77876106194691	100.0	100.0	100.0	100.0	100.0	100.0	100.0	100.0	99.77876106194691	100.0	100.0	100.0	100.0	100.0	100.0	100.0	100.0	100.0	100.0	99.77876106194691	100.0	100.0	100.0	100.0	100.0	100.0	100.0	100.0	100.0	100.0	100.0	100.0	100.0	100.0	100.0	100.0	99.77876106194691	100.0	100.0	100.0	100.0	100.0	99.5575221238938	100.0	100.0	100.0	100.0	99.33628318584071	99.11504424778761	100.0	100.0	100.0	100.0	100.0	100.0	100.0	100.0	100.0	100.0	100.0	100.0	99.77876106194691	100.0	100.0	100.0	100.0	99.77876106194691	98.45132743362832	99.5575221238938	100.0	100.0	99.5575221238938	100.0	100.0	100.0	100.0	100.0	100.0	100.0	100.0	96.68141592920354	100.0	100.0	100.0	100.0	100.0	100.0	96.68141592920354	98.00884955752213	100.0	100.0	100.0	100.0	100.0	99.77876106194691	100.0	100.0	100.0	100.0	100.0	100.0	100.0	100.0	99.5575221238938	100.0	100.0	100.0	100.0	100.0
2021	100.0	100.0	99.58915365653246	100.0	100.0	100.0	99.83566146261298	99.58915365653246	71.9391947411668	99.75349219391948	99.87674609695974	99.9178307313065	99.9178307313065	99.58915365653246	99.87674609695974	89.5645028759244	99.79457682826623	99.34264585045193	99.5480690221857	99.67132292522597	99.42481511914544	99.67132292522597	99.71240755957272	99.95891536565324	99.95891536565324	99.9178307313065	100.0	99.67132292522597	100.0	100.0	100.0	100.0	100.0	100.0	100.0	100.0	99.87674609695974	99.95891536565324	100.0	99.87674609695974	96.75431388660641	99.9178307313065	100.0	100.0	100.0	100.0	99.63023829087922	99.9178307313065	99.79457682826623	99.95891536565324	100.0	100.0	100.0	100.0	100.0	100.0	100.0	100.0	100.0	100.0	99.87674609695974	99.79457682826623	100.0	99.5480690221857	99.83566146261298	89.07148726376334	99.9178307313065	100.0	66.2695152013147	99.9178307313065	99.9178307313065	98.80854560394413	99.79457682826623	99.95891536565324	100.0	100.0	100.0	96.71322925225965	99.0961380443714	100.0	100.0	100.0	100.0	100.0	100.0	100.0	100.0	100.0	100.0	100.0	99.83566146261298	100.0	100.0	99.26047658175843	99.83566146261298	100.0	99.87674609695974	98.47986852917009	75.92440427280197	100.0	100.0	99.95891536565324	100.0	99.83566146261298	100.0	100.0	97.65817584223501	97.37058340180772	100.0	75.76006573541495	100.0	94.7000821692687	100.0	100.0	100.0	100.0	99.95891536565324	100.0	99.95891536565324	65.85866885784716	100.0	99.83566146261298	100.0	100.0	99.9178307313065	100.0	99.95891536565324	99.9178307313065	100.0	100.0	100.0	99.95891536565324	100.0	99.9178307313065	100.0	100.0	97.65817584223501	98.72637633525062	100.0	99.4658997534922	100.0	99.79457682826623	100.0	80.60805258833197	100.0	99.95891536565324	81.67625308134757	100.0	100.0	100.0	82.00493015612162	100.0	89.64667214461791	80.69022185702546	100.0	98.47986852917009	100.0	99.63023829087922	99.95891536565324	93.01561216105176	99.4658997534922	99.9178307313065	100.0	100.0	100.0	99.9178307313065	100.0	100.0	100.0	100.0	99.95891536565324	71.69268693508629	65.11914543960559	99.4658997534922	74.7329498767461	74.48644207066557	99.95891536565324	100.0	99.95891536565324	74.8151191454396	100.0	99.95891536565324	100.0	100.0	100.0	100.0	97.20624486442071	99.83566146261298	99.21939194741168	100.0	100.0	100.0	100.0	100.0	99.9178307313065	99.87674609695974	100.0	99.95891536565324	100.0	100.0	100.0	81.05998356614627	100.0	99.9178307313065	99.38373048479868	81.47082990961381	100.0	93.13886606409203	94.41248972884141	100.0	75.1848808545604	99.9178307313065	96.6721446179129	92.39934264585045	99.34264585045193	99.95891536565324	97.69926047658176	99.9178307313065	99.95891536565324	100.0	99.4658997534922	100.0	96.91865242399342	99.9178307313065	100.0	100.0	98.84963023829087	99.0961380443714	99.95891536565324	98.35661462612983	100.0	99.95891536565324	99.5480690221857	99.95891536565324	95.39852095316351	100.0	99.95891536565324	99.83566146261298	99.4658997534922	100.0	99.34264585045193	99.9178307313065	99.75349219391948	100.0	99.95891536565324	100.0	100.0	100.0	100.0	100.0	100.0	99.95891536565324	100.0	99.95891536565324	100.0	100.0	100.0	99.79457682826623	99.87674609695974	99.95891536565324	99.83566146261298	99.95891536565324	100.0	99.9178307313065	100.0	100.0	100.0	100.0	100.0	100.0	100.0	100.0	100.0	100.0	100.0	99.79457682826623	95.02875924404273	65.52999178307313	100.0	99.63023829087922	100.0	100.0	100.0	99.95891536565324	99.87674609695974	99.75349219391948	100.0	100.0	100.0	99.87674609695974	99.83566146261298	65.77649958915366	100.0	99.75349219391948	99.9178307313065	100.0	100.0	99.95891536565324	100.0	100.0	100.0	100.0	100.0	99.95891536565324	99.87674609695974	99.87674609695974	99.67132292522597	100.0	100.0	100.0	100.0	99.83566146261298	100.0	100.0	99.71240755957272	99.95891536565324	100.0	100.0	99.95891536565324	99.87674609695974	100.0	100.0	99.87674609695974	99.83566146261298	99.95891536565324	95.27526705012326	99.75349219391948	99.75349219391948	100.0	100.0	100.0	99.9178307313065	100.0	100.0	100.0	100.0	100.0	100.0	100.0	100.0	99.9178307313065	97.78142974527528	99.95891536565324	99.38373048479868	99.95891536565324	100.0	99.95891536565324	100.0	99.95891536565324	100.0	99.87674609695974	100.0	100.0	100.0	100.0	100.0	99.9178307313065	100.0	100.0	100.0	100.0	98.35661462612983	95.52177485620378	100.0	100.0	100.0	100.0	100.0	99.75349219391948	100.0	100.0	99.95891536565324	100.0	99.87674609695974	100.0	100.0	99.63023829087922	100.0	100.0	100.0	100.0	100.0	100.0	99.9178307313065	100.0	100.0	100.0	100.0	99.95891536565324	99.42481511914544	99.79457682826623	100.0	100.0	95.27526705012326	99.9178307313065	100.0	100.0	99.79457682826623	99.9178307313065	99.95891536565324	100.0	99.95891536565324	100.0	99.95891536565324	100.0	99.87674609695974	99.9178307313065	100.0	100.0	100.0	100.0	99.95891536565324	100.0	100.0	100.0	100.0	100.0	99.87674609695974	100.0	99.95891536565324	99.95891536565324	97.45275267050123	99.87674609695974	99.79457682826623	99.9178307313065	100.0	99.9178307313065	100.0	100.0	100.0	100.0	100.0	99.95891536565324	99.9178307313065	100.0	100.0	100.0	100.0	100.0	99.95891536565324	100.0	100.0	99.83566146261298	99.95891536565324	100.0	99.9178307313065	99.95891536565324	100.0	100.0	100.0	100.0	100.0	100.0	100.0	99.95891536565324	100.0	99.95891536565324	100.0	100.0	100.0	100.0	99.83566146261298	99.95891536565324	100.0	99.9178307313065	99.9178307313065	100.0	99.79457682826623	99.83566146261298	100.0	99.95891536565324	100.0	100.0	100.0	100.0	100.0	99.95891536565324	100.0	100.0	100.0	100.0	100.0	99.95891536565324	100.0	100.0	100.0	100.0	99.95891536565324	100.0	99.9178307313065	100.0	99.83566146261298	100.0	97.82251437962202	99.67132292522597	99.95891536565324	100.0	100.0	100.0	94.16598192276089	100.0	100.0	99.95891536565324	100.0	98.64420706655712	99.71240755957272	100.0	100.0	99.83566146261298	100.0	100.0	100.0	99.95891536565324	100.0	100.0	100.0	100.0	100.0	99.87674609695974	100.0	99.9178307313065	100.0	99.87674609695974	100.0	99.71240755957272	99.9178307313065	100.0	100.0	99.9178307313065	100.0	99.9178307313065	100.0	100.0	100.0	100.0	99.95891536565324	100.0	75.84223500410846	100.0	99.95891536565324	99.95891536565324	100.0	99.87674609695974	99.95891536565324	80.36154478225144	93.7962202136401	100.0	100.0	100.0	100.0	99.71240755957272	99.95891536565324	100.0	99.95891536565324	100.0	100.0	99.95891536565324	100.0	100.0	100.0	99.87674609695974	100.0	99.87674609695974	99.9178307313065	100.0	99.9178307313065
2022	100.0	99.85177865612648	97.93478260869564	99.24901185770752	99.86166007905139	99.9703557312253	99.9802371541502	99.73320158102766	59.32806324110672	99.42687747035573	99.0711462450593	99.81225296442688	98.67588932806323	98.44861660079052	99.54545454545455	90.35573122529644	99.71343873517786	97.40118577075098	83.83399209486167	99.87154150197628	97.85573122529644	99.70355731225297	99.67391304347825	99.83201581027667	99.59486166007905	98.21146245059289	99.9802371541502	99.81225296442688	99.96047430830039	99.96047430830039	99.82213438735178	99.9802371541502	99.9802371541502	99.9703557312253	99.93083003952569	99.91106719367589	98.67588932806323	99.9407114624506	99.9802371541502	99.89130434782608	86.41304347826086	99.9802371541502	99.90118577075098	99.9802371541502	99.9407114624506	99.79249011857706	99.48616600790514	99.85177865612648	83.74505928853755	99.84189723320158	99.96047430830039	99.9802371541502	99.96047430830039	99.9407114624506	99.95059288537549	99.96047430830039	99.9407114624506	99.95059288537549	99.83201581027667	99.96047430830039	86.54150197628458	99.82213438735178	99.34782608695653	86.11660079051383	99.16996047430831	83.71541501976284	99.86166007905139	99.9703557312253	95.99802371541502	99.69367588932806	99.9209486166008	92.11462450592886	93.66600790513834	99.40711462450594	99.90118577075098	99.95059288537549	99.9703557312253	66.50197628458498	99.91106719367589	99.9703557312253	99.95059288537549	99.95059288537549	99.60474308300395	99.9703557312253	99.9407114624506	99.95059288537549	99.9802371541502	99.96047430830039	99.95059288537549	99.9703557312253	86.6403162055336	99.9703557312253	99.84189723320158	99.0711462450593	99.1403162055336	99.80237154150198	99.44664031620553	90.8498023715415	83.43873517786561	99.9703557312253	99.86166007905139	99.90118577075098	99.90118577075098	99.67391304347825	99.95059288537549	99.95059288537549	60.988142292490124	67.90513833992094	99.91106719367589	95.92885375494072	99.93083003952569	97.74703557312253	99.9703557312253	99.96047430830039	99.96047430830039	99.9703557312253	99.89130434782608	99.91106719367589	99.71343873517786	99.82213438735178	99.69367588932806	96.7786561264822	99.96047430830039	99.95059288537549	99.87154150197628	99.9901185770751	99.9209486166008	99.61462450592884	99.95059288537549	99.91106719367589	99.86166007905139	99.95059288537549	99.90118577075098	99.96047430830039	99.9407114624506	99.9703557312253	57.5197628458498	97.20355731225297	99.9703557312253	94.53557312252966	99.9703557312253	99.65415019762845	99.96047430830039	55.56324110671936	99.91106719367589	99.85177865612648	48.73517786561265	99.9703557312253	95.15810276679841	99.9703557312253	85.09881422924902	99.9703557312253	92.5296442687747	59.53557312252964	99.9703557312253	84.03162055335969	99.90118577075098	70.52371541501977	99.89130434782608	44.78260869565218	85.97826086956522	99.83201581027667	99.96047430830039	99.96047430830039	99.9209486166008	99.39723320158103	99.96047430830039	99.95059288537549	99.95059288537549	99.95059288537549	86.96640316205534	85.0790513833992	98.43873517786561	84.59486166007905	59.54545454545455	54.01185770750988	99.93083003952569	99.90118577075098	99.91106719367589	98.19169960474309	99.90118577075098	99.89130434782608	99.79249011857706	99.72332015810277	99.83201581027667	99.9703557312253	70.27667984189723	93.03359683794467	84.64426877470356	99.93083003952569	99.89130434782608	99.9703557312253	99.9407114624506	99.9703557312253	99.89130434782608	99.9703557312253	99.9703557312253	99.67391304347825	99.88142292490119	99.93083003952569	99.95059288537549	87.41106719367589	99.86166007905139	99.58498023715416	84.65415019762847	96.68972332015811	99.95059288537549	91.30434782608695	55.355731225296445	99.69367588932806	98.28063241106719	94.82213438735178	85.9584980237154	84.64426877470356	98.2509881422925	99.93083003952569	99.36758893280633	86.98616600790514	99.82213438735178	99.82213438735178	99.9407114624506	99.95059288537549	92.85573122529644	99.50592885375494	99.84189723320158	99.93083003952569	99.93083003952569	76.44268774703558	99.82213438735178	98.00395256916997	99.9209486166008	99.44664031620553	99.80237154150198	99.95059288537549	84.29841897233202	99.40711462450594	99.87154150197628	87.14426877470356	84.90118577075098	99.93083003952569	87.25296442687747	87.4209486166008	86.53162055335967	99.9407114624506	99.31818181818181	99.85177865612648	99.87154150197628	99.90118577075098	99.82213438735178	99.95059288537549	99.95059288537549	99.86166007905139	99.95059288537549	99.69367588932806	99.78260869565217	99.93083003952569	99.96047430830039	99.69367588932806	99.84189723320158	99.90118577075098	99.76284584980237	99.60474308300395	98.93280632411067	99.84189723320158	99.95059288537549	99.96047430830039	99.9703557312253	99.85177865612648	99.9703557312253	99.9703557312253	99.9407114624506	99.9703557312253	99.95059288537549	99.9703557312253	99.90118577075098	99.66403162055336	80.43478260869566	95.68181818181817	99.85177865612648	99.70355731225297	99.93083003952569	99.96047430830039	99.39723320158103	99.81225296442688	99.71343873517786	99.9407114624506	98.50790513833992	99.69367588932806	98.66600790513834	99.93083003952569	98.76482213438736	92.74703557312253	99.96047430830039	86.37351778656127	99.69367588932806	99.78260869565217	99.96047430830039	99.80237154150198	99.93083003952569	99.91106719367589	99.9209486166008	99.96047430830039	99.95059288537549	99.9209486166008	99.52569169960475	99.93083003952569	99.00197628458498	99.89130434782608	99.95059288537549	99.9407114624506	99.96047430830039	99.95059288537549	99.90118577075098	99.95059288537549	99.42687747035573	99.81225296442688	99.84189723320158	99.93083003952569	99.96047430830039	98.85375494071145	99.9703557312253	99.95059288537549	99.95059288537549	99.9703557312253	99.61462450592884	99.89130434782608	80.95849802371542	86.15612648221344	99.93083003952569	99.9703557312253	99.9703557312253	99.9802371541502	99.9802371541502	99.96047430830039	99.9802371541502	99.9703557312253	99.9802371541502	99.9802371541502	99.88142292490119	99.96047430830039	99.90118577075098	61.640316205533594	99.9209486166008	98.20158102766798	99.93083003952569	99.9802371541502	99.96047430830039	99.96047430830039	99.96047430830039	99.9703557312253	99.9407114624506	99.9703557312253	99.9802371541502	99.9802371541502	99.9703557312253	99.9703557312253	99.9802371541502	99.9802371541502	99.9802371541502	99.9703557312253	99.9802371541502	74.24901185770752	80.96837944664031	99.85177865612648	99.9802371541502	99.95059288537549	99.9802371541502	99.9802371541502	99.9802371541502	99.9209486166008	99.9802371541502	99.86166007905139	99.9802371541502	99.79249011857706	99.9802371541502	99.9802371541502	86.41304347826086	99.9703557312253	99.9802371541502	99.9802371541502	99.9802371541502	99.9802371541502	99.84189723320158	99.91106719367589	99.9802371541502	99.9802371541502	99.9802371541502	99.81225296442688	99.96047430830039	99.84189723320158	90.19762845849803	99.95059288537549	99.9703557312253	99.87154150197628	99.81225296442688	99.95059288537549	99.91106719367589	99.9703557312253	99.83201581027667	99.96047430830039	99.44664031620553	87.5	99.9407114624506	99.96047430830039	99.9703557312253	99.41699604743083	99.9703557312253	99.95059288537549	99.96047430830039	99.96047430830039	99.9407114624506	99.9703557312253	99.9209486166008	99.96047430830039	99.96047430830039	99.82213438735178	99.95059288537549	99.58498023715416	99.96047430830039	99.95059288537549	99.96047430830039	71.11660079051383	99.9407114624506	99.73320158102766	99.77272727272727	99.9802371541502	99.84189723320158	99.96047430830039	99.93083003952569	99.9703557312253	99.9802371541502	99.79249011857706	99.95059288537549	99.64426877470356	99.9703557312253	99.9209486166008	99.9802371541502	99.9802371541502	99.9703557312253	99.9802371541502	99.93083003952569	99.28853754940712	99.82213438735178	99.89130434782608	99.86166007905139	99.84189723320158	99.90118577075098	99.9802371541502	99.9802371541502	99.9802371541502	99.90118577075098	99.96047430830039	99.96047430830039	99.9703557312253	99.95059288537549	99.96047430830039	99.93083003952569	99.87154150197628	99.73320158102766	99.93083003952569	99.84189723320158	99.9703557312253	99.9802371541502	99.96047430830039	99.89130434782608	87.94466403162056	99.9802371541502	91.88735177865613	99.89130434782608	99.95059288537549	99.96047430830039	99.9407114624506	99.9703557312253	99.9802371541502	99.9703557312253	100.0	99.87154150197628	98.48814229249012	99.9703557312253	99.95059288537549	99.96047430830039	99.9703557312253	99.80237154150198	99.49604743083003	99.93083003952569	99.93083003952569	99.9802371541502	99.76284584980237	99.9802371541502	99.93083003952569	99.9802371541502	99.41699604743083	99.9802371541502	61.76877470355732	98.79446640316205	99.9209486166008	99.93083003952569	99.93083003952569	99.93083003952569	80.56324110671936	99.9703557312253	99.9802371541502	99.81225296442688	99.9802371541502	86.10671936758894	99.88142292490119	99.9802371541502	99.9209486166008	99.74308300395258	99.96047430830039	99.9209486166008	99.96047430830039	99.9802371541502	99.88142292490119	99.9703557312253	99.81225296442688	99.83201581027667	99.95059288537549	99.79249011857706	99.85177865612648	99.02173913043478	99.9407114624506	99.9802371541502	99.88142292490119	99.9407114624506	99.90118577075098	99.9407114624506	99.88142292490119	99.77272727272727	99.96047430830039	99.1600790513834	99.9209486166008	99.9802371541502	99.93083003952569	100.0	99.9802371541502	99.95059288537549	95.45454545454545	100.0	99.9703557312253	99.91106719367589	99.96047430830039	99.83201581027667	99.9802371541502	76.79841897233202	60.89920948616601	99.88142292490119	99.9407114624506	99.9802371541502	99.90118577075098	99.85177865612648	99.86166007905139	99.9802371541502	99.88142292490119	99.9901185770751	99.9407114624506	99.90118577075098	99.9802371541502	99.93083003952569	99.96047430830039	99.81225296442688	100.0	99.81225296442688	99.9703557312253	99.9901185770751	99.9802371541502
2023	100.0	99.96216420734014	99.16761256148317	99.16761256148317	99.84865682936058	100.0	99.88649262202043	99.96216420734014	96.29209231933409	99.92432841468029	99.69731365872116	99.81082103670072	99.31895573212259	99.31895573212259	99.58380628074158	98.37306091562618	100.0	99.09194097616346	99.58380628074158	99.92432841468029	99.1297767688233	100.0	99.47029890276201	99.84865682936058	99.35679152478244	99.735149451381	100.0	99.88649262202043	100.0	100.0	99.88649262202043	99.96216420734014	99.96216420734014	99.96216420734014	99.96216420734014	99.84865682936058	95.19485433219826	99.96216420734014	99.96216420734014	99.96216420734014	99.20544835414302	100.0	99.92432841468029	100.0	100.0	99.88649262202043	97.50283768444949	99.92432841468029	98.56223987892547	99.84865682936058	99.92432841468029	100.0	100.0	100.0	99.96216420734014	100.0	100.0	99.96216420734014	99.92432841468029	100.0	99.62164207340145	99.735149451381	99.735149451381	99.35679152478244	99.92432841468029	98.82709042754446	100.0	99.92432841468029	95.95157018539538	99.735149451381	100.0	99.84865682936058	99.6594778660613	98.82709042754446	100.0	100.0	100.0	89.44381384790012	99.96216420734014	99.96216420734014	100.0	99.96216420734014	99.58380628074158	100.0	99.92432841468029	100.0	99.92432841468029	100.0	99.96216420734014	100.0	99.20544835414302	99.96216420734014	99.81082103670072	95.80022701475596	99.58380628074158	99.92432841468029	99.96216420734014	99.6594778660613	98.86492622020431	99.96216420734014	99.92432841468029	99.84865682936058	99.92432841468029	99.81082103670072	99.96216420734014	100.0	97.46500189178964	78.96329928111993	100.0	96.06507756337496	99.96216420734014	97.16231555051078	99.96216420734014	100.0	100.0	100.0	99.96216420734014	100.0	99.77298524404085	99.50813469542187	99.92432841468029	99.3946273174423	99.96216420734014	100.0	99.88649262202043	99.88649262202043	99.96216420734014	99.92432841468029	99.96216420734014	99.77298524404085	100.0	100.0	100.0	100.0	100.0	100.0	73.85546727203935	95.08134695421869	99.96216420734014	98.67574725690503	100.0	99.96216420734014	100.0	96.0272417707151	100.0	99.92432841468029	69.9205448354143	100.0	99.6594778660613	100.0	77.60121074536511	100.0	99.69731365872116	97.42716609912978	100.0	98.71358304956489	99.92432841468029	68.93681422625804	100.0	87.85471055618615	99.69731365872116	99.92432841468029	100.0	100.0	99.96216420734014	95.68671963677639	100.0	100.0	100.0	100.0	99.735149451381	99.01626939084373	99.6594778660613	98.5244040862656	96.48127128263337	93.11388573590617	100.0	99.88649262202043	99.84865682936058	99.20544835414302	100.0	99.96216420734014	100.0	99.96216420734014	99.92432841468029	100.0	77.41203178206584	98.94059780552402	98.86492622020431	100.0	99.92432841468029	100.0	100.0	100.0	99.735149451381	100.0	100.0	97.3136587211502	99.92432841468029	99.92432841468029	100.0	98.67574725690503	100.0	99.47029890276201	99.28111993946274	98.86492622020431	100.0	96.3677639046538	95.72455542943624	99.77298524404085	99.28111993946274	99.6594778660613	96.78395762391222	98.63791146424518	97.76768823306848	99.96216420734014	99.77298524404085	99.735149451381	99.92432841468029	100.0	100.0	100.0	99.88649262202043	99.62164207340145	99.96216420734014	100.0	100.0	86.45478622777148	99.69731365872116	99.47029890276201	99.96216420734014	99.92432841468029	100.0	100.0	97.95686719636775	99.92432841468029	99.81082103670072	99.3946273174423	98.94059780552402	100.0	99.6594778660613	99.735149451381	99.735149451381	100.0	100.0	99.77298524404085	100.0	100.0	99.96216420734014	100.0	99.88649262202043	99.88649262202043	100.0	100.0	99.88649262202043	100.0	99.96216420734014	99.50813469542187	100.0	99.96216420734014	100.0	99.81082103670072	100.0	99.96216420734014	100.0	100.0	100.0	100.0	100.0	100.0	100.0	100.0	100.0	100.0	99.84865682936058	99.96216420734014	73.8933030646992	99.01626939084373	99.92432841468029	99.01626939084373	99.92432841468029	100.0	99.92432841468029	99.84865682936058	99.58380628074158	100.0	100.0	99.96216420734014	99.88649262202043	100.0	99.88649262202043	98.67574725690503	100.0	99.69731365872116	99.92432841468029	99.69731365872116	100.0	99.96216420734014	100.0	99.96216420734014	100.0	100.0	99.96216420734014	100.0	99.96216420734014	100.0	98.5244040862656	99.92432841468029	100.0	99.92432841468029	100.0	100.0	100.0	100.0	99.35679152478244	99.92432841468029	100.0	99.92432841468029	100.0	99.01626939084373	100.0	99.96216420734014	100.0	100.0	98.71358304956489	99.92432841468029	80.47673098751419	99.47029890276201	100.0	100.0	100.0	100.0	100.0	100.0	100.0	100.0	100.0	100.0	99.81082103670072	100.0	99.84865682936058	97.54067347710934	99.88649262202043	98.97843359818388	100.0	100.0	100.0	100.0	100.0	99.96216420734014	100.0	100.0	100.0	100.0	100.0	100.0	100.0	100.0	100.0	100.0	99.96216420734014	100.0	99.54597048808172	100.0	100.0	100.0	100.0	100.0	99.92432841468029	100.0	99.96216420734014	100.0	100.0	99.92432841468029	100.0	100.0	99.735149451381	100.0	100.0	100.0	100.0	99.92432841468029	99.96216420734014	99.84865682936058	100.0	100.0	99.96216420734014	99.92432841468029	100.0	99.58380628074158	99.96216420734014	100.0	100.0	99.84865682936058	99.92432841468029	100.0	100.0	100.0	99.92432841468029	100.0	99.81082103670072	99.62164207340145	99.88649262202043	99.92432841468029	100.0	100.0	100.0	100.0	100.0	100.0	100.0	100.0	100.0	100.0	100.0	99.88649262202043	100.0	99.92432841468029	100.0	99.92432841468029	100.0	79.19031403707908	100.0	99.92432841468029	99.81082103670072	100.0	99.96216420734014	100.0	100.0	100.0	99.96216420734014	100.0	99.96216420734014	99.88649262202043	100.0	100.0	100.0	100.0	99.96216420734014	100.0	99.96216420734014	99.96216420734014	99.92432841468029	99.96216420734014	100.0	99.84865682936058	99.77298524404085	100.0	100.0	100.0	99.96216420734014	99.96216420734014	100.0	100.0	99.81082103670072	99.96216420734014	99.96216420734014	99.16761256148317	100.0	100.0	99.92432841468029	100.0	99.96216420734014	100.0	100.0	99.81082103670072	100.0	99.69731365872116	99.96216420734014	99.96216420734014	100.0	100.0	99.96216420734014	100.0	100.0	100.0	100.0	98.97843359818388	100.0	99.96216420734014	100.0	100.0	99.92432841468029	99.3946273174423	100.0	100.0	100.0	99.96216420734014	100.0	99.96216420734014	99.92432841468029	99.35679152478244	100.0	97.80552402572835	95.95157018539538	100.0	99.96216420734014	100.0	100.0	79.26598562239879	99.88649262202043	100.0	99.92432841468029	100.0	99.20544835414302	99.92432841468029	100.0	100.0	99.92432841468029	100.0	99.92432841468029	99.88649262202043	100.0	99.96216420734014	100.0	99.96216420734014	99.96216420734014	99.92432841468029	99.88649262202043	99.96216420734014	99.81082103670072	100.0	100.0	99.96216420734014	100.0	99.96216420734014	100.0	99.81082103670072	99.81082103670072	100.0	99.88649262202043	99.96216420734014	100.0	100.0	100.0	100.0	99.84865682936058	98.33522512296634	100.0	100.0	99.84865682936058	100.0	100.0	100.0	97.80552402572835	99.0541051835036	99.88649262202043	100.0	100.0	99.92432841468029	99.92432841468029	99.96216420734014	100.0	100.0	100.0	99.96216420734014	99.96216420734014	100.0	100.0	100.0	99.69731365872116	100.0	99.88649262202043	99.96216420734014	100.0	100.0
2024	100.0	99.32781178730045	98.90769415436323	99.45984875765215	99.91597647341256	99.9639899171768	99.92797983435362	99.78393950306086	94.99459848757652	99.66390589365022	98.8836874324811	99.59188572800383	94.1783699435842	98.83567398871685	98.75165046212939	98.78766054495259	99.87996639058937	97.17921017885007	90.18125075021007	99.78393950306086	99.4718521185932	99.71191933741449	99.74792942023767	99.74792942023767	99.07574120753812	98.51158324330814	99.95198655623575	99.72392269835554	99.9639899171768	99.95198655623575	99.8679630296483	99.9639899171768	99.95198655623575	99.90397311247149	99.89196975153043	99.9639899171768	99.85595966870724	99.92797983435362	99.9639899171768	99.90397311247149	97.71936142119793	99.95198655623575	99.72392269835554	99.98799663905893	99.8679630296483	99.91597647341256	94.62249429840355	99.8679630296483	97.81538830872645	98.8476773496579	99.9639899171768	99.93998319529467	99.93998319529467	99.95198655623575	99.93998319529467	99.91597647341256	99.93998319529467	99.9639899171768	99.807946224943	99.89196975153043	98.60761013083663	97.44328411955348	98.55959668707239	98.36754291201537	99.7359260592966	97.89941183531388	99.89196975153043	99.9639899171768	91.48961709278598	99.21978153883087	99.93998319529467	99.87996639058937	98.55959668707239	93.84227583723442	99.95198655623575	99.95198655623575	99.93998319529467	94.2143800264074	99.807946224943	99.95198655623575	99.92797983435362	99.91597647341256	99.67590925459129	99.95198655623575	99.95198655623575	99.90397311247149	99.98799663905893	99.95198655623575	99.95198655623575	99.95198655623575	97.19121353979115	99.93998319529467	99.57988236706278	97.92341855719602	99.7359260592966	99.71191933741449	99.90397311247149	98.77565718401152	98.47557316048493	99.95198655623575	99.89196975153043	99.91597647341256	99.87996639058937	99.44784539671107	99.93998319529467	99.95198655623575	96.25495138638819	83.47137198415557	99.71191933741449	97.3352538710839	99.92797983435362	98.78766054495259	99.95198655623575	99.95198655623575	99.95198655623575	99.95198655623575	99.91597647341256	99.87996639058937	99.68791261553235	99.57988236706278	99.807946224943	99.59188572800383	99.9639899171768	99.95198655623575	99.93998319529467	99.98799663905893	99.90397311247149	99.61589244988596	99.95198655623575	98.52358660424919	99.89196975153043	99.95198655623575	99.93998319529467	99.91597647341256	99.84395630776618	99.93998319529467	52.31064698115472	94.45444724522866	99.95198655623575	98.43956307766175	99.95198655623575	99.75993278117873	99.92797983435362	87.82859200576162	99.92797983435362	99.89196975153043	86.1241147521306	99.93998319529467	99.36382187012363	99.93998319529467	83.31532829192174	99.92797983435362	99.01572440283279	88.00864241987757	99.93998319529467	92.42587924618894	99.87996639058937	49.969991597647336	99.31580842635938	73.41255551554435	97.92341855719602	99.5078622014164	99.92797983435362	99.92797983435362	99.8679630296483	98.81166726683472	99.92797983435362	99.87996639058937	99.92797983435362	99.93998319529467	98.81166726683472	97.92341855719602	98.57160004801344	97.4672908414356	86.10010803024846	83.26731484815748	99.92797983435362	99.89196975153043	98.94370423718641	98.83567398871685	99.92797983435362	99.85595966870724	99.62789581082703	99.26779498259512	99.51986556235745	99.93998319529467	52.094586484215576	98.72764374024727	97.89941183531388	99.63989917176809	99.93998319529467	99.92797983435362	99.97599327811787	99.92797983435362	99.81994958588405	99.91597647341256	99.92797983435362	99.61589244988596	99.92797983435362	99.92797983435362	99.92797983435362	97.77937822590326	99.89196975153043	99.62789581082703	98.8836874324811	98.00744208378346	99.92797983435362	93.0620573760653	91.12951626455408	99.75993278117873	99.12375465130236	98.77565718401152	82.95522746368982	89.71311967350857	99.75993278117873	99.90397311247149	99.25579162165407	98.69163365742408	99.84395630776618	99.83195294682511	99.9639899171768	99.92797983435362	99.77193614211978	99.57988236706278	99.67590925459129	99.93998319529467	99.90397311247149	98.05545552754771	99.27979834353619	99.06373784659705	99.89196975153043	99.81994958588405	99.3758252310647	99.87996639058937	96.96314968191093	99.87996639058937	99.79594286400192	98.77565718401152	97.74336814308006	99.92797983435362	98.27151602448686	98.78766054495259	98.75165046212939	99.93998319529467	99.84395630776618	99.51986556235745	99.92797983435362	99.89196975153043	99.92797983435362	99.92797983435362	99.89196975153043	99.71191933741449	99.8679630296483	99.85595966870724	99.84395630776618	99.84395630776618	99.91597647341256	97.85139839154964	99.89196975153043	99.55587564518065	99.90397311247149	99.75993278117873	99.90397311247149	99.00372104189174	99.92797983435362	99.92797983435362	99.92797983435362	99.84395630776618	99.93998319529467	99.93998319529467	99.89196975153043	99.93998319529467	99.91597647341256	99.95198655623575	99.85595966870724	99.3758252310647	81.74288800864242	95.24666906733886	99.74792942023767	99.75993278117873	99.89196975153043	99.95198655623575	99.89196975153043	99.807946224943	99.60388908894491	99.93998319529467	98.76365382307046	99.87996639058937	99.6999159764734	99.67590925459129	99.83195294682511	97.61133117272837	99.95198655623575	98.45156643860281	99.6999159764734	99.807946224943	99.95198655623575	99.91597647341256	99.92797983435362	99.95198655623575	99.89196975153043	99.95198655623575	99.95198655623575	99.91597647341256	99.7359260592966	99.90397311247149	99.7359260592966	99.807946224943	99.95198655623575	99.95198655623575	99.95198655623575	99.95198655623575	99.85595966870724	99.91597647341256	98.70363701836514	99.68791261553235	99.90397311247149	99.93998319529467	99.95198655623575	98.3195294682511	99.9639899171768	99.9639899171768	99.09974792942023	99.93998319529467	99.67590925459129	99.87996639058937	72.44028327931821	90.94946585043813	99.9639899171768	99.9639899171768	99.91597647341256	99.95198655623575	99.9639899171768	99.9639899171768	99.95198655623575	99.9639899171768	99.9639899171768	99.9639899171768	99.63989917176809	99.9639899171768	99.89196975153043	88.52478694034329	99.92797983435362	99.00372104189174	99.92797983435362	99.9639899171768	99.9639899171768	99.9639899171768	99.95198655623575	99.9639899171768	99.81994958588405	99.9639899171768	99.9639899171768	99.9639899171768	99.92797983435362	99.9639899171768	99.95198655623575	99.9639899171768	99.9639899171768	99.95198655623575	99.9639899171768	99.92797983435362	96.72308246308965	99.92797983435362	99.9639899171768	99.9639899171768	99.9639899171768	99.9639899171768	99.92797983435362	99.92797983435362	99.91597647341256	99.807946224943	99.9639899171768	99.81994958588405	99.95198655623575	99.9639899171768	98.78766054495259	99.9639899171768	99.9639899171768	99.98799663905893	99.9639899171768	99.93998319529467	99.92797983435362	99.89196975153043	99.9639899171768	99.93998319529467	99.9639899171768	99.77193614211978	99.92797983435362	99.807946224943	99.79594286400192	99.9639899171768	99.9639899171768	99.87996639058937	99.87996639058937	99.92797983435362	99.83195294682511	99.92797983435362	99.8679630296483	99.05173448565598	99.87996639058937	98.78766054495259	99.7359260592966	99.9639899171768	99.9639899171768	99.85595966870724	99.93998319529467	99.95198655623575	99.9639899171768	99.93998319529467	99.95198655623575	99.9639899171768	99.95198655623575	99.95198655623575	99.93998319529467	99.9639899171768	99.95198655623575	99.807946224943	99.9639899171768	99.93998319529467	99.95198655623575	51.39839154963389	99.93998319529467	99.807946224943	99.89196975153043	99.93998319529467	99.72392269835554	99.9639899171768	99.81994958588405	99.9639899171768	99.95198655623575	99.91597647341256	99.92797983435362	99.67590925459129	99.93998319529467	99.91597647341256	99.9639899171768	99.95198655623575	99.9639899171768	99.95198655623575	99.95198655623575	99.59188572800383	99.91597647341256	99.89196975153043	99.00372104189174	99.85595966870724	99.807946224943	99.95198655623575	99.9639899171768	99.95198655623575	99.90397311247149	99.95198655623575	99.27979834353619	99.93998319529467	99.93998319529467	99.8679630296483	99.95198655623575	99.38782859200576	99.93998319529467	99.91597647341256	99.84395630776618	99.91597647341256	99.9639899171768	99.95198655623575	99.89196975153043	99.68791261553235	99.9639899171768	98.58360340895452	99.11175129036131	99.90397311247149	99.9639899171768	99.84395630776618	99.93998319529467	99.9639899171768	99.9639899171768	100.0	99.9639899171768	99.60388908894491	99.9639899171768	99.9639899171768	99.9639899171768	99.9639899171768	99.93998319529467	99.89196975153043	99.9639899171768	99.93998319529467	99.95198655623575	99.85595966870724	99.9639899171768	99.92797983435362	99.93998319529467	99.63989917176809	99.9639899171768	99.89196975153043	86.04009122554315	99.92797983435362	99.9639899171768	99.95198655623575	99.95198655623575	51.24234785740007	99.95198655623575	99.9639899171768	99.8679630296483	99.9639899171768	90.84143560196856	99.92797983435362	99.92797983435362	99.95198655623575	99.74792942023767	99.95198655623575	99.92797983435362	100.0	99.97599327811787	99.78393950306086	99.9639899171768	99.95198655623575	98.37954627295643	99.90397311247149	99.90397311247149	99.84395630776618	99.75993278117873	99.93998319529467	99.91597647341256	99.03973112471492	99.8679630296483	99.90397311247149	99.95198655623575	99.9639899171768	99.72392269835554	99.95198655623575	99.39983195294683	99.81994958588405	99.95198655623575	99.9639899171768	100.0	99.8679630296483	99.91597647341256	98.73964710118834	100.0	99.90397311247149	99.92797983435362	99.93998319529467	99.79594286400192	99.9639899171768	97.98343536190133	97.26323370543753	99.93998319529467	99.85595966870724	99.9639899171768	99.89196975153043	99.807946224943	99.90397311247149	99.98799663905893	99.90397311247149	99.98799663905893	99.92797983435362	99.8679630296483	100.0	99.83195294682511	99.87996639058937	99.77193614211978	99.97599327811787	99.60388908894491	99.97599327811787	99.98799663905893	99.98799663905893
2025	100.0	99.4227399237192	99.67013709926812	99.51551386455004	99.9278424904649	99.94845892176065	99.7113699618596	99.29904133594475	99.04133594474797	99.61859602102876	98.44345943717143	99.6392124523245	99.74229460880322	97.7734254200598	97.7734254200598	97.43325430368003	99.90722605916916	95.80455623131637	66.1787444593341	99.85568498092981	96.28904236676631	99.52582208019793	99.7113699618596	98.27852798680549	99.67013709926812	99.10318523863519	99.97938356870426	99.88660962787341	99.97938356870426	99.9690753530564	99.82476033398619	99.9690753530564	99.98969178435213	99.93815070611276	99.9278424904649	99.94845892176065	99.79383568704257	99.95876713740851	99.98969178435213	99.90722605916916	97.67034326358107	99.98969178435213	99.89691784352128	99.9690753530564	99.95876713740851	99.76291104009896	96.17565199463974	99.7835274713947	68.34346974538707	99.87630141222554	100.0	99.98969178435213	99.97938356870426	99.97938356870426	99.98969178435213	99.98969178435213	99.97938356870426	99.95876713740851	99.91753427481703	99.9690753530564	75.18812493557365	99.88660962787341	99.70106174621172	72.46675600453561	99.79383568704257	97.1549324811875	99.95876713740851	99.97938356870426	82.77497165240698	98.237295124214	99.94845892176065	99.95876713740851	96.72198742397691	99.6392124523245	99.62890423667663	99.98969178435213	99.97938356870426	91.32048242449233	98.79393876919906	99.98969178435213	99.94845892176065	99.9278424904649	99.83506854963406	99.98969178435213	99.93815070611276	99.97938356870426	100.0	99.97938356870426	99.97938356870426	99.9690753530564	98.03113081125657	99.98969178435213	99.97938356870426	97.79404185135553	99.82476033398619	99.9690753530564	99.62890423667663	98.44345943717143	96.1138027007525	99.98969178435213	99.95876713740851	99.95876713740851	99.83506854963406	99.54643851149366	99.97938356870426	99.97938356870426	99.70106174621172	97.9795897330172	99.89691784352128	83.49654674775796	99.9690753530564	99.62890423667663	99.98969178435213	99.94845892176065	99.98969178435213	99.95876713740851	99.74229460880322	99.95876713740851	99.9278424904649	99.75260282445109	99.91753427481703	99.5361302958458	99.81445211833831	99.95876713740851	99.9278424904649	99.97938356870426	99.95876713740851	99.74229460880322	99.9690753530564	98.47438408411504	99.93815070611276	99.97938356870426	99.77321925574682	99.93815070611276	99.9690753530564	99.97938356870426	97.40232965673641	94.08308421812185	99.9690753530564	97.35078857849706	99.9690753530564	98.56715802494588	99.9690753530564	74.59024842799712	99.90722605916916	99.88660962787341	99.38150706112772	99.97938356870426	99.41243170807134	99.9690753530564	97.56726110710237	99.9690753530564	98.31976084939697	95.35099474281003	99.97938356870426	96.27873415111844	99.94845892176065	65.05514895371611	98.49500051541078	64.72528605298423	75.74476858055871	98.48469229976291	99.97938356870426	99.97938356870426	99.95876713740851	99.87630141222554	99.9690753530564	99.95876713740851	99.94845892176065	99.9690753530564	99.30934955159262	97.95897330172147	91.83589320688588	97.04154210906091	63.67384805690135	68.25069580455623	99.94845892176065	99.0310277291001	98.33006906504484	99.70106174621172	99.89691784352128	99.87630141222554	99.89691784352128	99.84537676528194	99.95876713740851	99.95876713740851	99.36089062983197	98.11359653643954	97.68065147922894	99.95876713740851	99.9278424904649	99.97938356870426	99.98969178435213	99.94845892176065	99.89691784352128	99.95876713740851	99.97938356870426	99.89691784352128	99.83506854963406	99.97938356870426	99.9690753530564	97.83527471394702	99.94845892176065	98.7011648283682	98.1651376146789	98.42284300587568	99.98969178435213	97.17554891248325	97.18585712813112	99.64952066797237	99.84537676528194	98.30945263374909	93.38212555406659	77.96103494485105	94.28924853107927	99.97938356870426	99.87630141222554	98.14452118338316	99.73198639315535	99.9278424904649	99.9690753530564	99.97938356870426	98.5980826718895	98.40222657457994	99.91753427481703	99.93815070611276	99.97938356870426	96.45397381713225	98.17544583032677	99.09287702298732	99.98969178435213	99.82476033398619	99.70106174621172	99.7113699618596	99.16503453252243	99.86599319657768	98.24760333986187	98.11359653643954	80.05360272136893	99.97938356870426	60.96278734151118	98.22698690856613	98.237295124214	99.95876713740851	99.7835274713947	86.71271002989383	99.95876713740851	99.9690753530564	99.89691784352128	99.97938356870426	99.97938356870426	99.82476033398619	99.97938356870426	99.7835274713947	99.89691784352128	99.9690753530564	99.95876713740851	98.5980826718895	99.9690753530564	98.54654159365013	99.93815070611276	99.62890423667663	99.94845892176065	98.34037728069272	99.97938356870426	99.97938356870426	99.9690753530564	99.94845892176065	99.9690753530564	99.9690753530564	99.9690753530564	99.9690753530564	99.93815070611276	99.9690753530564	99.80414390269044	97.50541181321513	93.73260488609422	97.86619936089063	99.9690753530564	99.5670549427894	99.91753427481703	99.95876713740851	99.85568498092981	99.7113699618596	99.65982888362025	99.9690753530564	99.93815070611276	99.83506854963406	99.70106174621172	99.88660962787341	98.6290073188331	98.12390475208741	99.97938356870426	71.38439336150913	99.86599319657768	86.53747036388	99.97938356870426	99.87630141222554	99.9690753530564	99.93815070611276	99.9690753530564	99.97938356870426	99.9690753530564	99.95876713740851	99.79383568704257	99.82476033398619	99.67013709926812	99.82476033398619	99.95876713740851	99.97938356870426	99.97938356870426	99.9690753530564	99.81445211833831	99.95876713740851	98.237295124214	99.72167817750747	99.9690753530564	99.95876713740851	99.9690753530564	99.39181527677559	99.9690753530564	99.91753427481703	98.49500051541078	99.9690753530564	99.65982888362025	99.93815070611276	68.86918874342851	79.89897948665086	99.9278424904649	99.9690753530564	99.94845892176065	99.95876713740851	99.95876713740851	99.9690753530564	99.9690753530564	99.97938356870426	99.97938356870426	99.97938356870426	99.69075353056385	99.93815070611276	99.88660962787341	96.56736418925884	99.9278424904649	99.85568498092981	99.91753427481703	99.9690753530564	98.65993196577672	99.95876713740851	99.95876713740851	99.95876713740851	99.94845892176065	99.95876713740851	99.93815070611276	99.9690753530564	99.94845892176065	99.97938356870426	99.97938356870426	99.95876713740851	99.9690753530564	99.93815070611276	99.97938356870426	99.95876713740851	83.92949180496856	99.9278424904649	99.9690753530564	99.94845892176065	99.95876713740851	99.95876713740851	99.9278424904649	99.90722605916916	99.94845892176065	99.83506854963406	99.93815070611276	99.76291104009896	99.95876713740851	99.9690753530564	97.08277497165241	99.93815070611276	99.9690753530564	99.94845892176065	99.95876713740851	99.93815070611276	99.86599319657768	99.86599319657768	99.9690753530564	99.95876713740851	99.9690753530564	99.67013709926812	99.90722605916916	99.82476033398619	98.12390475208741	99.94845892176065	99.94845892176065	99.65982888362025	99.80414390269044	99.93815070611276	99.9278424904649	99.9690753530564	99.79383568704257	98.34037728069272	99.87630141222554	98.12390475208741	99.87630141222554	99.95876713740851	99.93815070611276	99.88660962787341	99.95876713740851	99.94845892176065	99.95876713740851	99.9690753530564	99.93815070611276	99.9690753530564	99.95876713740851	99.94845892176065	99.9690753530564	99.82476033398619	99.9278424904649	99.87630141222554	99.9690753530564	99.91753427481703	99.93815070611276	99.49489743325431	99.94845892176065	99.75260282445109	99.47428100195856	99.9278424904649	99.87630141222554	99.9690753530564	99.75260282445109	99.95876713740851	99.9690753530564	99.70106174621172	99.9690753530564	99.6392124523245	99.97938356870426	99.82476033398619	99.94845892176065	99.9690753530564	99.9690753530564	99.84537676528194	99.82476033398619	99.90722605916916	99.79383568704257	99.89691784352128	99.95876713740851	99.82476033398619	99.91753427481703	99.9690753530564	99.9690753530564	99.95876713740851	99.9690753530564	99.93815070611276	99.65982888362025	99.89691784352128	99.91753427481703	99.9278424904649	99.94845892176065	99.77321925574682	99.91753427481703	99.95876713740851	99.58767137408515	99.85568498092981	99.9690753530564	99.97938356870426	99.93815070611276	99.41243170807134	99.94845892176065	98.11359653643954	98.35068549634059	99.94845892176065	99.89691784352128	99.95876713740851	99.98969178435213	99.98969178435213	99.98969178435213	100.0	99.97938356870426	99.69075353056385	99.9278424904649	99.93815070611276	99.98969178435213	99.87630141222554	99.97938356870426	99.6392124523245	99.98969178435213	99.98969178435213	99.97938356870426	99.79383568704257	99.98969178435213	99.88660962787341	99.87630141222554	99.49489743325431	99.98969178435213	99.7835274713947	98.53623337800227	99.9690753530564	99.98969178435213	99.86599319657768	99.9278424904649	99.55674672714153	99.82476033398619	99.98969178435213	92.9801051437996	99.9278424904649	59.663952169879394	99.68044531491599	99.97938356870426	99.94845892176065	99.46397278631069	99.97938356870426	99.95876713740851	99.93815070611276	99.81445211833831	99.58767137408515	99.97938356870426	99.9690753530564	99.6392124523245	99.89691784352128	99.81445211833831	99.9278424904649	99.13410988557881	99.74229460880322	99.9690753530564	99.77321925574682	99.89691784352128	99.68044531491599	99.93815070611276	99.9690753530564	99.90722605916916	99.98969178435213	99.86599319657768	99.9278424904649	99.98969178435213	99.97938356870426	100.0	99.91753427481703	99.91753427481703	98.79393876919906	99.98969178435213	99.93815070611276	99.82476033398619	99.9690753530564	99.84537676528194	99.87630141222554	99.30934955159262	96.8353777961035	99.90722605916916	99.9278424904649	99.98969178435213	99.85568498092981	99.85568498092981	99.86599319657768	99.9690753530564	99.87630141222554	99.97938356870426	99.93815070611276	98.7011648283682	99.89691784352128	99.93815070611276	99.88660962787341	99.82476033398619	99.98969178435213	99.68044531491599	99.85568498092981	99.91753427481703	99.91753427481703
2026	100.0	99.46679592825983	99.17595734367426	98.88511875908871	99.95152690256907	100.0	99.90305380513816	99.8061076102763	97.72176442074648	99.22443044110518	96.9946679592826	99.32137663596704	99.70916141541444	96.94619486185168	95.63742123121668	96.70382937469705	99.90305380513816	96.65535627726611	90.54774600096947	99.90305380513816	99.17595734367426	98.93359185651963	99.51526902569074	99.75763451284537	99.32137663596704	99.56374212312167	100.0	99.90305380513816	100.0	100.0	99.85458070770721	100.0	100.0	99.95152690256907	100.0	99.90305380513816	99.95152690256907	99.95152690256907	100.0	100.0	95.6858943286476	100.0	99.51526902569074	100.0	100.0	99.75763451284537	97.09161415414445	100.0	99.27290353853611	99.85458070770721	100.0	100.0	100.0	99.90305380513816	100.0	99.95152690256907	100.0	100.0	99.90305380513816	99.85458070770721	96.46146388754241	99.90305380513816	99.90305380513816	96.70382937469705	99.66068831798351	95.39505574406203	99.95152690256907	100.0	89.43286476005817	96.70382937469705	100.0	99.85458070770721	96.75230247212797	99.07901114881241	99.85458070770721	100.0	100.0	68.39554047503636	97.14008725157538	99.95152690256907	99.95152690256907	100.0	99.90305380513816	100.0	99.90305380513816	99.8061076102763	100.0	100.0	100.0	100.0	96.70382937469705	100.0	100.0	96.9946679592826	98.3034415899176	99.90305380513816	99.8061076102763	97.28550654386815	92.4866698982065	100.0	99.95152690256907	100.0	100.0	99.56374212312167	99.95152690256907	100.0	99.36984973339797	96.6068831798352	99.85458070770721	90.69316529326224	99.51526902569074	99.03053805138148	100.0	100.0	100.0	99.8061076102763	99.85458070770721	99.95152690256907	100.0	99.90305380513816	99.70916141541444	99.70916141541444	99.95152690256907	100.0	99.95152690256907	100.0	99.95152690256907	98.93359185651963	99.95152690256907	100.0	100.0	100.0	99.85458070770721	100.0	99.90305380513816	100.0	96.26757149781872	95.10421715947649	100.0	96.26757149781872	100.0	97.28550654386815	100.0	99.12748424624334	99.95152690256907	99.8061076102763	99.17595734367426	100.0	97.72176442074648	100.0	96.46146388754241	100.0	97.18856034900631	97.28550654386815	100.0	95.34658264663112	100.0	94.9587978671837	96.84924866698982	68.83179835191468	95.97673291323315	97.28550654386815	99.90305380513816	100.0	99.95152690256907	99.51526902569074	100.0	100.0	100.0	100.0	99.90305380513816	96.12215220552594	89.57828405235094	49.00630150266602	95.58894813378575	97.28550654386815	99.85458070770721	96.75230247212797	97.14008725157538	99.32137663596704	99.46679592825983	99.85458070770721	99.90305380513816	99.8061076102763	99.95152690256907	99.95152690256907	97.77023751817741	97.14008725157538	77.99321376635967	99.90305380513816	99.8061076102763	99.95152690256907	99.95152690256907	99.95152690256907	99.70916141541444	99.95152690256907	99.95152690256907	99.07901114881241	99.03053805138148	99.95152690256907	99.95152690256907	95.78284052350945	99.95152690256907	96.55841008240427	48.71546291808046	96.65535627726611	99.95152690256907	95.8797867183713	96.073679108095	98.40038778477945	98.73969946679593	96.94619486185168	99.85458070770721	99.07901114881241	99.22443044110518	99.90305380513816	99.70916141541444	97.04314105671352	99.36984973339797	99.95152690256907	99.90305380513816	99.95152690256907	97.14008725157538	98.44886088221038	99.75763451284537	99.66068831798351	99.95152690256907	77.84779447406689	82.30731943771207	99.56374212312167	99.90305380513816	99.85458070770721	99.61221522055259	98.15802229762481	99.56374212312167	99.90305380513816	97.09161415414445	97.04314105671352	97.09161415414445	99.85458070770721	91.51720794958797	97.23703344643722	97.23703344643722	100.0	99.85458070770721	94.23170140571983	99.90305380513816	99.85458070770721	100.0	100.0	100.0	99.95152690256907	100.0	99.85458070770721	100.0	100.0	100.0	96.84924866698982	99.85458070770721	97.33397964129908	100.0	99.61221522055259	99.90305380513816	97.14008725157538	100.0	100.0	100.0	99.95152690256907	100.0	100.0	100.0	100.0	100.0	100.0	99.95152690256907	94.47406689287445	93.9893359185652	96.50993698497334	99.85458070770721	99.32137663596704	99.95152690256907	100.0	99.51526902569074	99.75763451284537	97.91565681047018	99.95152690256907	99.95152690256907	99.85458070770721	99.36984973339797	99.90305380513816	96.9946679592826	96.50993698497334	99.90305380513816	96.36451769268056	99.61221522055259	92.05041202132817	100.0	99.85458070770721	99.90305380513816	99.95152690256907	100.0	99.95152690256907	99.95152690256907	99.95152690256907	99.8061076102763	99.32137663596704	99.41832283082888	99.90305380513816	99.85458070770721	99.95152690256907	99.95152690256907	99.85458070770721	99.85458070770721	99.95152690256907	97.14008725157538	99.56374212312167	99.95152690256907	99.95152690256907	99.95152690256907	99.22443044110518	99.95152690256907	99.90305380513816	97.14008725157538	99.90305380513816	99.61221522055259	99.90305380513816	99.95152690256907	88.80271449345614	99.95152690256907	99.95152690256907	99.8061076102763	99.95152690256907	99.95152690256907	99.90305380513816	99.95152690256907	99.90305380513816	99.95152690256907	100.0	99.90305380513816	99.90305380513816	99.8061076102763	99.95152690256907	99.95152690256907	99.36984973339797	99.85458070770721	100.0	97.33397964129908	100.0	100.0	100.0	100.0	100.0	99.95152690256907	100.0	100.0	100.0	100.0	99.95152690256907	100.0	100.0	100.0	100.0	96.84924866698982	100.0	100.0	100.0	99.95152690256907	100.0	100.0	100.0	100.0	99.85458070770721	99.95152690256907	99.41832283082888	100.0	100.0	78.57489093553079	100.0	100.0	99.85458070770721	100.0	99.95152690256907	99.90305380513816	99.90305380513816	100.0	100.0	100.0	100.0	99.95152690256907	98.88511875908871	99.32137663596704	100.0	100.0	99.85458070770721	99.85458070770721	100.0	99.90305380513816	100.0	99.70916141541444	97.23703344643722	99.85458070770721	96.75230247212797	99.90305380513816	99.8061076102763	99.12748424624334	99.95152690256907	100.0	99.90305380513816	100.0	100.0	99.8061076102763	99.95152690256907	99.51526902569074	100.0	100.0	99.70916141541444	100.0	99.8061076102763	100.0	100.0	99.75763451284537	99.07901114881241	99.95152690256907	99.56374212312167	99.8061076102763	99.75763451284537	99.95152690256907	100.0	99.90305380513816	100.0	100.0	100.0	99.95152690256907	98.54580707707223	99.95152690256907	99.95152690256907	100.0	99.95152690256907	100.0	99.56374212312167	99.66068831798351	99.90305380513816	99.85458070770721	99.66068831798351	100.0	99.66068831798351	99.66068831798351	99.95152690256907	99.95152690256907	99.75763451284537	99.90305380513816	99.8061076102763	99.95152690256907	99.36984973339797	99.90305380513816	99.90305380513816	100.0	99.95152690256907	99.90305380513816	100.0	99.70916141541444	99.95152690256907	99.95152690256907	100.0	100.0	99.27290353853611	100.0	96.55841008240427	97.18856034900631	100.0	99.46679592825983	99.90305380513816	100.0	99.95152690256907	99.95152690256907	100.0	100.0	99.12748424624334	100.0	100.0	100.0	100.0	99.95152690256907	94.9587978671837	100.0	100.0	99.90305380513816	99.85458070770721	100.0	99.56374212312167	99.90305380513816	99.32137663596704	100.0	99.8061076102763	97.14008725157538	100.0	100.0	99.90305380513816	99.85458070770721	99.41832283082888	98.93359185651963	100.0	99.27290353853611	99.90305380513816	91.7595734367426	99.8061076102763	100.0	99.95152690256907	99.8061076102763	100.0	100.0	99.95152690256907	99.85458070770721	99.95152690256907	100.0	99.95152690256907	99.75763451284537	99.95152690256907	99.90305380513816	99.8061076102763	99.66068831798351	99.90305380513816	99.90305380513816	99.90305380513816	99.85458070770721	99.17595734367426	99.90305380513816	100.0	99.90305380513816	99.90305380513816	98.1095492001939	99.85458070770721	99.90305380513816	100.0	100.0	99.8061076102763	99.70916141541444	98.98206495395056	100.0	100.0	99.8061076102763	100.0	99.8061076102763	99.90305380513816	94.61948618516723	96.26757149781872	99.70916141541444	99.95152690256907	99.95152690256907	99.95152690256907	99.90305380513816	99.90305380513816	99.95152690256907	99.75763451284537	99.95152690256907	99.95152690256907	97.23703344643722	100.0	100.0	99.90305380513816	99.75763451284537	99.90305380513816	99.66068831798351	99.85458070770721	100.0	100.0
